BEGIN_YEARMONTH,BEGIN_DAY,BEGIN_TIME,END_YEARMONTH,END_DAY,END_TIME,EPISODE_ID,EVENT_ID,STATE,STATE_FIPS,YEAR,MONTH_NAME,EVENT_TYPE,CZ_TYPE,CZ_FIPS,CZ_NAME,WFO,BEGIN_DATE_TIME,CZ_TIMEZONE,END_DATE_TIME,INJURIES_DIRECT,INJURIES_INDIRECT,DEATHS_DIRECT,DEATHS_INDIRECT,DAMAGE_PROPERTY,DAMAGE_CROPS,SOURCE,MAGNITUDE,MAGNITUDE_TYPE,FLOOD_CAUSE,CATEGORY,TOR_F_SCALE,TOR_LENGTH,TOR_WIDTH,TOR_OTHER_WFO,TOR_OTHER_CZ_STATE,TOR_OTHER_CZ_FIPS,TOR_OTHER_CZ_NAME,BEGIN_RANGE,BEGIN_AZIMUTH,BEGIN_LOCATION,END_RANGE,END_AZIMUTH,END_LOCATION,BEGIN_LAT,BEGIN_LON,END_LAT,END_LON,EPISODE_NARRATIVE,EVENT_NARRATIVE,DATA_SOURCE
202604,15,1933,202604,15,2200,212207,1330631,WISCONSIN,55,2026,April,Flash Flood,C,133,WAUKESHA,MKX,15-APR-26 19:33:00,CST-6,15-APR-26 22:00:00,0,0,0,0,10.00K,0.00K,Public,,,Heavy Rain,,,,,,,,,2.5,SSE,EDGEWOOD,2.16,NNW,BETHESDA,43.0369,-88.2797,43.0079,-88.2995,An organized area of low pressure tracked along a stationary over the region and brought lines and clusters of strong thunderstorms and heavy rainfall to southern WI. Flash flooding occurred in spots from Rock County to the Milwaukee area. One storm produced a tornado in Walworth county with a brief path.,"Flash flooding of streets in many locations throughout Waukesha and extending into Brookfield. Farther to the south, Artesian Ave. was flooded and closed.",CSV
202604,15,1936,202604,15,2200,212207,1330632,WISCONSIN,55,2026,April,Flash Flood,C,79,MILWAUKEE,MKX,15-APR-26 19:36:00,CST-6,15-APR-26 22:00:00,0,0,0,0,25.00K,0.00K,Public,,,Heavy Rain,,,,,,,,,.9,ESE,WAUWATOSA,.9,ENE,MITCHELL PARK DOMES,43.0443,-87.934,43.034,-87.933,An organized area of low pressure tracked along a stationary over the region and brought lines and clusters of strong thunderstorms and heavy rainfall to southern WI. Flash flooding occurred in spots from Rock County to the Milwaukee area. One storm produced a tornado in Walworth county with a brief path.,Social media pictures and videos of cars stuck in flooded roads in downtown Milwaukee. DOT cameras show a few locations with cars stuck in water at highway underpasses.,CSV
202601,16,1800,202601,17,200,208948,1301393,WISCONSIN,55,2026,January,Winter Weather,Z,58,DODGE,MKX,16-JAN-26 18:00:00,CST-6,17-JAN-26 02:00:00,0,0,0,0,0.00K,0.00K,CoCoRaHS,,,,,,,,,,,,,,,,,,,,,,A narrow but heavy band of snow focused along the Interstate 94 corridor between the cities of Madison and Milwaukee on the evening of January 16. Periods of 0.5 to 1.0+ inch per hour snowfall rates within the snow band resulted in generally 2 to 5 inches of accumulation in locations impacted by the snow band. A few locally higher totals approaching 6 inches were reported in western portions of Milwaukee County.,Generally 1 to 2 inches of snow accumulation focusing over the southern half of the county. Locally higher totals between 3 and 4 inches over extreme southern parts of the county. Highest accumulation of 4.0 inches observed in Watertown.,CSV
202601,16,1800,202601,17,200,208948,1301394,WISCONSIN,55,2026,January,Winter Weather,Z,64,JEFFERSON,MKX,16-JAN-26 18:00:00,CST-6,17-JAN-26 02:00:00,0,0,0,0,0.00K,0.00K,Official NWS Observations,,,,,,,,,,,,,,,,,,,,,,A narrow but heavy band of snow focused along the Interstate 94 corridor between the cities of Madison and Milwaukee on the evening of January 16. Periods of 0.5 to 1.0+ inch per hour snowfall rates within the snow band resulted in generally 2 to 5 inches of accumulation in locations impacted by the snow band. A few locally higher totals approaching 6 inches were reported in western portions of Milwaukee County.,"Generally 2 to 4 inches of accumulation observed countywide, with locally higher totals. Highest accumulation of 4.3 inches observed at NWS Milwaukee/Sullivan.",CSV
202601,16,2300,202601,17,300,208948,1301395,WISCONSIN,55,2026,January,Winter Weather,Z,66,MILWAUKEE,MKX,16-JAN-26 23:00:00,CST-6,17-JAN-26 03:00:00,0,0,0,0,0.00K,0.00K,CoCoRaHS,,,,,,,,,,,,,,,,,,,,,,A narrow but heavy band of snow focused along the Interstate 94 corridor between the cities of Madison and Milwaukee on the evening of January 16. Periods of 0.5 to 1.0+ inch per hour snowfall rates within the snow band resulted in generally 2 to 5 inches of accumulation in locations impacted by the snow band. A few locally higher totals approaching 6 inches were reported in western portions of Milwaukee County.,"Generally 2 to 4 inches of accumulation observed countywide, with locally higher totals over 5 inches in western portions of the county. Highest accumulation of 6.3 inches observed in Wauwatosa.",CSV
202601,16,1500,202601,17,400,208948,1301396,WISCONSIN,55,2026,January,Winter Weather,Z,56,SAUK,MKX,16-JAN-26 15:00:00,CST-6,17-JAN-26 04:00:00,0,0,0,0,0.00K,0.00K,CoCoRaHS,,,,,,,,,,,,,,,,,,,,,,A narrow but heavy band of snow focused along the Interstate 94 corridor between the cities of Madison and Milwaukee on the evening of January 16. Periods of 0.5 to 1.0+ inch per hour snowfall rates within the snow band resulted in generally 2 to 5 inches of accumulation in locations impacted by the snow band. A few locally higher totals approaching 6 inches were reported in western portions of Milwaukee County.,"Generally 1 to 3 inches of snow accumulation observed countywide, with greatest totals over the southern half of the county. Highest accumulation of 3.0 inches observed in Hillpoint.",CSV
202601,16,1900,202601,17,300,208948,1301397,WISCONSIN,55,2026,January,Winter Weather,Z,59,WASHINGTON,MKX,16-JAN-26 19:00:00,CST-6,17-JAN-26 03:00:00,0,0,0,0,0.00K,0.00K,CoCoRaHS,,,,,,,,,,,,,,,,,,,,,,A narrow but heavy band of snow focused along the Interstate 94 corridor between the cities of Madison and Milwaukee on the evening of January 16. Periods of 0.5 to 1.0+ inch per hour snowfall rates within the snow band resulted in generally 2 to 5 inches of accumulation in locations impacted by the snow band. A few locally higher totals approaching 6 inches were reported in western portions of Milwaukee County.,Generally 1 to 3 inches of snow accumulation observed over the southern two-thirds of the county. Highest accumulation of 3.1 inches observed in Hartford.,CSV
202601,16,1900,202601,17,300,208948,1301398,WISCONSIN,55,2026,January,Winter Weather,Z,65,WAUKESHA,MKX,16-JAN-26 19:00:00,CST-6,17-JAN-26 03:00:00,0,0,0,0,0.00K,0.00K,CoCoRaHS,,,,,,,,,,,,,,,,,,,,,,A narrow but heavy band of snow focused along the Interstate 94 corridor between the cities of Madison and Milwaukee on the evening of January 16. Periods of 0.5 to 1.0+ inch per hour snowfall rates within the snow band resulted in generally 2 to 5 inches of accumulation in locations impacted by the snow band. A few locally higher totals approaching 6 inches were reported in western portions of Milwaukee County.,"Generally 2 to 3 inches of snow accumulation observed countywide, with locally higher totals. Greatest accumulation of 3.9 inches observed in New Berlin.",CSV
202601,20,2200,202601,21,600,209117,1302768,WISCONSIN,55,2026,January,Winter Weather,Z,63,DANE,MKX,20-JAN-26 22:00:00,CST-6,21-JAN-26 06:00:00,0,0,0,0,0.00K,0.00K,CoCoRaHS,,,,,,,,,,,,,,,,,,,,,,"An area of light to moderate snow developed over parts of southern Wisconsin from the late evening hours of January 20 into the early morning hours of January 21. Snow brought generally 2 to 3 inches of accumulation to locations along and south of the Interstate 94 and US-18 corridors. Locally higher totals to 4 inches occurred in far southwestern Wisconsin. While snow had concluded, slippery roads continued into the morning commute on January 21.","Generally 1.5 to 2 inches of snow accumulation observed countywide, with highest totals over the southern half of the county. Highest accumulation of 2 inches observed in Mount Horeb.",CSV
202601,20,2200,202601,21,600,209117,1302769,WISCONSIN,55,2026,January,Winter Weather,Z,68,GREEN,MKX,20-JAN-26 22:00:00,CST-6,21-JAN-26 06:00:00,0,0,0,0,0.00K,0.00K,CoCoRaHS,,,,,,,,,,,,,,,,,,,,,,"An area of light to moderate snow developed over parts of southern Wisconsin from the late evening hours of January 20 into the early morning hours of January 21. Snow brought generally 2 to 3 inches of accumulation to locations along and south of the Interstate 94 and US-18 corridors. Locally higher totals to 4 inches occurred in far southwestern Wisconsin. While snow had concluded, slippery roads continued into the morning commute on January 21.",Generally 2 to 3 inches of snow accumulation observed countywide. Highest accumulation of 2.8 inches observed in Monroe.,CSV
202601,20,2130,202601,21,400,209117,1302770,WISCONSIN,55,2026,January,Winter Weather,Z,62,IOWA,MKX,20-JAN-26 21:30:00,CST-6,21-JAN-26 04:00:00,0,0,0,0,0.00K,0.00K,CoCoRaHS,,,,,,,,,,,,,,,,,,,,,,"An area of light to moderate snow developed over parts of southern Wisconsin from the late evening hours of January 20 into the early morning hours of January 21. Snow brought generally 2 to 3 inches of accumulation to locations along and south of the Interstate 94 and US-18 corridors. Locally higher totals to 4 inches occurred in far southwestern Wisconsin. While snow had concluded, slippery roads continued into the morning commute on January 21.",Generally 1 to 2 inches of accumulation observed countywide. Highest total of 1.8 inches observed in Dodgeville.,CSV
202601,20,2300,202601,21,600,209117,1302771,WISCONSIN,55,2026,January,Winter Weather,Z,64,JEFFERSON,MKX,20-JAN-26 23:00:00,CST-6,21-JAN-26 06:00:00,0,0,0,0,0.00K,0.00K,CoCoRaHS,,,,,,,,,,,,,,,,,,,,,,"An area of light to moderate snow developed over parts of southern Wisconsin from the late evening hours of January 20 into the early morning hours of January 21. Snow brought generally 2 to 3 inches of accumulation to locations along and south of the Interstate 94 and US-18 corridors. Locally higher totals to 4 inches occurred in far southwestern Wisconsin. While snow had concluded, slippery roads continued into the morning commute on January 21.","Generally 1 to 2 inches of snow observed countywide, with highest totals over the southern half of the county. Highest accumulation of 1.8 inches observed in Palmyra.",CSV
202601,20,2100,202601,21,400,209117,1302772,WISCONSIN,55,2026,January,Winter Weather,Z,67,LAFAYETTE,MKX,20-JAN-26 21:00:00,CST-6,21-JAN-26 04:00:00,0,0,0,0,0.00K,0.00K,CoCoRaHS,,,,,,,,,,,,,,,,,,,,,,"An area of light to moderate snow developed over parts of southern Wisconsin from the late evening hours of January 20 into the early morning hours of January 21. Snow brought generally 2 to 3 inches of accumulation to locations along and south of the Interstate 94 and US-18 corridors. Locally higher totals to 4 inches occurred in far southwestern Wisconsin. While snow had concluded, slippery roads continued into the morning commute on January 21.","Generally 2 to 3 inches of snow accumulation observed countywide, with locally higher totals to 4 inches near the Wisconsin-Illinois border. Highest accumulation of 4 inches observed in Gratiot.",CSV
202601,20,2300,202601,21,600,209117,1302773,WISCONSIN,55,2026,January,Winter Weather,Z,71,RACINE,MKX,20-JAN-26 23:00:00,CST-6,21-JAN-26 06:00:00,0,0,0,0,0.00K,0.00K,CoCoRaHS,,,,,,,,,,,,,,,,,,,,,,"An area of light to moderate snow developed over parts of southern Wisconsin from the late evening hours of January 20 into the early morning hours of January 21. Snow brought generally 2 to 3 inches of accumulation to locations along and south of the Interstate 94 and US-18 corridors. Locally higher totals to 4 inches occurred in far southwestern Wisconsin. While snow had concluded, slippery roads continued into the morning commute on January 21.",Generally 1 to 2 inches of snow accumulation observed countywide. Highest total of 1.8 inches observed in Browns Lake.,CSV
202601,20,2200,202601,21,500,209117,1302774,WISCONSIN,55,2026,January,Winter Weather,Z,69,ROCK,MKX,20-JAN-26 22:00:00,CST-6,21-JAN-26 05:00:00,0,0,0,0,0.00K,0.00K,CoCoRaHS,,,,,,,,,,,,,,,,,,,,,,"An area of light to moderate snow developed over parts of southern Wisconsin from the late evening hours of January 20 into the early morning hours of January 21. Snow brought generally 2 to 3 inches of accumulation to locations along and south of the Interstate 94 and US-18 corridors. Locally higher totals to 4 inches occurred in far southwestern Wisconsin. While snow had concluded, slippery roads continued into the morning commute on January 21.","Generally 2 to 3 inches of snow observed countywide, with locally higher totals. Highest accumulation of 3.2 inches observed in Janesville.",CSV
202601,20,2300,202601,21,600,209117,1302775,WISCONSIN,55,2026,January,Winter Weather,Z,70,WALWORTH,MKX,20-JAN-26 23:00:00,CST-6,21-JAN-26 06:00:00,0,0,0,0,0.00K,0.00K,CoCoRaHS,,,,,,,,,,,,,,,,,,,,,,"An area of light to moderate snow developed over parts of southern Wisconsin from the late evening hours of January 20 into the early morning hours of January 21. Snow brought generally 2 to 3 inches of accumulation to locations along and south of the Interstate 94 and US-18 corridors. Locally higher totals to 4 inches occurred in far southwestern Wisconsin. While snow had concluded, slippery roads continued into the morning commute on January 21.",Generally 1 to 2 inches of snow accumulation observed countywide. Highest total of 2 inches observed in Elkhorn.,CSV
202601,20,2300,202601,21,600,209117,1302777,WISCONSIN,55,2026,January,Winter Weather,Z,65,WAUKESHA,MKX,20-JAN-26 23:00:00,CST-6,21-JAN-26 06:00:00,0,0,0,0,0.00K,0.00K,CoCoRaHS,,,,,,,,,,,,,,,,,,,,,,"An area of light to moderate snow developed over parts of southern Wisconsin from the late evening hours of January 20 into the early morning hours of January 21. Snow brought generally 2 to 3 inches of accumulation to locations along and south of the Interstate 94 and US-18 corridors. Locally higher totals to 4 inches occurred in far southwestern Wisconsin. While snow had concluded, slippery roads continued into the morning commute on January 21.","Generally 1 to 2 inches of snow accumulation observed countywide, with locally higher totals. Greatest total of 2.2 inches observed in Eagle.",CSV
202601,21,1700,202601,21,2300,209120,1302779,WISCONSIN,55,2026,January,Winter Weather,Z,63,DANE,MKX,21-JAN-26 17:00:00,CST-6,21-JAN-26 23:00:00,0,0,0,0,0.00K,0.00K,CoCoRaHS,,,,,,,,,,,,,,,,,,,,,,"A narrow but heavy band of snow developed near the Wisconsin-Illinois border during the evening hours. Enhanced hourly snowfall rates within the snow band led to snow accumulations of 2 to 4 inches, with locally higher totals. Overlapping with the evening commute, the snowfall led to slippery road conditions. Winds became gusty after the snow ended, leading to blowing snow and reduced visibilities.",Between 2 to 4 inches of snow observed over far southern parts of the county. Highest total of 4 inches observed near Brooklyn.,CSV
202601,21,1700,202601,21,2300,209120,1302780,WISCONSIN,55,2026,January,Winter Weather,Z,68,GREEN,MKX,21-JAN-26 17:00:00,CST-6,21-JAN-26 23:00:00,0,0,0,0,0.00K,0.00K,CoCoRaHS,,,,,,,,,,,,,,,,,,,,,,"A narrow but heavy band of snow developed near the Wisconsin-Illinois border during the evening hours. Enhanced hourly snowfall rates within the snow band led to snow accumulations of 2 to 4 inches, with locally higher totals. Overlapping with the evening commute, the snowfall led to slippery road conditions. Winds became gusty after the snow ended, leading to blowing snow and reduced visibilities.",Between 2 to 4 inches of snow observed countywide. Highest total of 3.5 inches observed in New Glarus.,CSV
202601,14,430,202601,14,530,208947,1301378,WISCONSIN,55,2026,January,Winter Weather,Z,63,DANE,MKX,14-JAN-26 04:30:00,CST-6,14-JAN-26 05:30:00,0,0,0,0,0.00K,0.00K,Department of Highways,,,,,,,,,,,,,,,,,,,,,,"A strong Arctic cold front quickly moved across southern Wisconsin during the early morning hours, bringing a burst of moderate to heavy snow to the many locations along and east of Interstate 39. While snow accumulation was minimal, the brief moderate to heavy snowfall rates combined with gusty winds to significantly reduce visibilities. With high temperatures in the 50s the day prior, flash freezing of roadways also occurred. Significant morning commute impacts occurred as a result of the conditions, with numerous crashes reported on across the impacted area.",Snow accumulation generally an inch or less countywide; numerous reported crashes on roadways.,CSV
202601,14,400,202601,14,600,208947,1301379,WISCONSIN,55,2026,January,Winter Weather,Z,58,DODGE,MKX,14-JAN-26 04:00:00,CST-6,14-JAN-26 06:00:00,0,0,0,0,0.00K,0.00K,Department of Highways,,,,,,,,,,,,,,,,,,,,,,"A strong Arctic cold front quickly moved across southern Wisconsin during the early morning hours, bringing a burst of moderate to heavy snow to the many locations along and east of Interstate 39. While snow accumulation was minimal, the brief moderate to heavy snowfall rates combined with gusty winds to significantly reduce visibilities. With high temperatures in the 50s the day prior, flash freezing of roadways also occurred. Significant morning commute impacts occurred as a result of the conditions, with numerous crashes reported on across the impacted area.",Snow accumulation generally an inch or less countywide; numerous reported crashes on roadways.,CSV
202601,21,1500,202601,21,2000,209120,1302783,WISCONSIN,55,2026,January,Winter Weather,Z,62,IOWA,MKX,21-JAN-26 15:00:00,CST-6,21-JAN-26 20:00:00,0,0,0,0,0.00K,0.00K,CoCoRaHS,,,,,,,,,,,,,,,,,,,,,,"A narrow but heavy band of snow developed near the Wisconsin-Illinois border during the evening hours. Enhanced hourly snowfall rates within the snow band led to snow accumulations of 2 to 4 inches, with locally higher totals. Overlapping with the evening commute, the snowfall led to slippery road conditions. Winds became gusty after the snow ended, leading to blowing snow and reduced visibilities.","Between 1 to 3 inches of snow observed countywide, with locally higher totals over 4 inches. Highest accumulation of 4.5 inches observed in Dodgeville.",CSV
202601,21,1800,202601,22,0,209120,1302784,WISCONSIN,55,2026,January,Winter Weather,Z,72,KENOSHA,MKX,21-JAN-26 18:00:00,CST-6,22-JAN-26 00:00:00,0,0,0,0,0.00K,0.00K,CoCoRaHS,,,,,,,,,,,,,,,,,,,,,,"A narrow but heavy band of snow developed near the Wisconsin-Illinois border during the evening hours. Enhanced hourly snowfall rates within the snow band led to snow accumulations of 2 to 4 inches, with locally higher totals. Overlapping with the evening commute, the snowfall led to slippery road conditions. Winds became gusty after the snow ended, leading to blowing snow and reduced visibilities.","Between 2 to 4 inches of snow observed countywide, with locally higher totals. Highest accumulation of 4.2 inches observed in Kenosha.",CSV
202601,21,1600,202601,21,2200,209120,1302785,WISCONSIN,55,2026,January,Winter Weather,Z,67,LAFAYETTE,MKX,21-JAN-26 16:00:00,CST-6,21-JAN-26 22:00:00,0,0,0,0,0.00K,0.00K,CoCoRaHS,,,,,,,,,,,,,,,,,,,,,,"A narrow but heavy band of snow developed near the Wisconsin-Illinois border during the evening hours. Enhanced hourly snowfall rates within the snow band led to snow accumulations of 2 to 4 inches, with locally higher totals. Overlapping with the evening commute, the snowfall led to slippery road conditions. Winds became gusty after the snow ended, leading to blowing snow and reduced visibilities.","Between 1 to 2 inches of snow accumulation observed countywide, with locally higher totals. Greatest accumulation of 2.5 inches observed in Darlington.",CSV
202601,21,1800,202601,22,0,209120,1302786,WISCONSIN,55,2026,January,Winter Weather,Z,71,RACINE,MKX,21-JAN-26 18:00:00,CST-6,22-JAN-26 00:00:00,0,0,0,0,0.00K,0.00K,CoCoRaHS,,,,,,,,,,,,,,,,,,,,,,"A narrow but heavy band of snow developed near the Wisconsin-Illinois border during the evening hours. Enhanced hourly snowfall rates within the snow band led to snow accumulations of 2 to 4 inches, with locally higher totals. Overlapping with the evening commute, the snowfall led to slippery road conditions. Winds became gusty after the snow ended, leading to blowing snow and reduced visibilities.","Between 1 to 3 inches of snow observed countywide, with locally higher totals. Greatest accumulation of 3.1 inches observed in Burlington.",CSV
202601,21,1700,202601,21,2300,209120,1302790,WISCONSIN,55,2026,January,Winter Weather,Z,69,ROCK,MKX,21-JAN-26 17:00:00,CST-6,21-JAN-26 23:00:00,0,0,0,0,0.00K,0.00K,CoCoRaHS,,,,,,,,,,,,,,,,,,,,,,"A narrow but heavy band of snow developed near the Wisconsin-Illinois border during the evening hours. Enhanced hourly snowfall rates within the snow band led to snow accumulations of 2 to 4 inches, with locally higher totals. Overlapping with the evening commute, the snowfall led to slippery road conditions. Winds became gusty after the snow ended, leading to blowing snow and reduced visibilities.","Between 2 to 4 inches observed countywide, with locally higher totals. Greatest accumulation of 5.2 inches observed in Afton.",CSV
202601,14,300,202601,14,500,208947,1301380,WISCONSIN,55,2026,January,Winter Weather,Z,51,FOND DU LAC,MKX,14-JAN-26 03:00:00,CST-6,14-JAN-26 05:00:00,0,0,0,0,0.00K,0.00K,Department of Highways,,,,,,,,,,,,,,,,,,,,,,"A strong Arctic cold front quickly moved across southern Wisconsin during the early morning hours, bringing a burst of moderate to heavy snow to the many locations along and east of Interstate 39. While snow accumulation was minimal, the brief moderate to heavy snowfall rates combined with gusty winds to significantly reduce visibilities. With high temperatures in the 50s the day prior, flash freezing of roadways also occurred. Significant morning commute impacts occurred as a result of the conditions, with numerous crashes reported on across the impacted area.",Snow accumulation generally an inch or less countywide; numerous reported crashes on roadways.,CSV
202601,14,430,202601,14,600,208947,1301381,WISCONSIN,55,2026,January,Winter Weather,Z,64,JEFFERSON,MKX,14-JAN-26 04:30:00,CST-6,14-JAN-26 06:00:00,0,0,0,0,0.00K,0.00K,Department of Highways,,,,,,,,,,,,,,,,,,,,,,"A strong Arctic cold front quickly moved across southern Wisconsin during the early morning hours, bringing a burst of moderate to heavy snow to the many locations along and east of Interstate 39. While snow accumulation was minimal, the brief moderate to heavy snowfall rates combined with gusty winds to significantly reduce visibilities. With high temperatures in the 50s the day prior, flash freezing of roadways also occurred. Significant morning commute impacts occurred as a result of the conditions, with numerous crashes reported on across the impacted area.",Snow accumulation generally 1.5 inches or less countywide; numerous reported crashes on roadways.,CSV
202601,14,400,202601,14,600,208947,1301384,WISCONSIN,55,2026,January,Winter Weather,Z,60,OZAUKEE,MKX,14-JAN-26 04:00:00,CST-6,14-JAN-26 06:00:00,0,0,0,0,0.00K,0.00K,Department of Highways,,,,,,,,,,,,,,,,,,,,,,"A strong Arctic cold front quickly moved across southern Wisconsin during the early morning hours, bringing a burst of moderate to heavy snow to the many locations along and east of Interstate 39. While snow accumulation was minimal, the brief moderate to heavy snowfall rates combined with gusty winds to significantly reduce visibilities. With high temperatures in the 50s the day prior, flash freezing of roadways also occurred. Significant morning commute impacts occurred as a result of the conditions, with numerous crashes reported on across the impacted area.",Snow accumulation generally an inch or less countywide; numerous reported crashes on roadways.,CSV
202601,14,530,202601,14,700,208947,1301385,WISCONSIN,55,2026,January,Winter Weather,Z,69,ROCK,MKX,14-JAN-26 05:30:00,CST-6,14-JAN-26 07:00:00,0,0,0,0,0.00K,0.00K,Department of Highways,,,,,,,,,,,,,,,,,,,,,,"A strong Arctic cold front quickly moved across southern Wisconsin during the early morning hours, bringing a burst of moderate to heavy snow to the many locations along and east of Interstate 39. While snow accumulation was minimal, the brief moderate to heavy snowfall rates combined with gusty winds to significantly reduce visibilities. With high temperatures in the 50s the day prior, flash freezing of roadways also occurred. Significant morning commute impacts occurred as a result of the conditions, with numerous crashes reported on across the impacted area.",Snow accumulation generally an inch or less countywide; numerous reported crashes on roadways.,CSV
202601,21,1800,202601,22,0,209120,1302792,WISCONSIN,55,2026,January,Winter Weather,Z,70,WALWORTH,MKX,21-JAN-26 18:00:00,CST-6,22-JAN-26 00:00:00,0,0,0,0,0.00K,0.00K,CoCoRaHS,,,,,,,,,,,,,,,,,,,,,,"A narrow but heavy band of snow developed near the Wisconsin-Illinois border during the evening hours. Enhanced hourly snowfall rates within the snow band led to snow accumulations of 2 to 4 inches, with locally higher totals. Overlapping with the evening commute, the snowfall led to slippery road conditions. Winds became gusty after the snow ended, leading to blowing snow and reduced visibilities.",Between 2 to 4 inches of snow accumulation observed countywide. Greatest accumulation of 4 inches observed near Elkhorn.,CSV
202601,14,330,202601,14,530,208947,1301386,WISCONSIN,55,2026,January,Winter Weather,Z,52,SHEBOYGAN,MKX,14-JAN-26 03:30:00,CST-6,14-JAN-26 05:30:00,0,0,0,0,0.00K,0.00K,Department of Highways,,,,,,,,,,,,,,,,,,,,,,"A strong Arctic cold front quickly moved across southern Wisconsin during the early morning hours, bringing a burst of moderate to heavy snow to the many locations along and east of Interstate 39. While snow accumulation was minimal, the brief moderate to heavy snowfall rates combined with gusty winds to significantly reduce visibilities. With high temperatures in the 50s the day prior, flash freezing of roadways also occurred. Significant morning commute impacts occurred as a result of the conditions, with numerous crashes reported on across the impacted area.",Snow accumulation generally an inch or less countywide; numerous reported crashes on roadways.,CSV
202601,14,530,202601,14,700,208947,1301387,WISCONSIN,55,2026,January,Winter Weather,Z,70,WALWORTH,MKX,14-JAN-26 05:30:00,CST-6,14-JAN-26 07:00:00,0,0,0,0,0.00K,0.00K,Department of Highways,,,,,,,,,,,,,,,,,,,,,,"A strong Arctic cold front quickly moved across southern Wisconsin during the early morning hours, bringing a burst of moderate to heavy snow to the many locations along and east of Interstate 39. While snow accumulation was minimal, the brief moderate to heavy snowfall rates combined with gusty winds to significantly reduce visibilities. With high temperatures in the 50s the day prior, flash freezing of roadways also occurred. Significant morning commute impacts occurred as a result of the conditions, with numerous crashes reported on across the impacted area.",Snow accumulation generally an inch or less countywide; numerous reported crashes on roadways.,CSV
202601,14,400,202601,14,600,208947,1301388,WISCONSIN,55,2026,January,Winter Weather,Z,59,WASHINGTON,MKX,14-JAN-26 04:00:00,CST-6,14-JAN-26 06:00:00,0,0,0,0,0.00K,0.00K,Department of Highways,,,,,,,,,,,,,,,,,,,,,,"A strong Arctic cold front quickly moved across southern Wisconsin during the early morning hours, bringing a burst of moderate to heavy snow to the many locations along and east of Interstate 39. While snow accumulation was minimal, the brief moderate to heavy snowfall rates combined with gusty winds to significantly reduce visibilities. With high temperatures in the 50s the day prior, flash freezing of roadways also occurred. Significant morning commute impacts occurred as a result of the conditions, with numerous crashes reported on across the impacted area.",Snow accumulation generally an inch or less countywide; numerous reported crashes on roadways.,CSV
202601,14,530,202601,14,900,208947,1301390,WISCONSIN,55,2026,January,Winter Weather,Z,71,RACINE,MKX,14-JAN-26 05:30:00,CST-6,14-JAN-26 09:00:00,0,0,0,0,0.00K,0.00K,ASOS,,,,,,,,,,,,,,,,,,,,,,"A strong Arctic cold front quickly moved across southern Wisconsin during the early morning hours, bringing a burst of moderate to heavy snow to the many locations along and east of Interstate 39. While snow accumulation was minimal, the brief moderate to heavy snowfall rates combined with gusty winds to significantly reduce visibilities. With high temperatures in the 50s the day prior, flash freezing of roadways also occurred. Significant morning commute impacts occurred as a result of the conditions, with numerous crashes reported on across the impacted area.",Generally 1.5 inches or less of snow accumulation countywide. Snow squall conditions confirmed based on visibility readings from the RAC ASOS. Numerous crashes countywide.,CSV
202601,10,600,202601,10,1100,208755,1300199,WISCONSIN,55,2026,January,Winter Weather,Z,58,DODGE,MKX,10-JAN-26 06:00:00,CST-6,10-JAN-26 11:00:00,0,0,0,0,0.00K,0.00K,Trained Spotter,,,,,,,,,,,,,,,,,,,,,,An approaching cold front and strong upper wave of low pressure led to a quick swath of snow over southeast WI. 1-3 inches of snow accumulation led to slick roads and many vehicle slide-offs and accidents. Much of the snow accumulation occurred in a 2 hour period.,Snow accumulation of 1-2 inches.,CSV
202601,14,530,202601,14,900,208947,1301391,WISCONSIN,55,2026,January,Winter Weather,Z,72,KENOSHA,MKX,14-JAN-26 05:30:00,CST-6,14-JAN-26 09:00:00,0,0,0,0,0.00K,0.00K,ASOS,,,,,,,,,,,,,,,,,,,,,,"A strong Arctic cold front quickly moved across southern Wisconsin during the early morning hours, bringing a burst of moderate to heavy snow to the many locations along and east of Interstate 39. While snow accumulation was minimal, the brief moderate to heavy snowfall rates combined with gusty winds to significantly reduce visibilities. With high temperatures in the 50s the day prior, flash freezing of roadways also occurred. Significant morning commute impacts occurred as a result of the conditions, with numerous crashes reported on across the impacted area.",Generally 1.5 inches or less of snow accumulation countywide. Snow squall conditions confirmed based on visibility readings from the ENW ASOS. Numerous crashes countywide.,CSV
202601,10,600,202601,10,1100,208755,1300200,WISCONSIN,55,2026,January,Winter Weather,Z,64,JEFFERSON,MKX,10-JAN-26 06:00:00,CST-6,10-JAN-26 11:00:00,0,0,0,0,0.00K,0.00K,Trained Spotter,,,,,,,,,,,,,,,,,,,,,,An approaching cold front and strong upper wave of low pressure led to a quick swath of snow over southeast WI. 1-3 inches of snow accumulation led to slick roads and many vehicle slide-offs and accidents. Much of the snow accumulation occurred in a 2 hour period.,Snow accumulation of 1-2 inches.,CSV
202601,10,700,202601,10,1230,208755,1300201,WISCONSIN,55,2026,January,Winter Weather,Z,66,MILWAUKEE,MKX,10-JAN-26 07:00:00,CST-6,10-JAN-26 12:30:00,0,0,0,0,0.00K,0.00K,Trained Spotter,,,,,,,,,,,,,,,,,,,,,,An approaching cold front and strong upper wave of low pressure led to a quick swath of snow over southeast WI. 1-3 inches of snow accumulation led to slick roads and many vehicle slide-offs and accidents. Much of the snow accumulation occurred in a 2 hour period.,Snow accumulation of 1-2 inches.,CSV
202601,10,630,202601,10,1230,208755,1300202,WISCONSIN,55,2026,January,Winter Weather,Z,60,OZAUKEE,MKX,10-JAN-26 06:30:00,CST-6,10-JAN-26 12:30:00,0,0,0,0,0.00K,0.00K,Trained Spotter,,,,,,,,,,,,,,,,,,,,,,An approaching cold front and strong upper wave of low pressure led to a quick swath of snow over southeast WI. 1-3 inches of snow accumulation led to slick roads and many vehicle slide-offs and accidents. Much of the snow accumulation occurred in a 2 hour period.,Snow accumulation of 1-2 inches.,CSV
202601,10,700,202601,10,1200,208755,1300203,WISCONSIN,55,2026,January,Winter Weather,Z,71,RACINE,MKX,10-JAN-26 07:00:00,CST-6,10-JAN-26 12:00:00,0,0,0,0,0.00K,0.00K,Trained Spotter,,,,,,,,,,,,,,,,,,,,,,An approaching cold front and strong upper wave of low pressure led to a quick swath of snow over southeast WI. 1-3 inches of snow accumulation led to slick roads and many vehicle slide-offs and accidents. Much of the snow accumulation occurred in a 2 hour period.,Snow accumulation of 1-2 inches.,CSV
202601,10,600,202601,10,1230,208755,1300204,WISCONSIN,55,2026,January,Winter Weather,Z,52,SHEBOYGAN,MKX,10-JAN-26 06:00:00,CST-6,10-JAN-26 12:30:00,0,0,0,0,0.00K,0.00K,Trained Spotter,,,,,,,,,,,,,,,,,,,,,,An approaching cold front and strong upper wave of low pressure led to a quick swath of snow over southeast WI. 1-3 inches of snow accumulation led to slick roads and many vehicle slide-offs and accidents. Much of the snow accumulation occurred in a 2 hour period.,Snow accumulation of 1-2 inches.,CSV
202601,10,630,202601,10,1130,208755,1300205,WISCONSIN,55,2026,January,Winter Weather,Z,70,WALWORTH,MKX,10-JAN-26 06:30:00,CST-6,10-JAN-26 11:30:00,0,0,0,0,0.00K,0.00K,Trained Spotter,,,,,,,,,,,,,,,,,,,,,,An approaching cold front and strong upper wave of low pressure led to a quick swath of snow over southeast WI. 1-3 inches of snow accumulation led to slick roads and many vehicle slide-offs and accidents. Much of the snow accumulation occurred in a 2 hour period.,Snow accumulation of 1-2 inches.,CSV
202601,10,630,202601,10,1230,208755,1300206,WISCONSIN,55,2026,January,Winter Weather,Z,59,WASHINGTON,MKX,10-JAN-26 06:30:00,CST-6,10-JAN-26 12:30:00,0,0,0,0,0.00K,0.00K,Trained Spotter,,,,,,,,,,,,,,,,,,,,,,An approaching cold front and strong upper wave of low pressure led to a quick swath of snow over southeast WI. 1-3 inches of snow accumulation led to slick roads and many vehicle slide-offs and accidents. Much of the snow accumulation occurred in a 2 hour period.,Snow accumulation of 1-3 inches.,CSV
202601,10,800,202601,10,2100,208862,1300958,WISCONSIN,55,2026,January,Winter Storm,Z,22,DOOR,GRB,10-JAN-26 08:00:00,CST-6,10-JAN-26 21:00:00,0,0,0,0,0.00K,0.00K,Public,,,,,,,,,,,,,,,,,,,,,,"A clipper system brought a period of snow to northeast Wisconsin from mid morning through the early evening on Saturday (1/10) along with gusty northwest winds of 15 to 25 mph. Although much of the area saw a period without snowfall, northern Door County stayed in the moderate snow for much of the day.  Snowfall amounts of 6 to 8 inches were noted across northern Door County by Saturday (1/10) afternoon.  The highest snowfall amounts were 8 inches in Ellison Bay and 7.5 inches in Sister Bay.",The highest snowfall totals across Door County included 8 inches in Ellison Bay and 7.5 inches in Sister Bay.,CSV
202601,10,630,202601,10,1200,208755,1300207,WISCONSIN,55,2026,January,Winter Weather,Z,65,WAUKESHA,MKX,10-JAN-26 06:30:00,CST-6,10-JAN-26 12:00:00,0,0,0,0,0.00K,0.00K,Trained Spotter,,,,,,,,,,,,,,,,,,,,,,An approaching cold front and strong upper wave of low pressure led to a quick swath of snow over southeast WI. 1-3 inches of snow accumulation led to slick roads and many vehicle slide-offs and accidents. Much of the snow accumulation occurred in a 2 hour period.,Snow accumulation of 1-3 inches.,CSV
202601,14,400,202601,14,500,208947,1301377,WISCONSIN,55,2026,January,Winter Weather,Z,57,COLUMBIA,MKX,14-JAN-26 04:00:00,CST-6,14-JAN-26 05:00:00,0,0,0,0,0.00K,0.00K,Department of Highways,,,,,,,,,,,,,,,,,,,,,,"A strong Arctic cold front quickly moved across southern Wisconsin during the early morning hours, bringing a burst of moderate to heavy snow to the many locations along and east of Interstate 39. While snow accumulation was minimal, the brief moderate to heavy snowfall rates combined with gusty winds to significantly reduce visibilities. With high temperatures in the 50s the day prior, flash freezing of roadways also occurred. Significant morning commute impacts occurred as a result of the conditions, with numerous crashes reported on across the impacted area.",Snow accumulation generally an inch or less countywide; numerous reported crashes on roadways.,CSV
202601,14,500,202601,14,900,208947,1301383,WISCONSIN,55,2026,January,Winter Weather,Z,66,MILWAUKEE,MKX,14-JAN-26 05:00:00,CST-6,14-JAN-26 09:00:00,0,0,0,0,0.00K,0.00K,Department of Highways,,,,,,,,,,,,,,,,,,,,,,"A strong Arctic cold front quickly moved across southern Wisconsin during the early morning hours, bringing a burst of moderate to heavy snow to the many locations along and east of Interstate 39. While snow accumulation was minimal, the brief moderate to heavy snowfall rates combined with gusty winds to significantly reduce visibilities. With high temperatures in the 50s the day prior, flash freezing of roadways also occurred. Significant morning commute impacts occurred as a result of the conditions, with numerous crashes reported on across the impacted area.",Snow accumulation generally 1.5 inches or less countywide; numerous reported crashes on roadways. Travel impacts continued into the middle of the morning commute.,CSV
202601,14,500,202601,14,730,208947,1301389,WISCONSIN,55,2026,January,Winter Weather,Z,65,WAUKESHA,MKX,14-JAN-26 05:00:00,CST-6,14-JAN-26 07:30:00,0,0,0,0,0.00K,0.00K,Department of Highways,,,,,,,,,,,,,,,,,,,,,,"A strong Arctic cold front quickly moved across southern Wisconsin during the early morning hours, bringing a burst of moderate to heavy snow to the many locations along and east of Interstate 39. While snow accumulation was minimal, the brief moderate to heavy snowfall rates combined with gusty winds to significantly reduce visibilities. With high temperatures in the 50s the day prior, flash freezing of roadways also occurred. Significant morning commute impacts occurred as a result of the conditions, with numerous crashes reported on across the impacted area.",Snow accumulation generally 1.5 inches or less countywide; numerous reported crashes on roadways. Interstate 94 westbound in western part of county closed for a period of time due to one of the crashes.,CSV
202601,16,1700,202601,17,100,208948,1301392,WISCONSIN,55,2026,January,Winter Weather,Z,63,DANE,MKX,16-JAN-26 17:00:00,CST-6,17-JAN-26 01:00:00,0,0,0,0,0.00K,0.00K,CoCoRaHS,,,,,,,,,,,,,,,,,,,,,,A narrow but heavy band of snow focused along the Interstate 94 corridor between the cities of Madison and Milwaukee on the evening of January 16. Periods of 0.5 to 1.0+ inch per hour snowfall rates within the snow band resulted in generally 2 to 5 inches of accumulation in locations impacted by the snow band. A few locally higher totals approaching 6 inches were reported in western portions of Milwaukee County.,"Generally 2 to 4 inches of snow accumulation across the county, with the greatest totals in east-central portions of the county. Highest accumulation of 4 inches observed in Monona.",CSV
202601,23,0,202601,23,1300,209116,1302749,WISCONSIN,55,2026,January,Extreme Cold/Wind Chill,Z,63,DANE,MKX,23-JAN-26 00:00:00,CST-6,23-JAN-26 13:00:00,0,0,0,0,0.00K,0.00K,ASOS,,,,,,,,,,,,,,,,,,,,,,"Following an Arctic cold front passage on the afternoon of January 22, a bitterly cold air mass settled into southern Wisconsin and much of the Upper Midwest. Air temperatures in the single digits to teens below zero would reach southern Wisconsin by the morning of January 23, combining with brisk northwest winds to create widespread wind chills between 35 and 45 below. The conditions prompted Extreme Cold Warnings across all of southern Wisconsin, with most school districts canceling classes on January 23. The school cancellations extended all the way up to the university level, with both the University of Wisconsin-Madison and Marquette University among major colleges electing to close on January 23. Extreme cold conditions continued over portions of central and east-central Wisconsin into the morning of January 24.",Widespread wind chills between 35 and 40 below zero countywide. Coldest wind chill of 41 below observed at the Madison ASOS.,CSV
202601,23,0,202601,24,600,209116,1302750,WISCONSIN,55,2026,January,Extreme Cold/Wind Chill,Z,58,DODGE,MKX,23-JAN-26 00:00:00,CST-6,24-JAN-26 06:00:00,0,0,0,0,0.00K,0.00K,Mesonet,,,,,,,,,,,,,,,,,,,,,,"Following an Arctic cold front passage on the afternoon of January 22, a bitterly cold air mass settled into southern Wisconsin and much of the Upper Midwest. Air temperatures in the single digits to teens below zero would reach southern Wisconsin by the morning of January 23, combining with brisk northwest winds to create widespread wind chills between 35 and 45 below. The conditions prompted Extreme Cold Warnings across all of southern Wisconsin, with most school districts canceling classes on January 23. The school cancellations extended all the way up to the university level, with both the University of Wisconsin-Madison and Marquette University among major colleges electing to close on January 23. Extreme cold conditions continued over portions of central and east-central Wisconsin into the morning of January 24.","Widespread wind chills between 35 and 45 below zero countywide on the morning of 01/23, with widespread wind chills between 30 and 35 below observed countywide during the late overnight of 01/23 through the early morning of 01/24. Coldest wind chill of 43 below observed at Lost Lake on the morning of 01/23.",CSV
202601,23,0,202601,24,600,209116,1302751,WISCONSIN,55,2026,January,Extreme Cold/Wind Chill,Z,51,FOND DU LAC,MKX,23-JAN-26 00:00:00,CST-6,24-JAN-26 06:00:00,0,0,0,0,0.00K,0.00K,ASOS,,,,,,,,,,,,,,,,,,,,,,"Following an Arctic cold front passage on the afternoon of January 22, a bitterly cold air mass settled into southern Wisconsin and much of the Upper Midwest. Air temperatures in the single digits to teens below zero would reach southern Wisconsin by the morning of January 23, combining with brisk northwest winds to create widespread wind chills between 35 and 45 below. The conditions prompted Extreme Cold Warnings across all of southern Wisconsin, with most school districts canceling classes on January 23. The school cancellations extended all the way up to the university level, with both the University of Wisconsin-Madison and Marquette University among major colleges electing to close on January 23. Extreme cold conditions continued over portions of central and east-central Wisconsin into the morning of January 24.",Widespread wind chills between 35 and 45 below zero observed countywide through the morning of 01/23. Additional widespread wind chills between 30 and 35 below zero observed during the late overnight of 01/23 into the early morning of 01/24. Coldest wind chill of 46 below observed at the Fond du Lac ASOS on the morning of 01/23.,CSV
202601,23,0,202601,23,1300,209116,1302752,WISCONSIN,55,2026,January,Extreme Cold/Wind Chill,Z,68,GREEN,MKX,23-JAN-26 00:00:00,CST-6,23-JAN-26 13:00:00,0,0,0,0,0.00K,0.00K,AWOS,,,,,,,,,,,,,,,,,,,,,,"Following an Arctic cold front passage on the afternoon of January 22, a bitterly cold air mass settled into southern Wisconsin and much of the Upper Midwest. Air temperatures in the single digits to teens below zero would reach southern Wisconsin by the morning of January 23, combining with brisk northwest winds to create widespread wind chills between 35 and 45 below. The conditions prompted Extreme Cold Warnings across all of southern Wisconsin, with most school districts canceling classes on January 23. The school cancellations extended all the way up to the university level, with both the University of Wisconsin-Madison and Marquette University among major colleges electing to close on January 23. Extreme cold conditions continued over portions of central and east-central Wisconsin into the morning of January 24.",Widespread wind chills between 35 and 40 below zero observed countywide. Coldest wind chill of 40 below zero observed at the Monroe AWOS.,CSV
202601,23,0,202601,23,1300,209116,1302762,WISCONSIN,55,2026,January,Extreme Cold/Wind Chill,Z,69,ROCK,MKX,23-JAN-26 00:00:00,CST-6,23-JAN-26 13:00:00,0,0,0,0,0.00K,0.00K,ASOS,,,,,,,,,,,,,,,,,,,,,,"Following an Arctic cold front passage on the afternoon of January 22, a bitterly cold air mass settled into southern Wisconsin and much of the Upper Midwest. Air temperatures in the single digits to teens below zero would reach southern Wisconsin by the morning of January 23, combining with brisk northwest winds to create widespread wind chills between 35 and 45 below. The conditions prompted Extreme Cold Warnings across all of southern Wisconsin, with most school districts canceling classes on January 23. The school cancellations extended all the way up to the university level, with both the University of Wisconsin-Madison and Marquette University among major colleges electing to close on January 23. Extreme cold conditions continued over portions of central and east-central Wisconsin into the morning of January 24.",Widespread wind chills between 35 and 40 below zero observed countywide. Coldest wind chill of 40 below zero observed at the Janesville ASOS.,CSV
202601,23,0,202601,23,1300,209116,1302763,WISCONSIN,55,2026,January,Extreme Cold/Wind Chill,Z,56,SAUK,MKX,23-JAN-26 00:00:00,CST-6,23-JAN-26 13:00:00,0,0,0,0,0.00K,0.00K,AWOS,,,,,,,,,,,,,,,,,,,,,,"Following an Arctic cold front passage on the afternoon of January 22, a bitterly cold air mass settled into southern Wisconsin and much of the Upper Midwest. Air temperatures in the single digits to teens below zero would reach southern Wisconsin by the morning of January 23, combining with brisk northwest winds to create widespread wind chills between 35 and 45 below. The conditions prompted Extreme Cold Warnings across all of southern Wisconsin, with most school districts canceling classes on January 23. The school cancellations extended all the way up to the university level, with both the University of Wisconsin-Madison and Marquette University among major colleges electing to close on January 23. Extreme cold conditions continued over portions of central and east-central Wisconsin into the morning of January 24.","Widespread wind chills between 35 and 40 below zero observed countywide, with locally colder readings. Coldest wind chills of 41 below zero observed at the Wisconsin Dells-Baraboo Airport.",CSV
202601,23,0,202601,24,600,209116,1302753,WISCONSIN,55,2026,January,Extreme Cold/Wind Chill,Z,47,GREEN LAKE,MKX,23-JAN-26 00:00:00,CST-6,24-JAN-26 06:00:00,0,0,0,0,0.00K,0.00K,Mesonet,,,,,,,,,,,,,,,,,,,,,,"Following an Arctic cold front passage on the afternoon of January 22, a bitterly cold air mass settled into southern Wisconsin and much of the Upper Midwest. Air temperatures in the single digits to teens below zero would reach southern Wisconsin by the morning of January 23, combining with brisk northwest winds to create widespread wind chills between 35 and 45 below. The conditions prompted Extreme Cold Warnings across all of southern Wisconsin, with most school districts canceling classes on January 23. The school cancellations extended all the way up to the university level, with both the University of Wisconsin-Madison and Marquette University among major colleges electing to close on January 23. Extreme cold conditions continued over portions of central and east-central Wisconsin into the morning of January 24.","Widespread wind chills between 35 and 40 below zero observed through the morning of 01/23, with additional wind chills between 30 and 35 below zero observed from the late overnight of 01/23 through the early morning of 01/24. Coldest wind chill of 40 below zero observed on the morning of 01/23 in Brooklyn.",CSV
202601,23,0,202601,23,1300,209116,1302754,WISCONSIN,55,2026,January,Extreme Cold/Wind Chill,Z,62,IOWA,MKX,23-JAN-26 00:00:00,CST-6,23-JAN-26 13:00:00,0,0,0,0,0.00K,0.00K,Mesonet,,,,,,,,,,,,,,,,,,,,,,"Following an Arctic cold front passage on the afternoon of January 22, a bitterly cold air mass settled into southern Wisconsin and much of the Upper Midwest. Air temperatures in the single digits to teens below zero would reach southern Wisconsin by the morning of January 23, combining with brisk northwest winds to create widespread wind chills between 35 and 45 below. The conditions prompted Extreme Cold Warnings across all of southern Wisconsin, with most school districts canceling classes on January 23. The school cancellations extended all the way up to the university level, with both the University of Wisconsin-Madison and Marquette University among major colleges electing to close on January 23. Extreme cold conditions continued over portions of central and east-central Wisconsin into the morning of January 24.","Widespread wind chills between 35 and 40 below zero observed countywide, with locally lower readings. Coldest wind chill of 44 below zero observed in Brigham.",CSV
202601,23,0,202601,24,600,209116,1302764,WISCONSIN,55,2026,January,Extreme Cold/Wind Chill,Z,52,SHEBOYGAN,MKX,23-JAN-26 00:00:00,CST-6,24-JAN-26 06:00:00,0,0,0,0,0.00K,0.00K,ASOS,,,,,,,,,,,,,,,,,,,,,,"Following an Arctic cold front passage on the afternoon of January 22, a bitterly cold air mass settled into southern Wisconsin and much of the Upper Midwest. Air temperatures in the single digits to teens below zero would reach southern Wisconsin by the morning of January 23, combining with brisk northwest winds to create widespread wind chills between 35 and 45 below. The conditions prompted Extreme Cold Warnings across all of southern Wisconsin, with most school districts canceling classes on January 23. The school cancellations extended all the way up to the university level, with both the University of Wisconsin-Madison and Marquette University among major colleges electing to close on January 23. Extreme cold conditions continued over portions of central and east-central Wisconsin into the morning of January 24.","Widespread wind chills between 35 and 45 below zero observed countywide on the morning of 01/23, with widespread wind chills between 30 and 35 below zero observed countywide during the late overnight of 01/23 through the early morning of 01/24. Coldest wind chill of 45 below zero observed at the Sheboygan County Airport on the morning of 01/23.",CSV
202601,23,0,202601,23,1300,209116,1302765,WISCONSIN,55,2026,January,Extreme Cold/Wind Chill,Z,70,WALWORTH,MKX,23-JAN-26 00:00:00,CST-6,23-JAN-26 13:00:00,0,0,0,0,0.00K,0.00K,AWOS,,,,,,,,,,,,,,,,,,,,,,"Following an Arctic cold front passage on the afternoon of January 22, a bitterly cold air mass settled into southern Wisconsin and much of the Upper Midwest. Air temperatures in the single digits to teens below zero would reach southern Wisconsin by the morning of January 23, combining with brisk northwest winds to create widespread wind chills between 35 and 45 below. The conditions prompted Extreme Cold Warnings across all of southern Wisconsin, with most school districts canceling classes on January 23. The school cancellations extended all the way up to the university level, with both the University of Wisconsin-Madison and Marquette University among major colleges electing to close on January 23. Extreme cold conditions continued over portions of central and east-central Wisconsin into the morning of January 24.","Widespread wind chills between 35 and 40 below zero observed countywide, with locally colder readings. Coldest wind chill of 42 below zero observed at the East Troy Airport.",CSV
202601,18,1500,202601,19,500,209126,1302912,WISCONSIN,55,2026,January,Winter Weather,Z,72,KENOSHA,MKX,18-JAN-26 15:00:00,CST-6,19-JAN-26 05:00:00,0,0,0,0,0.00K,0.00K,CoCoRaHS,,,,,,,,,,,,,,,,,,,,,,"Light snow moved across southern Wisconsin during the afternoon and evening hours of January 18, bringing accumulations generally between 0.5 and 1 inch, with some locally higher totals. While accumulation was light, the newly-fallen snow combined with increasing & gusty winds to result in reduced visibilities into the morning of January 19. The blowing snow and lowered visibilities brought some impacts to the morning commute on January 19.","Totals near 0.5 inches observed countywide, with locally higher totals. Greatest accumulation of 0.6 inches observed in Kenosha. Blowing snow and reduced visibilities continue following the end of snowfall, leading to lingering travel impacts.",CSV
202601,18,1300,202601,19,0,209126,1302914,WISCONSIN,55,2026,January,Winter Weather,Z,67,LAFAYETTE,MKX,18-JAN-26 13:00:00,CST-6,19-JAN-26 00:00:00,0,0,0,0,0.00K,0.00K,CoCoRaHS,,,,,,,,,,,,,,,,,,,,,,"Light snow moved across southern Wisconsin during the afternoon and evening hours of January 18, bringing accumulations generally between 0.5 and 1 inch, with some locally higher totals. While accumulation was light, the newly-fallen snow combined with increasing & gusty winds to result in reduced visibilities into the morning of January 19. The blowing snow and lowered visibilities brought some impacts to the morning commute on January 19.","Total accumulations near 0.5 inches observed countywide. Highest accumulation of 0.5 inches observed in Darlington. Blowing snow and reduced visibilities continue following the end of snowfall, leading to lingering travel impacts.",CSV
202601,18,1300,202601,19,0,209126,1302915,WISCONSIN,55,2026,January,Winter Weather,Z,46,MARQUETTE,MKX,18-JAN-26 13:00:00,CST-6,19-JAN-26 00:00:00,0,0,0,0,0.00K,0.00K,CoCoRaHS,,,,,,,,,,,,,,,,,,,,,,"Light snow moved across southern Wisconsin during the afternoon and evening hours of January 18, bringing accumulations generally between 0.5 and 1 inch, with some locally higher totals. While accumulation was light, the newly-fallen snow combined with increasing & gusty winds to result in reduced visibilities into the morning of January 19. The blowing snow and lowered visibilities brought some impacts to the morning commute on January 19.","Totals near 0.5 inches observed countywide. Highest accumulation of 0.5 inches observed near Montello. Blowing snow and reduced visibilities continue following the end of snowfall, leading to lingering travel impacts.",CSV
202601,18,1500,202601,19,500,209126,1302919,WISCONSIN,55,2026,January,Winter Weather,Z,66,MILWAUKEE,MKX,18-JAN-26 15:00:00,CST-6,19-JAN-26 05:00:00,0,0,0,0,0.00K,0.00K,CoCoRaHS,,,,,,,,,,,,,,,,,,,,,,"Light snow moved across southern Wisconsin during the afternoon and evening hours of January 18, bringing accumulations generally between 0.5 and 1 inch, with some locally higher totals. While accumulation was light, the newly-fallen snow combined with increasing & gusty winds to result in reduced visibilities into the morning of January 19. The blowing snow and lowered visibilities brought some impacts to the morning commute on January 19.","Total accumulations near 0.5 inches observed countywide, with locally higher totals. Greatest accumulation of 0.6 inches observed in Greenfield. Blowing snow and reduced visibilities continue following the end of snowfall, leading to lingering travel impacts.",CSV
202601,23,0,202601,23,1300,209116,1302755,WISCONSIN,55,2026,January,Extreme Cold/Wind Chill,Z,64,JEFFERSON,MKX,23-JAN-26 00:00:00,CST-6,23-JAN-26 13:00:00,0,0,0,0,0.00K,0.00K,AWOS,,,,,,,,,,,,,,,,,,,,,,"Following an Arctic cold front passage on the afternoon of January 22, a bitterly cold air mass settled into southern Wisconsin and much of the Upper Midwest. Air temperatures in the single digits to teens below zero would reach southern Wisconsin by the morning of January 23, combining with brisk northwest winds to create widespread wind chills between 35 and 45 below. The conditions prompted Extreme Cold Warnings across all of southern Wisconsin, with most school districts canceling classes on January 23. The school cancellations extended all the way up to the university level, with both the University of Wisconsin-Madison and Marquette University among major colleges electing to close on January 23. Extreme cold conditions continued over portions of central and east-central Wisconsin into the morning of January 24.",Widespread wind chills between 35 and 40 below zero observed countywide. Coldest wind chill of 40 below zero observed at the Watertown AWOS.,CSV
202601,23,0,202601,23,1300,209116,1302756,WISCONSIN,55,2026,January,Extreme Cold/Wind Chill,Z,72,KENOSHA,MKX,23-JAN-26 00:00:00,CST-6,23-JAN-26 13:00:00,0,0,0,0,0.00K,0.00K,Mesonet,,,,,,,,,,,,,,,,,,,,,,"Following an Arctic cold front passage on the afternoon of January 22, a bitterly cold air mass settled into southern Wisconsin and much of the Upper Midwest. Air temperatures in the single digits to teens below zero would reach southern Wisconsin by the morning of January 23, combining with brisk northwest winds to create widespread wind chills between 35 and 45 below. The conditions prompted Extreme Cold Warnings across all of southern Wisconsin, with most school districts canceling classes on January 23. The school cancellations extended all the way up to the university level, with both the University of Wisconsin-Madison and Marquette University among major colleges electing to close on January 23. Extreme cold conditions continued over portions of central and east-central Wisconsin into the morning of January 24.","Widespread wind chills between 35 and 40 below zero countywide, with locally colder readings. Coldest wind chill of 41 below zero observed in Pleasant Prairie.",CSV
202601,23,0,202601,23,1300,209116,1302757,WISCONSIN,55,2026,January,Extreme Cold/Wind Chill,Z,67,LAFAYETTE,MKX,23-JAN-26 00:00:00,CST-6,23-JAN-26 13:00:00,0,0,0,0,0.00K,0.00K,Mesonet,,,,,,,,,,,,,,,,,,,,,,"Following an Arctic cold front passage on the afternoon of January 22, a bitterly cold air mass settled into southern Wisconsin and much of the Upper Midwest. Air temperatures in the single digits to teens below zero would reach southern Wisconsin by the morning of January 23, combining with brisk northwest winds to create widespread wind chills between 35 and 45 below. The conditions prompted Extreme Cold Warnings across all of southern Wisconsin, with most school districts canceling classes on January 23. The school cancellations extended all the way up to the university level, with both the University of Wisconsin-Madison and Marquette University among major colleges electing to close on January 23. Extreme cold conditions continued over portions of central and east-central Wisconsin into the morning of January 24.","Widespread wind chills between 35 and 45 below zero countywide, with locally colder readings. Coldest wind chill of 46 below zero observed near Darlington.",CSV
202601,23,0,202601,24,600,209116,1302766,WISCONSIN,55,2026,January,Extreme Cold/Wind Chill,Z,59,WASHINGTON,MKX,23-JAN-26 00:00:00,CST-6,24-JAN-26 06:00:00,0,0,0,0,0.00K,0.00K,AWOS,,,,,,,,,,,,,,,,,,,,,,"Following an Arctic cold front passage on the afternoon of January 22, a bitterly cold air mass settled into southern Wisconsin and much of the Upper Midwest. Air temperatures in the single digits to teens below zero would reach southern Wisconsin by the morning of January 23, combining with brisk northwest winds to create widespread wind chills between 35 and 45 below. The conditions prompted Extreme Cold Warnings across all of southern Wisconsin, with most school districts canceling classes on January 23. The school cancellations extended all the way up to the university level, with both the University of Wisconsin-Madison and Marquette University among major colleges electing to close on January 23. Extreme cold conditions continued over portions of central and east-central Wisconsin into the morning of January 24.","Widespread wind chills between 35 and 40 below zero observed countywide on the morning of 01/23, with widespread wind chills between 30 and 35 below zero observed countywide during the late overnight of 01/23 through the early morning of 01/24. Coldest wind chill of 37 below zero observed at the West Bend Airport on the morning of 01/23.",CSV
202601,23,0,202601,23,1300,209116,1302767,WISCONSIN,55,2026,January,Extreme Cold/Wind Chill,Z,65,WAUKESHA,MKX,23-JAN-26 00:00:00,CST-6,23-JAN-26 13:00:00,0,0,0,0,0.00K,0.00K,AWOS,,,,,,,,,,,,,,,,,,,,,,"Following an Arctic cold front passage on the afternoon of January 22, a bitterly cold air mass settled into southern Wisconsin and much of the Upper Midwest. Air temperatures in the single digits to teens below zero would reach southern Wisconsin by the morning of January 23, combining with brisk northwest winds to create widespread wind chills between 35 and 45 below. The conditions prompted Extreme Cold Warnings across all of southern Wisconsin, with most school districts canceling classes on January 23. The school cancellations extended all the way up to the university level, with both the University of Wisconsin-Madison and Marquette University among major colleges electing to close on January 23. Extreme cold conditions continued over portions of central and east-central Wisconsin into the morning of January 24.","Widespread wind chills between 35 and 40 below observed countywide, with locally colder readings. Coldest wind chill of 43 below observed at the Waukesha County Airport.",CSV
202601,18,1500,202601,19,200,209126,1302921,WISCONSIN,55,2026,January,Winter Weather,Z,60,OZAUKEE,MKX,18-JAN-26 15:00:00,CST-6,19-JAN-26 02:00:00,0,0,0,0,0.00K,0.00K,CoCoRaHS,,,,,,,,,,,,,,,,,,,,,,"Light snow moved across southern Wisconsin during the afternoon and evening hours of January 18, bringing accumulations generally between 0.5 and 1 inch, with some locally higher totals. While accumulation was light, the newly-fallen snow combined with increasing & gusty winds to result in reduced visibilities into the morning of January 19. The blowing snow and lowered visibilities brought some impacts to the morning commute on January 19.","Snow accumulations near 0.5 inches observed countywide, with locally higher totals. Greatest accumulation of 0.8 inches observed near Port Washington. Blowing snow and reduced visibilities continue following the end of snowfall, leading to lingering travel impacts.",CSV
202601,18,1500,202601,19,500,209126,1302925,WISCONSIN,55,2026,January,Winter Weather,Z,71,RACINE,MKX,18-JAN-26 15:00:00,CST-6,19-JAN-26 05:00:00,0,0,0,0,0.00K,0.00K,CoCoRaHS,,,,,,,,,,,,,,,,,,,,,,"Light snow moved across southern Wisconsin during the afternoon and evening hours of January 18, bringing accumulations generally between 0.5 and 1 inch, with some locally higher totals. While accumulation was light, the newly-fallen snow combined with increasing & gusty winds to result in reduced visibilities into the morning of January 19. The blowing snow and lowered visibilities brought some impacts to the morning commute on January 19.","Totals near 0.5 inches observed countywide, with locally higher totals. Greatest accumulation of 1 inch observed in Rochester. Blowing snow and reduced visibilities continue following the end of snowfall, leading to lingering travel impacts.",CSV
202601,18,1400,202601,19,400,209126,1302929,WISCONSIN,55,2026,January,Winter Weather,Z,69,ROCK,MKX,18-JAN-26 14:00:00,CST-6,19-JAN-26 04:00:00,0,0,0,0,0.00K,0.00K,CoCoRaHS,,,,,,,,,,,,,,,,,,,,,,"Light snow moved across southern Wisconsin during the afternoon and evening hours of January 18, bringing accumulations generally between 0.5 and 1 inch, with some locally higher totals. While accumulation was light, the newly-fallen snow combined with increasing & gusty winds to result in reduced visibilities into the morning of January 19. The blowing snow and lowered visibilities brought some impacts to the morning commute on January 19.","Totals near 0.5 inches observed countywide, with locally higher totals. Greatest accumulation of 0.8 inches observed in Janesville. Blowing snow and reduced visibilities continue following the end of snowfall, leading to lingering travel impacts.",CSV
202601,18,1300,202601,19,0,209126,1302931,WISCONSIN,55,2026,January,Winter Weather,Z,56,SAUK,MKX,18-JAN-26 13:00:00,CST-6,19-JAN-26 00:00:00,0,0,0,0,0.00K,0.00K,CoCoRaHS,,,,,,,,,,,,,,,,,,,,,,"Light snow moved across southern Wisconsin during the afternoon and evening hours of January 18, bringing accumulations generally between 0.5 and 1 inch, with some locally higher totals. While accumulation was light, the newly-fallen snow combined with increasing & gusty winds to result in reduced visibilities into the morning of January 19. The blowing snow and lowered visibilities brought some impacts to the morning commute on January 19.","Totals near 0.5 inches countywide, with locally higher totals. Greatest accumulation of 0.8 inches observed near Wisconsin Dells. Blowing snow and reduced visibilities continue following the end of snowfall, leading to lingering travel impacts.",CSV
202601,23,0,202601,24,600,209116,1302758,WISCONSIN,55,2026,January,Extreme Cold/Wind Chill,Z,46,MARQUETTE,MKX,23-JAN-26 00:00:00,CST-6,24-JAN-26 06:00:00,0,0,0,0,0.00K,0.00K,Mesonet,,,,,,,,,,,,,,,,,,,,,,"Following an Arctic cold front passage on the afternoon of January 22, a bitterly cold air mass settled into southern Wisconsin and much of the Upper Midwest. Air temperatures in the single digits to teens below zero would reach southern Wisconsin by the morning of January 23, combining with brisk northwest winds to create widespread wind chills between 35 and 45 below. The conditions prompted Extreme Cold Warnings across all of southern Wisconsin, with most school districts canceling classes on January 23. The school cancellations extended all the way up to the university level, with both the University of Wisconsin-Madison and Marquette University among major colleges electing to close on January 23. Extreme cold conditions continued over portions of central and east-central Wisconsin into the morning of January 24.","Widespread wind chills between 35 and 40 below zero observed countywide on the morning of 01/23, with locally colder readings. Widespread wind chills of 30 and 35 below observed countywide during the late overnight of 01/23 into the early morning of 01/24. Coldest wind chill of 42 below zero observed in Montello on the morning of 01/23.",CSV
202601,23,0,202601,23,1300,209116,1302759,WISCONSIN,55,2026,January,Extreme Cold/Wind Chill,Z,66,MILWAUKEE,MKX,23-JAN-26 00:00:00,CST-6,23-JAN-26 13:00:00,0,0,0,0,0.00K,0.00K,ASOS,,,,,,,,,,,,,,,,,,,,,,"Following an Arctic cold front passage on the afternoon of January 22, a bitterly cold air mass settled into southern Wisconsin and much of the Upper Midwest. Air temperatures in the single digits to teens below zero would reach southern Wisconsin by the morning of January 23, combining with brisk northwest winds to create widespread wind chills between 35 and 45 below. The conditions prompted Extreme Cold Warnings across all of southern Wisconsin, with most school districts canceling classes on January 23. The school cancellations extended all the way up to the university level, with both the University of Wisconsin-Madison and Marquette University among major colleges electing to close on January 23. Extreme cold conditions continued over portions of central and east-central Wisconsin into the morning of January 24.","Widespread wind chills between 35 and 40 below observed countywide, with locally colder readings. Coldest wind chill of 42 below observed at the Milwaukee ASOS.",CSV
202601,18,1300,202601,19,0,209126,1302883,WISCONSIN,55,2026,January,Winter Weather,Z,57,COLUMBIA,MKX,18-JAN-26 13:00:00,CST-6,19-JAN-26 00:00:00,0,0,0,0,0.00K,0.00K,CoCoRaHS,,,,,,,,,,,,,,,,,,,,,,"Light snow moved across southern Wisconsin during the afternoon and evening hours of January 18, bringing accumulations generally between 0.5 and 1 inch, with some locally higher totals. While accumulation was light, the newly-fallen snow combined with increasing & gusty winds to result in reduced visibilities into the morning of January 19. The blowing snow and lowered visibilities brought some impacts to the morning commute on January 19.","Totals near 0.5 inches countywide, with locally higher totals. Highest accumulation of 0.6 inches observed near Portage. Blowing snow & reduced visibilities lead to lingering travel impacts after snow ends.",CSV
202601,18,1300,202601,19,100,209126,1302888,WISCONSIN,55,2026,January,Winter Weather,Z,63,DANE,MKX,18-JAN-26 13:00:00,CST-6,19-JAN-26 01:00:00,0,0,0,0,0.00K,0.00K,CoCoRaHS,,,,,,,,,,,,,,,,,,,,,,"Light snow moved across southern Wisconsin during the afternoon and evening hours of January 18, bringing accumulations generally between 0.5 and 1 inch, with some locally higher totals. While accumulation was light, the newly-fallen snow combined with increasing & gusty winds to result in reduced visibilities into the morning of January 19. The blowing snow and lowered visibilities brought some impacts to the morning commute on January 19.","Around 0.5 observed countywide, with locally higher totals. Highest total of 0.6 inches observed in Sun Prairie. Blowing snow and reduced visibilities continue following the end of snowfall, leading to lingering travel impacts.",CSV
202601,18,1400,202601,19,100,209126,1302891,WISCONSIN,55,2026,January,Winter Weather,Z,58,DODGE,MKX,18-JAN-26 14:00:00,CST-6,19-JAN-26 01:00:00,0,0,0,0,0.00K,0.00K,CoCoRaHS,,,,,,,,,,,,,,,,,,,,,,"Light snow moved across southern Wisconsin during the afternoon and evening hours of January 18, bringing accumulations generally between 0.5 and 1 inch, with some locally higher totals. While accumulation was light, the newly-fallen snow combined with increasing & gusty winds to result in reduced visibilities into the morning of January 19. The blowing snow and lowered visibilities brought some impacts to the morning commute on January 19.","Totals near 0.5 inches observed countywide, with locally higher totals. Highest accumulation of 0.7 inches observed in Horicon. Blowing snow and reduced visibilities continue following the end of snowfall, leading to lingering travel impacts.",CSV
202601,18,1400,202601,19,100,209126,1302892,WISCONSIN,55,2026,January,Winter Weather,Z,51,FOND DU LAC,MKX,18-JAN-26 14:00:00,CST-6,19-JAN-26 01:00:00,0,0,0,0,0.00K,0.00K,CoCoRaHS,,,,,,,,,,,,,,,,,,,,,,"Light snow moved across southern Wisconsin during the afternoon and evening hours of January 18, bringing accumulations generally between 0.5 and 1 inch, with some locally higher totals. While accumulation was light, the newly-fallen snow combined with increasing & gusty winds to result in reduced visibilities into the morning of January 19. The blowing snow and lowered visibilities brought some impacts to the morning commute on January 19.","Totals near 0.5 inches observed countywide, with locally higher totals. Highest accumulation of 0.6 inches observed in Fond du Lac. Blowing snow and reduced visibilities continue following the end of snowfall, leading to lingering travel impacts.",CSV
202601,18,1500,202601,19,200,209126,1302935,WISCONSIN,55,2026,January,Winter Weather,Z,52,SHEBOYGAN,MKX,18-JAN-26 15:00:00,CST-6,19-JAN-26 02:00:00,0,0,0,0,0.00K,0.00K,CoCoRaHS,,,,,,,,,,,,,,,,,,,,,,"Light snow moved across southern Wisconsin during the afternoon and evening hours of January 18, bringing accumulations generally between 0.5 and 1 inch, with some locally higher totals. While accumulation was light, the newly-fallen snow combined with increasing & gusty winds to result in reduced visibilities into the morning of January 19. The blowing snow and lowered visibilities brought some impacts to the morning commute on January 19.","Totals near 0.5 inches observed countywide, with locally higher totals. Greatest accumulation of 0.7 inches observed in Sheboygan. Blowing snow and reduced visibilities continue following the end of snowfall, leading to lingering travel impacts.",CSV
202601,18,1400,202601,19,400,209126,1302937,WISCONSIN,55,2026,January,Winter Weather,Z,70,WALWORTH,MKX,18-JAN-26 14:00:00,CST-6,19-JAN-26 04:00:00,0,0,0,0,0.00K,0.00K,CoCoRaHS,,,,,,,,,,,,,,,,,,,,,,"Light snow moved across southern Wisconsin during the afternoon and evening hours of January 18, bringing accumulations generally between 0.5 and 1 inch, with some locally higher totals. While accumulation was light, the newly-fallen snow combined with increasing & gusty winds to result in reduced visibilities into the morning of January 19. The blowing snow and lowered visibilities brought some impacts to the morning commute on January 19.","Totals between 0.5 and 0.75 inches observed countywide, with locally higher totals. Greatest accumulation of 1 inch observed in Fontana. Blowing snow and reduced visibilities continue following the end of snowfall, leading to lingering travel impacts.",CSV
202601,18,1400,202601,19,200,209126,1302938,WISCONSIN,55,2026,January,Winter Weather,Z,59,WASHINGTON,MKX,18-JAN-26 14:00:00,CST-6,19-JAN-26 02:00:00,0,0,0,0,0.00K,0.00K,CoCoRaHS,,,,,,,,,,,,,,,,,,,,,,"Light snow moved across southern Wisconsin during the afternoon and evening hours of January 18, bringing accumulations generally between 0.5 and 1 inch, with some locally higher totals. While accumulation was light, the newly-fallen snow combined with increasing & gusty winds to result in reduced visibilities into the morning of January 19. The blowing snow and lowered visibilities brought some impacts to the morning commute on January 19.","Totals between 0.5 and 0.75 inches observed countywide, with locally higher totals. Greatest accumulation of 1.3 inches observed in Hartford. Blowing snow and reduced visibilities continue following the end of snowfall, leading to lingering travel impacts.",CSV
202601,18,1400,202601,19,500,209126,1302941,WISCONSIN,55,2026,January,Winter Weather,Z,65,WAUKESHA,MKX,18-JAN-26 14:00:00,CST-6,19-JAN-26 05:00:00,0,0,0,0,0.00K,0.00K,CoCoRaHS,,,,,,,,,,,,,,,,,,,,,,"Light snow moved across southern Wisconsin during the afternoon and evening hours of January 18, bringing accumulations generally between 0.5 and 1 inch, with some locally higher totals. While accumulation was light, the newly-fallen snow combined with increasing & gusty winds to result in reduced visibilities into the morning of January 19. The blowing snow and lowered visibilities brought some impacts to the morning commute on January 19.","Totals between 0.5 and 0.75 inches observed countywide, with locally higher totals. Greatest accumulation of 1 inch observed in Oconomowoc. Blowing snow and reduced visibilities continue following the end of snowfall, leading to lingering travel impacts.",CSV
202601,23,0,202601,23,1300,209116,1302748,WISCONSIN,55,2026,January,Extreme Cold/Wind Chill,Z,57,COLUMBIA,MKX,23-JAN-26 00:00:00,CST-6,23-JAN-26 13:00:00,0,0,0,0,0.00K,0.00K,Mesonet,,,,,,,,,,,,,,,,,,,,,,"Following an Arctic cold front passage on the afternoon of January 22, a bitterly cold air mass settled into southern Wisconsin and much of the Upper Midwest. Air temperatures in the single digits to teens below zero would reach southern Wisconsin by the morning of January 23, combining with brisk northwest winds to create widespread wind chills between 35 and 45 below. The conditions prompted Extreme Cold Warnings across all of southern Wisconsin, with most school districts canceling classes on January 23. The school cancellations extended all the way up to the university level, with both the University of Wisconsin-Madison and Marquette University among major colleges electing to close on January 23. Extreme cold conditions continued over portions of central and east-central Wisconsin into the morning of January 24.",Widespread wind chills between 35 and 40 below zero countywide. Coldest wind chill of 41 below observed at the Pardeeville mesonet.,CSV
202601,23,0,202601,24,600,209116,1302760,WISCONSIN,55,2026,January,Extreme Cold/Wind Chill,Z,60,OZAUKEE,MKX,23-JAN-26 00:00:00,CST-6,24-JAN-26 06:00:00,0,0,0,0,0.00K,0.00K,Mesonet,,,,,,,,,,,,,,,,,,,,,,"Following an Arctic cold front passage on the afternoon of January 22, a bitterly cold air mass settled into southern Wisconsin and much of the Upper Midwest. Air temperatures in the single digits to teens below zero would reach southern Wisconsin by the morning of January 23, combining with brisk northwest winds to create widespread wind chills between 35 and 45 below. The conditions prompted Extreme Cold Warnings across all of southern Wisconsin, with most school districts canceling classes on January 23. The school cancellations extended all the way up to the university level, with both the University of Wisconsin-Madison and Marquette University among major colleges electing to close on January 23. Extreme cold conditions continued over portions of central and east-central Wisconsin into the morning of January 24.","Widespread wind chills between 30 and 35 below zero observed countywide on the morning of 01/23, with locally colder readings. Widespread readings between 30 and 35 below zero observed countywide during the late overnight of 01/23 and early morning of 01/24. Coldest wind chill of 36 below zero observed in Grafton on the morning of 01/23.",CSV
202601,23,0,202601,23,1300,209116,1302761,WISCONSIN,55,2026,January,Extreme Cold/Wind Chill,Z,71,RACINE,MKX,23-JAN-26 00:00:00,CST-6,23-JAN-26 13:00:00,0,0,0,0,0.00K,0.00K,ASOS,,,,,,,,,,,,,,,,,,,,,,"Following an Arctic cold front passage on the afternoon of January 22, a bitterly cold air mass settled into southern Wisconsin and much of the Upper Midwest. Air temperatures in the single digits to teens below zero would reach southern Wisconsin by the morning of January 23, combining with brisk northwest winds to create widespread wind chills between 35 and 45 below. The conditions prompted Extreme Cold Warnings across all of southern Wisconsin, with most school districts canceling classes on January 23. The school cancellations extended all the way up to the university level, with both the University of Wisconsin-Madison and Marquette University among major colleges electing to close on January 23. Extreme cold conditions continued over portions of central and east-central Wisconsin into the morning of January 24.","Widespread wind chills between 35 and 40 below observed countywide, with locally colder readings. Coldest wind chill of 42 below observed at the Racine ASOS.",CSV
202601,18,1300,202601,19,100,209126,1302896,WISCONSIN,55,2026,January,Winter Weather,Z,68,GREEN,MKX,18-JAN-26 13:00:00,CST-6,19-JAN-26 01:00:00,0,0,0,0,0.00K,0.00K,CoCoRaHS,,,,,,,,,,,,,,,,,,,,,,"Light snow moved across southern Wisconsin during the afternoon and evening hours of January 18, bringing accumulations generally between 0.5 and 1 inch, with some locally higher totals. While accumulation was light, the newly-fallen snow combined with increasing & gusty winds to result in reduced visibilities into the morning of January 19. The blowing snow and lowered visibilities brought some impacts to the morning commute on January 19.","Totals near 0.5 inches observed countywide. Highest accumulation of 0.5 inches observed in Blanchardville. Blowing snow and reduced visibilities continue following the end of snowfall, leading to lingering travel impacts.",CSV
202601,18,1300,202601,19,0,209126,1302901,WISCONSIN,55,2026,January,Winter Weather,Z,47,GREEN LAKE,MKX,18-JAN-26 13:00:00,CST-6,19-JAN-26 00:00:00,0,0,0,0,0.00K,0.00K,CoCoRaHS,,,,,,,,,,,,,,,,,,,,,,"Light snow moved across southern Wisconsin during the afternoon and evening hours of January 18, bringing accumulations generally between 0.5 and 1 inch, with some locally higher totals. While accumulation was light, the newly-fallen snow combined with increasing & gusty winds to result in reduced visibilities into the morning of January 19. The blowing snow and lowered visibilities brought some impacts to the morning commute on January 19.","Totals near 0.5 inches observed countywide. Highest snow accumulation of 0.5 inches observed in Green Lake. Blowing snow and reduced visibilities continue following the end of snowfall, leading to lingering travel impacts.",CSV
202601,18,1300,202601,19,0,209126,1302905,WISCONSIN,55,2026,January,Winter Weather,Z,62,IOWA,MKX,18-JAN-26 13:00:00,CST-6,19-JAN-26 00:00:00,0,0,0,0,0.00K,0.00K,CoCoRaHS,,,,,,,,,,,,,,,,,,,,,,"Light snow moved across southern Wisconsin during the afternoon and evening hours of January 18, bringing accumulations generally between 0.5 and 1 inch, with some locally higher totals. While accumulation was light, the newly-fallen snow combined with increasing & gusty winds to result in reduced visibilities into the morning of January 19. The blowing snow and lowered visibilities brought some impacts to the morning commute on January 19.","Totals near 0.5 inches observed countywide, with locally higher totals. Greatest snow accumulation of 0.9 inches observed in Dodgeville. Blowing snow and reduced visibilities continue following the end of snowfall, leading to lingering travel impacts.",CSV
202601,18,1400,202601,19,400,209126,1302909,WISCONSIN,55,2026,January,Winter Weather,Z,64,JEFFERSON,MKX,18-JAN-26 14:00:00,CST-6,19-JAN-26 04:00:00,0,0,0,0,0.00K,0.00K,CoCoRaHS,,,,,,,,,,,,,,,,,,,,,,"Light snow moved across southern Wisconsin during the afternoon and evening hours of January 18, bringing accumulations generally between 0.5 and 1 inch, with some locally higher totals. While accumulation was light, the newly-fallen snow combined with increasing & gusty winds to result in reduced visibilities into the morning of January 19. The blowing snow and lowered visibilities brought some impacts to the morning commute on January 19.","Total accumulations near 0.5 inches observed countywide. Highest accumulation of 0.5 inches observed in Jefferson. Blowing snow and reduced visibilities continue following the end of snowfall, leading to lingering travel impacts.",CSV
202601,1,0,202601,20,600,209637,1307051,WISCONSIN,55,2026,January,Drought,Z,20,MENOMINEE,GRB,01-JAN-26 00:00:00,CST-6,20-JAN-26 06:00:00,0,0,0,0,0.00K,,Drought Monitor,,,,,,,,,,,,,,,,,,,,,,Severe Drought (D2) continued into the New Year across portions of north-central and northeast Wisconsin. A strong storm brought copious amounts of rain and some snow on the 8th and 9th. Unusually high rainfall amounts for January between 1 and 2.25 inches were recorded in a band from Wisconsin Rapids northeast through Antigo and Shawano to Marinette and Wausaukee. The heavy rain and snow brought an end to the Severe Drought (D2) conditions across many counties by the 20th.,"Precipitation totals for the fall (Sep-Nov) were only 40-60% of normal. In January, a significant storm brought one to two inches of rain and a little snow to the county on the 8th into the 9th. The heavy precipitation brought an end to the Severe Drought (D2) on the January 20th Drought Monitor. For the month, precipitation totals were at least 150-200% of normal. By the end of the month, the entire county was designated in Moderate Drought (D1) due to long term precipitation deficits.",CSV
202601,1,0,202601,20,600,209637,1307065,WISCONSIN,55,2026,January,Drought,Z,21,NORTHERN OCONTO,GRB,01-JAN-26 00:00:00,CST-6,20-JAN-26 06:00:00,0,0,0,0,0.00K,,Drought Monitor,,,,,,,,,,,,,,,,,,,,,,Severe Drought (D2) continued into the New Year across portions of north-central and northeast Wisconsin. A strong storm brought copious amounts of rain and some snow on the 8th and 9th. Unusually high rainfall amounts for January between 1 and 2.25 inches were recorded in a band from Wisconsin Rapids northeast through Antigo and Shawano to Marinette and Wausaukee. The heavy rain and snow brought an end to the Severe Drought (D2) conditions across many counties by the 20th.,"Precipitation totals for the fall (Sep-Nov) at Suring were 56% of normal. In January, a significant storm brought one to two inches of rain and a little snow to the county on the 8th into the 9th. The heavy precipitation brought an end to the Severe Drought (D2) on the January 20th Drought Monitor. For the month, Suring recorded 2.61 inches of precipitation which was 195% of normal. By the end of the month, the northern half of the county was designated in Moderate Drought (D1) due to long term precipitation deficits.",CSV
202601,1,0,202601,20,600,209637,1307069,WISCONSIN,55,2026,January,Drought,Z,31,SHAWANO,GRB,01-JAN-26 00:00:00,CST-6,20-JAN-26 06:00:00,0,0,0,0,0.00K,,Drought Monitor,,,,,,,,,,,,,,,,,,,,,,Severe Drought (D2) continued into the New Year across portions of north-central and northeast Wisconsin. A strong storm brought copious amounts of rain and some snow on the 8th and 9th. Unusually high rainfall amounts for January between 1 and 2.25 inches were recorded in a band from Wisconsin Rapids northeast through Antigo and Shawano to Marinette and Wausaukee. The heavy rain and snow brought an end to the Severe Drought (D2) conditions across many counties by the 20th.,"Precipitation totals for the fall (Sep-Nov) at Shawano were 45% of normal. In January, a significant storm brought 1 to 2.25 inches of rain and a little snow to the county on the 8th into the 9th. The heavy precipitation brought an end to the Severe Drought (D2) on the January 20th Drought Monitor. For the month, Shawano recorded 2.46 inches of precipitation which was 189% of normal. By the end of the month, all but the far southwest portion of the county was designated in Moderate Drought (D1) with the remainder of the county in Abnormally Dry (D0) conditions due to long term precipitation deficits.",CSV
202601,22,2135,202601,24,0,208871,1301090,WISCONSIN,55,2026,January,Extreme Cold/Wind Chill,Z,19,LANGLADE,GRB,22-JAN-26 21:35:00,CST-6,24-JAN-26 00:00:00,0,0,0,0,0.00K,0.00K,AWOS,,,,,,,,,,,,,,,,,,,,,,"An arctic airmass brought very cold temperatures to the entire region Thursday evening (1/22) through Saturday morning (1/24).  Winds of 15 to 25 mph combined with low temperatures of 15 to 30 below zero brought wind chill values down to 30 to 55 below zero Thursday evening (1/22) through Friday morning (1/23). Temperatures did not warm much Friday afternoon, with daytime highs ranging from 5 to 15 below zero, offering little relief from the cold, with wind chill values at or near extreme cold criteria, even in the afternoon. Plummeting overnight temperatures Friday night (1/23) into Saturday morning (1/24) of 15 to near 40 below zero once again pushed wind chill values down to 30 to near 50 below zero. Temperatures had finally warmed to above extreme cold criteria late Saturday morning (1/24) but remained cold through the weekend.",The combination of cold temperatures and gusty winds caused wind chill values to fall to -35 to -54 degrees from Thursday evening (1/22) through early Saturday morning (1/24).,CSV
202601,22,2100,202601,24,930,208871,1301091,WISCONSIN,55,2026,January,Extreme Cold/Wind Chill,Z,30,MARATHON,GRB,22-JAN-26 21:00:00,CST-6,24-JAN-26 09:30:00,0,0,0,0,0.00K,0.00K,ASOS,,,,,,,,,,,,,,,,,,,,,,"An arctic airmass brought very cold temperatures to the entire region Thursday evening (1/22) through Saturday morning (1/24).  Winds of 15 to 25 mph combined with low temperatures of 15 to 30 below zero brought wind chill values down to 30 to 55 below zero Thursday evening (1/22) through Friday morning (1/23). Temperatures did not warm much Friday afternoon, with daytime highs ranging from 5 to 15 below zero, offering little relief from the cold, with wind chill values at or near extreme cold criteria, even in the afternoon. Plummeting overnight temperatures Friday night (1/23) into Saturday morning (1/24) of 15 to near 40 below zero once again pushed wind chill values down to 30 to near 50 below zero. Temperatures had finally warmed to above extreme cold criteria late Saturday morning (1/24) but remained cold through the weekend.",The combination of cold temperatures and gusty winds caused wind chill values to fall to -35 to -51 degrees from Thursday evening (1/22) through Saturday morning (1/24).,CSV
202601,22,2045,202601,24,900,208871,1301093,WISCONSIN,55,2026,January,Extreme Cold/Wind Chill,Z,35,WOOD,GRB,22-JAN-26 20:45:00,CST-6,24-JAN-26 09:00:00,0,0,0,0,0.00K,0.00K,ASOS,,,,,,,,,,,,,,,,,,,,,,"An arctic airmass brought very cold temperatures to the entire region Thursday evening (1/22) through Saturday morning (1/24).  Winds of 15 to 25 mph combined with low temperatures of 15 to 30 below zero brought wind chill values down to 30 to 55 below zero Thursday evening (1/22) through Friday morning (1/23). Temperatures did not warm much Friday afternoon, with daytime highs ranging from 5 to 15 below zero, offering little relief from the cold, with wind chill values at or near extreme cold criteria, even in the afternoon. Plummeting overnight temperatures Friday night (1/23) into Saturday morning (1/24) of 15 to near 40 below zero once again pushed wind chill values down to 30 to near 50 below zero. Temperatures had finally warmed to above extreme cold criteria late Saturday morning (1/24) but remained cold through the weekend.",The combination of cold temperatures and gusty winds caused wind chill values to fall to -35 to -51 degrees from Thursday evening (1/22) through Saturday morning (1/24).,CSV
202601,23,55,202601,24,200,208871,1301095,WISCONSIN,55,2026,January,Extreme Cold/Wind Chill,Z,36,PORTAGE,GRB,23-JAN-26 00:55:00,CST-6,24-JAN-26 02:00:00,0,0,0,0,0.00K,0.00K,AWOS,,,,,,,,,,,,,,,,,,,,,,"An arctic airmass brought very cold temperatures to the entire region Thursday evening (1/22) through Saturday morning (1/24).  Winds of 15 to 25 mph combined with low temperatures of 15 to 30 below zero brought wind chill values down to 30 to 55 below zero Thursday evening (1/22) through Friday morning (1/23). Temperatures did not warm much Friday afternoon, with daytime highs ranging from 5 to 15 below zero, offering little relief from the cold, with wind chill values at or near extreme cold criteria, even in the afternoon. Plummeting overnight temperatures Friday night (1/23) into Saturday morning (1/24) of 15 to near 40 below zero once again pushed wind chill values down to 30 to near 50 below zero. Temperatures had finally warmed to above extreme cold criteria late Saturday morning (1/24) but remained cold through the weekend.",The combination of cold temperatures and gusty winds caused wind chill values to fall to -35 to -43 degrees from early Friday morning (1/23) through early Saturday morning (1/24).,CSV
202601,22,2355,202601,24,800,208871,1301099,WISCONSIN,55,2026,January,Extreme Cold/Wind Chill,Z,20,MENOMINEE,GRB,22-JAN-26 23:55:00,CST-6,24-JAN-26 08:00:00,0,0,0,0,0.00K,0.00K,Official NWS Observations,,,,,,,,,,,,,,,,,,,,,,"An arctic airmass brought very cold temperatures to the entire region Thursday evening (1/22) through Saturday morning (1/24).  Winds of 15 to 25 mph combined with low temperatures of 15 to 30 below zero brought wind chill values down to 30 to 55 below zero Thursday evening (1/22) through Friday morning (1/23). Temperatures did not warm much Friday afternoon, with daytime highs ranging from 5 to 15 below zero, offering little relief from the cold, with wind chill values at or near extreme cold criteria, even in the afternoon. Plummeting overnight temperatures Friday night (1/23) into Saturday morning (1/24) of 15 to near 40 below zero once again pushed wind chill values down to 30 to near 50 below zero. Temperatures had finally warmed to above extreme cold criteria late Saturday morning (1/24) but remained cold through the weekend.",The combination of cold temperatures and gusty winds caused wind chill values to fall to -30 to -45 degrees from late Thursday evening (1/22) through Saturday morning (1/24).,CSV
202601,22,2355,202601,24,800,208871,1301103,WISCONSIN,55,2026,January,Extreme Cold/Wind Chill,Z,74,SOUTHERN OCONTO,GRB,22-JAN-26 23:55:00,CST-6,24-JAN-26 08:00:00,0,0,0,0,0.00K,0.00K,AWOS,,,,,,,,,,,,,,,,,,,,,,"An arctic airmass brought very cold temperatures to the entire region Thursday evening (1/22) through Saturday morning (1/24).  Winds of 15 to 25 mph combined with low temperatures of 15 to 30 below zero brought wind chill values down to 30 to 55 below zero Thursday evening (1/22) through Friday morning (1/23). Temperatures did not warm much Friday afternoon, with daytime highs ranging from 5 to 15 below zero, offering little relief from the cold, with wind chill values at or near extreme cold criteria, even in the afternoon. Plummeting overnight temperatures Friday night (1/23) into Saturday morning (1/24) of 15 to near 40 below zero once again pushed wind chill values down to 30 to near 50 below zero. Temperatures had finally warmed to above extreme cold criteria late Saturday morning (1/24) but remained cold through the weekend.",The combination of cold temperatures and gusty winds caused wind chill values to fall to -30 to -41 degrees from late Thursday evening (1/22) through Saturday morning (1/24).,CSV
202601,1,0,202601,13,600,209635,1307012,WISCONSIN,55,2026,January,Drought,Z,10,ONEIDA,GRB,01-JAN-26 00:00:00,CST-6,13-JAN-26 06:00:00,0,0,0,0,0.00K,,Drought Monitor,,,,,,,,,,,,,,,,,,,,,,Severe Drought (D2) continued into the New Year across portions of north-central and northeast Wisconsin. A strong storm brought copious amounts of rain and some snow on the 8th and 9th. Unusually high rainfall amounts for January between 1 and 2.25 inches were recorded in a band from Wisconsin Rapids northeast through Antigo and Shawano to Marinette and Wausaukee. The heavy rain and snow brought an end to the Severe Drought (D2) conditions across many counties by the 13th.,"Precipitation totals at Rhinelander for the fall (Sep-Nov) were only 57% of normal. In January, above normal  precipitation was reported for a second consecutive month (177% of normal). The above normal precipitation brought an end to the Severe Drought (D2) across the southeast quarter of the county on the January 13th Drought Monitor. By the end of the month, the southeast two-thirds of the county were designated in Moderate Drought (D1) with the remainder of the county in Abnormally Dry (D0) conditions due to long term precipitation deficits.",CSV
202601,22,2330,202601,24,800,208871,1301104,WISCONSIN,55,2026,January,Extreme Cold/Wind Chill,Z,73,SOUTHERN MARINETTE,GRB,22-JAN-26 23:30:00,CST-6,24-JAN-26 08:00:00,0,0,0,0,0.00K,0.00K,AWOS,,,,,,,,,,,,,,,,,,,,,,"An arctic airmass brought very cold temperatures to the entire region Thursday evening (1/22) through Saturday morning (1/24).  Winds of 15 to 25 mph combined with low temperatures of 15 to 30 below zero brought wind chill values down to 30 to 55 below zero Thursday evening (1/22) through Friday morning (1/23). Temperatures did not warm much Friday afternoon, with daytime highs ranging from 5 to 15 below zero, offering little relief from the cold, with wind chill values at or near extreme cold criteria, even in the afternoon. Plummeting overnight temperatures Friday night (1/23) into Saturday morning (1/24) of 15 to near 40 below zero once again pushed wind chill values down to 30 to near 50 below zero. Temperatures had finally warmed to above extreme cold criteria late Saturday morning (1/24) but remained cold through the weekend.",The combination of cold temperatures and gusty winds caused wind chill values to fall to -30 to -42 degrees from late Thursday evening (1/22) through Saturday morning (1/24).,CSV
202601,22,2355,202601,24,800,208871,1301107,WISCONSIN,55,2026,January,Extreme Cold/Wind Chill,Z,31,SHAWANO,GRB,22-JAN-26 23:55:00,CST-6,24-JAN-26 08:00:00,0,0,0,0,0.00K,0.00K,AWOS,,,,,,,,,,,,,,,,,,,,,,"An arctic airmass brought very cold temperatures to the entire region Thursday evening (1/22) through Saturday morning (1/24).  Winds of 15 to 25 mph combined with low temperatures of 15 to 30 below zero brought wind chill values down to 30 to 55 below zero Thursday evening (1/22) through Friday morning (1/23). Temperatures did not warm much Friday afternoon, with daytime highs ranging from 5 to 15 below zero, offering little relief from the cold, with wind chill values at or near extreme cold criteria, even in the afternoon. Plummeting overnight temperatures Friday night (1/23) into Saturday morning (1/24) of 15 to near 40 below zero once again pushed wind chill values down to 30 to near 50 below zero. Temperatures had finally warmed to above extreme cold criteria late Saturday morning (1/24) but remained cold through the weekend.",The combination of cold temperatures and gusty winds caused wind chill values to fall to -30 to -45 degrees from late Thursday evening (1/22) through Saturday morning (1/24).,CSV
202601,22,2255,202601,24,830,208871,1301109,WISCONSIN,55,2026,January,Extreme Cold/Wind Chill,Z,37,WAUPACA,GRB,22-JAN-26 22:55:00,CST-6,24-JAN-26 08:30:00,0,0,0,0,0.00K,0.00K,AWOS,,,,,,,,,,,,,,,,,,,,,,"An arctic airmass brought very cold temperatures to the entire region Thursday evening (1/22) through Saturday morning (1/24).  Winds of 15 to 25 mph combined with low temperatures of 15 to 30 below zero brought wind chill values down to 30 to 55 below zero Thursday evening (1/22) through Friday morning (1/23). Temperatures did not warm much Friday afternoon, with daytime highs ranging from 5 to 15 below zero, offering little relief from the cold, with wind chill values at or near extreme cold criteria, even in the afternoon. Plummeting overnight temperatures Friday night (1/23) into Saturday morning (1/24) of 15 to near 40 below zero once again pushed wind chill values down to 30 to near 50 below zero. Temperatures had finally warmed to above extreme cold criteria late Saturday morning (1/24) but remained cold through the weekend.",The combination of cold temperatures and gusty winds caused wind chill values to fall to -30 to -45 degrees from late Thursday evening (1/22) through Saturday morning (1/24).,CSV
202601,1,0,202601,13,600,209635,1307024,WISCONSIN,55,2026,January,Drought,Z,18,LINCOLN,GRB,01-JAN-26 00:00:00,CST-6,13-JAN-26 06:00:00,0,0,0,0,0.00K,,Drought Monitor,,,,,,,,,,,,,,,,,,,,,,Severe Drought (D2) continued into the New Year across portions of north-central and northeast Wisconsin. A strong storm brought copious amounts of rain and some snow on the 8th and 9th. Unusually high rainfall amounts for January between 1 and 2.25 inches were recorded in a band from Wisconsin Rapids northeast through Antigo and Shawano to Marinette and Wausaukee. The heavy rain and snow brought an end to the Severe Drought (D2) conditions across many counties by the 13th.,"Precipitation totals at Merrill for the fall (Sep-Nov) were only 50% of normal. In January, a significant storm brought nearly an inch of rain and a little snow to the county on the 8th into the 9th. The heavy precipitation brought an end to the Severe Drought (D2) across the eastern half of the county on the January 13th Drought Monitor. For the month, Merrill received 1.93 inches of rain and melted snow, or 162% of normal. By the end of the month, the eastern two-thirds of the county was designated in Moderate Drought (D1), with the remainder of the county in Abnormally Dry (D0) conditions due to long term precipitation deficits.",CSV
202601,1,0,202601,13,600,209635,1307026,WISCONSIN,55,2026,January,Drought,Z,19,LANGLADE,GRB,01-JAN-26 00:00:00,CST-6,13-JAN-26 06:00:00,0,0,0,0,0.00K,,Drought Monitor,,,,,,,,,,,,,,,,,,,,,,Severe Drought (D2) continued into the New Year across portions of north-central and northeast Wisconsin. A strong storm brought copious amounts of rain and some snow on the 8th and 9th. Unusually high rainfall amounts for January between 1 and 2.25 inches were recorded in a band from Wisconsin Rapids northeast through Antigo and Shawano to Marinette and Wausaukee. The heavy rain and snow brought an end to the Severe Drought (D2) conditions across many counties by the 13th.,"Precipitation totals at Antigo for the fall (Sep-Nov) were only 49% of normal. In January, a significant storm brought 1 to 1.50 inches of rain and a little snow to the county on the 8th into the 9th. The heavy precipitation brought an end to the Severe Drought (D2) across the entire county on the January 13th Drought Monitor. For the month, precipitation totals were 150-225% of normal. By the end of the month, the entire county was designated in Moderate Drought (D1) due to long term precipitation deficits.",CSV
202601,22,2330,202601,24,800,208871,1301110,WISCONSIN,55,2026,January,Extreme Cold/Wind Chill,Z,22,DOOR,GRB,22-JAN-26 23:30:00,CST-6,24-JAN-26 08:00:00,0,0,0,0,0.00K,0.00K,AWOS,,,,,,,,,,,,,,,,,,,,,,"An arctic airmass brought very cold temperatures to the entire region Thursday evening (1/22) through Saturday morning (1/24).  Winds of 15 to 25 mph combined with low temperatures of 15 to 30 below zero brought wind chill values down to 30 to 55 below zero Thursday evening (1/22) through Friday morning (1/23). Temperatures did not warm much Friday afternoon, with daytime highs ranging from 5 to 15 below zero, offering little relief from the cold, with wind chill values at or near extreme cold criteria, even in the afternoon. Plummeting overnight temperatures Friday night (1/23) into Saturday morning (1/24) of 15 to near 40 below zero once again pushed wind chill values down to 30 to near 50 below zero. Temperatures had finally warmed to above extreme cold criteria late Saturday morning (1/24) but remained cold through the weekend.",The combination of cold temperatures and gusty winds caused wind chill values to fall to -30 to -44 degrees from late Thursday evening (1/22) through Saturday morning (1/24).,CSV
202601,22,2250,202601,24,830,208871,1301112,WISCONSIN,55,2026,January,Extreme Cold/Wind Chill,Z,45,WAUSHARA,GRB,22-JAN-26 22:50:00,CST-6,24-JAN-26 08:30:00,0,0,0,0,0.00K,0.00K,AWOS,,,,,,,,,,,,,,,,,,,,,,"An arctic airmass brought very cold temperatures to the entire region Thursday evening (1/22) through Saturday morning (1/24).  Winds of 15 to 25 mph combined with low temperatures of 15 to 30 below zero brought wind chill values down to 30 to 55 below zero Thursday evening (1/22) through Friday morning (1/23). Temperatures did not warm much Friday afternoon, with daytime highs ranging from 5 to 15 below zero, offering little relief from the cold, with wind chill values at or near extreme cold criteria, even in the afternoon. Plummeting overnight temperatures Friday night (1/23) into Saturday morning (1/24) of 15 to near 40 below zero once again pushed wind chill values down to 30 to near 50 below zero. Temperatures had finally warmed to above extreme cold criteria late Saturday morning (1/24) but remained cold through the weekend.",The combination of cold temperatures and gusty winds caused wind chill values to fall to -30 to -44 degrees from late Thursday evening (1/22) through Saturday morning (1/24).,CSV
202601,22,2355,202601,24,853,208871,1301114,WISCONSIN,55,2026,January,Extreme Cold/Wind Chill,Z,39,BROWN,GRB,22-JAN-26 23:55:00,CST-6,24-JAN-26 08:53:00,0,0,0,0,0.00K,0.00K,ASOS,,,,,,,,,,,,,,,,,,,,,,"An arctic airmass brought very cold temperatures to the entire region Thursday evening (1/22) through Saturday morning (1/24).  Winds of 15 to 25 mph combined with low temperatures of 15 to 30 below zero brought wind chill values down to 30 to 55 below zero Thursday evening (1/22) through Friday morning (1/23). Temperatures did not warm much Friday afternoon, with daytime highs ranging from 5 to 15 below zero, offering little relief from the cold, with wind chill values at or near extreme cold criteria, even in the afternoon. Plummeting overnight temperatures Friday night (1/23) into Saturday morning (1/24) of 15 to near 40 below zero once again pushed wind chill values down to 30 to near 50 below zero. Temperatures had finally warmed to above extreme cold criteria late Saturday morning (1/24) but remained cold through the weekend.",The combination of cold temperatures and gusty winds caused wind chill values to fall to -30 to -47 degrees from late Thursday evening (1/22) through Saturday morning (1/24).,CSV
202601,1,0,202601,13,600,209635,1307030,WISCONSIN,55,2026,January,Drought,Z,21,NORTHERN OCONTO,GRB,01-JAN-26 00:00:00,CST-6,13-JAN-26 06:00:00,0,0,0,0,0.00K,,Drought Monitor,,,,,,,,,,,,,,,,,,,,,,Severe Drought (D2) continued into the New Year across portions of north-central and northeast Wisconsin. A strong storm brought copious amounts of rain and some snow on the 8th and 9th. Unusually high rainfall amounts for January between 1 and 2.25 inches were recorded in a band from Wisconsin Rapids northeast through Antigo and Shawano to Marinette and Wausaukee. The heavy rain and snow brought an end to the Severe Drought (D2) conditions across many counties by the 13th.,"Precipitation totals at nearby Suring for the fall (Sep-Nov) were only 56% of normal. In January, a significant storm brought one to two inches of rain and a little snow to the county on the 8th into the 9th. The heavy precipitation brought an end to the Severe Drought (D2) across the northern half of the county on the January 13th Drought Monitor. For the month, Suring received 2.61 inches of rain and melted snow, or 195% of normal. By the end of the month, the northern half of the county was designated in Moderate Drought (D1) due to long term precipitation deficits.",CSV
202601,1,0,202601,13,600,209635,1307034,WISCONSIN,55,2026,January,Drought,Z,37,WAUPACA,GRB,01-JAN-26 00:00:00,CST-6,13-JAN-26 06:00:00,0,0,0,0,0.00K,,Drought Monitor,,,,,,,,,,,,,,,,,,,,,,Severe Drought (D2) continued into the New Year across portions of north-central and northeast Wisconsin. A strong storm brought copious amounts of rain and some snow on the 8th and 9th. Unusually high rainfall amounts for January between 1 and 2.25 inches were recorded in a band from Wisconsin Rapids northeast through Antigo and Shawano to Marinette and Wausaukee. The heavy rain and snow brought an end to the Severe Drought (D2) conditions across many counties by the 13th.,"Precipitation totals at Clintonville for the fall (Sep-Nov) were only 50% of normal. In January, a significant storm brought one to two inches of rain and a little snow to the county on the 8th into the 9th. The heavy precipitation brought an end to the Severe Drought (D2) along the Shawano county line on the January 13th Drought Monitor. For the month, Clintonville received 2.38 inches of rain and melted snow, or 187% of normal. By the end of the month, the extreme northeast portion of the county was  designated in Moderate Drought (D1) with the rest of the county in Abnormally Dry (D0) conditions due to long term precipitation deficits.",CSV
202601,22,2100,202601,24,800,208871,1301116,WISCONSIN,55,2026,January,Extreme Cold/Wind Chill,Z,21,NORTHERN OCONTO,GRB,22-JAN-26 21:00:00,CST-6,24-JAN-26 08:00:00,0,0,0,0,0.00K,0.00K,Mesonet,,,,,,,,,,,,,,,,,,,,,,"An arctic airmass brought very cold temperatures to the entire region Thursday evening (1/22) through Saturday morning (1/24).  Winds of 15 to 25 mph combined with low temperatures of 15 to 30 below zero brought wind chill values down to 30 to 55 below zero Thursday evening (1/22) through Friday morning (1/23). Temperatures did not warm much Friday afternoon, with daytime highs ranging from 5 to 15 below zero, offering little relief from the cold, with wind chill values at or near extreme cold criteria, even in the afternoon. Plummeting overnight temperatures Friday night (1/23) into Saturday morning (1/24) of 15 to near 40 below zero once again pushed wind chill values down to 30 to near 50 below zero. Temperatures had finally warmed to above extreme cold criteria late Saturday morning (1/24) but remained cold through the weekend.",The combination of cold temperatures and gusty winds caused wind chill values to fall to -30 to -48 degrees from Thursday evening (1/22) through Saturday morning (1/24).,CSV
202601,22,2100,202601,24,800,208871,1301117,WISCONSIN,55,2026,January,Extreme Cold/Wind Chill,Z,13,NORTHERN MARINETTE,GRB,22-JAN-26 21:00:00,CST-6,24-JAN-26 08:00:00,0,0,0,0,0.00K,0.00K,Mesonet,,,,,,,,,,,,,,,,,,,,,,"An arctic airmass brought very cold temperatures to the entire region Thursday evening (1/22) through Saturday morning (1/24).  Winds of 15 to 25 mph combined with low temperatures of 15 to 30 below zero brought wind chill values down to 30 to 55 below zero Thursday evening (1/22) through Friday morning (1/23). Temperatures did not warm much Friday afternoon, with daytime highs ranging from 5 to 15 below zero, offering little relief from the cold, with wind chill values at or near extreme cold criteria, even in the afternoon. Plummeting overnight temperatures Friday night (1/23) into Saturday morning (1/24) of 15 to near 40 below zero once again pushed wind chill values down to 30 to near 50 below zero. Temperatures had finally warmed to above extreme cold criteria late Saturday morning (1/24) but remained cold through the weekend.",The combination of cold temperatures and gusty winds caused wind chill values to fall to -30 to -42 degrees from Thursday evening (1/22) through Saturday morning (1/24).,CSV
202601,23,135,202601,24,900,208871,1301120,WISCONSIN,55,2026,January,Extreme Cold/Wind Chill,Z,38,OUTAGAMIE,GRB,23-JAN-26 01:35:00,CST-6,24-JAN-26 09:00:00,0,0,0,0,0.00K,0.00K,AWOS,,,,,,,,,,,,,,,,,,,,,,"An arctic airmass brought very cold temperatures to the entire region Thursday evening (1/22) through Saturday morning (1/24).  Winds of 15 to 25 mph combined with low temperatures of 15 to 30 below zero brought wind chill values down to 30 to 55 below zero Thursday evening (1/22) through Friday morning (1/23). Temperatures did not warm much Friday afternoon, with daytime highs ranging from 5 to 15 below zero, offering little relief from the cold, with wind chill values at or near extreme cold criteria, even in the afternoon. Plummeting overnight temperatures Friday night (1/23) into Saturday morning (1/24) of 15 to near 40 below zero once again pushed wind chill values down to 30 to near 50 below zero. Temperatures had finally warmed to above extreme cold criteria late Saturday morning (1/24) but remained cold through the weekend.",The combination of cold temperatures and gusty winds caused wind chill values to fall to -30 to -44 degrees from early Friday morning (1/23) through Saturday morning (1/24).,CSV
202601,23,0,202601,24,800,208871,1301122,WISCONSIN,55,2026,January,Extreme Cold/Wind Chill,Z,40,KEWAUNEE,GRB,23-JAN-26 00:00:00,CST-6,24-JAN-26 08:00:00,0,0,0,0,0.00K,0.00K,Mesonet,,,,,,,,,,,,,,,,,,,,,,"An arctic airmass brought very cold temperatures to the entire region Thursday evening (1/22) through Saturday morning (1/24).  Winds of 15 to 25 mph combined with low temperatures of 15 to 30 below zero brought wind chill values down to 30 to 55 below zero Thursday evening (1/22) through Friday morning (1/23). Temperatures did not warm much Friday afternoon, with daytime highs ranging from 5 to 15 below zero, offering little relief from the cold, with wind chill values at or near extreme cold criteria, even in the afternoon. Plummeting overnight temperatures Friday night (1/23) into Saturday morning (1/24) of 15 to near 40 below zero once again pushed wind chill values down to 30 to near 50 below zero. Temperatures had finally warmed to above extreme cold criteria late Saturday morning (1/24) but remained cold through the weekend.",The combination of cold temperatures and gusty winds caused wind chill values to fall to -30 to -43 degrees from early Friday morning (1/23) through Saturday morning (1/24).,CSV
202601,23,15,202601,24,850,208871,1301123,WISCONSIN,55,2026,January,Extreme Cold/Wind Chill,Z,48,WINNEBAGO,GRB,23-JAN-26 00:15:00,CST-6,24-JAN-26 08:50:00,0,0,0,0,0.00K,0.00K,ASOS,,,,,,,,,,,,,,,,,,,,,,"An arctic airmass brought very cold temperatures to the entire region Thursday evening (1/22) through Saturday morning (1/24).  Winds of 15 to 25 mph combined with low temperatures of 15 to 30 below zero brought wind chill values down to 30 to 55 below zero Thursday evening (1/22) through Friday morning (1/23). Temperatures did not warm much Friday afternoon, with daytime highs ranging from 5 to 15 below zero, offering little relief from the cold, with wind chill values at or near extreme cold criteria, even in the afternoon. Plummeting overnight temperatures Friday night (1/23) into Saturday morning (1/24) of 15 to near 40 below zero once again pushed wind chill values down to 30 to near 50 below zero. Temperatures had finally warmed to above extreme cold criteria late Saturday morning (1/24) but remained cold through the weekend.",The combination of cold temperatures and gusty winds caused wind chill values to fall to -30 to -44 degrees from early Friday morning (1/23) through Saturday morning (1/24).,CSV
202601,23,0,202601,24,830,208871,1301126,WISCONSIN,55,2026,January,Extreme Cold/Wind Chill,Z,49,CALUMET,GRB,23-JAN-26 00:00:00,CST-6,24-JAN-26 08:30:00,0,0,0,0,0.00K,0.00K,Mesonet,,,,,,,,,,,,,,,,,,,,,,"An arctic airmass brought very cold temperatures to the entire region Thursday evening (1/22) through Saturday morning (1/24).  Winds of 15 to 25 mph combined with low temperatures of 15 to 30 below zero brought wind chill values down to 30 to 55 below zero Thursday evening (1/22) through Friday morning (1/23). Temperatures did not warm much Friday afternoon, with daytime highs ranging from 5 to 15 below zero, offering little relief from the cold, with wind chill values at or near extreme cold criteria, even in the afternoon. Plummeting overnight temperatures Friday night (1/23) into Saturday morning (1/24) of 15 to near 40 below zero once again pushed wind chill values down to 30 to near 50 below zero. Temperatures had finally warmed to above extreme cold criteria late Saturday morning (1/24) but remained cold through the weekend.",The combination of cold temperatures and gusty winds caused wind chill values to fall to -30 to -46 degrees from early Friday morning (1/23) through Saturday morning (1/24).,CSV
202601,1,0,202601,31,2359,209636,1307038,WISCONSIN,55,2026,January,Drought,Z,11,FOREST,GRB,01-JAN-26 00:00:00,CST-6,31-JAN-26 23:59:00,0,0,0,0,0.00K,,Drought Monitor,,,,,,,,,,,,,,,,,,,,,,"Severe Drought (D2) continued into the New Year across portions of north-central and northeast Wisconsin. Despite a strong storm that brought copious amounts of rain from 1 to 2.25 inches and some snow, a pocket of Severe Drought (D2) lingered across southern Forest and far northwest Marinette County through the end of January.","Precipitation totals at Argonne for the fall (Sep-Nov) were only 53% of normal. In January, a significant storm brought a half inch to one inch of rain and a little snow to the county on the 8th into the 9th. The heavy precipitation brought some improvement in the drought conditions across the county. Despite the above normal precipitation, |Severe Drought (D2) continued through the end of the month from south-central portion of the county eastward to the Marinette County line. The remainder of the county was designated in Moderate Drought (D1) with the far north in Abnormally Dry (D0) conditions due to long term precipitation deficits.",CSV
202601,23,25,202601,24,825,208871,1301128,WISCONSIN,55,2026,January,Extreme Cold/Wind Chill,Z,50,MANITOWOC,GRB,23-JAN-26 00:25:00,CST-6,24-JAN-26 08:25:00,0,0,0,0,0.00K,0.00K,AWOS,,,,,,,,,,,,,,,,,,,,,,"An arctic airmass brought very cold temperatures to the entire region Thursday evening (1/22) through Saturday morning (1/24).  Winds of 15 to 25 mph combined with low temperatures of 15 to 30 below zero brought wind chill values down to 30 to 55 below zero Thursday evening (1/22) through Friday morning (1/23). Temperatures did not warm much Friday afternoon, with daytime highs ranging from 5 to 15 below zero, offering little relief from the cold, with wind chill values at or near extreme cold criteria, even in the afternoon. Plummeting overnight temperatures Friday night (1/23) into Saturday morning (1/24) of 15 to near 40 below zero once again pushed wind chill values down to 30 to near 50 below zero. Temperatures had finally warmed to above extreme cold criteria late Saturday morning (1/24) but remained cold through the weekend.",The combination of cold temperatures and gusty winds caused wind chill values to fall to -30 to -45 degrees from early Friday morning (1/23) through Saturday morning (1/24).,CSV
202601,1,0,202601,31,2359,209636,1307045,WISCONSIN,55,2026,January,Drought,Z,13,NORTHERN MARINETTE,GRB,01-JAN-26 00:00:00,CST-6,31-JAN-26 23:59:00,0,0,0,0,0.00K,,Drought Monitor,,,,,,,,,,,,,,,,,,,,,,"Severe Drought (D2) continued into the New Year across portions of north-central and northeast Wisconsin. Despite a strong storm that brought copious amounts of rain from 1 to 2.25 inches and some snow, a pocket of Severe Drought (D2) lingered across southern Forest and far northwest Marinette County through the end of January.","Precipitation totals at Wausaukee for the fall (Sep-Nov) were only 47% of normal. In January, a significant storm brought one to two inches of rain and a little snow to the county on the 8th into the 9th. The monthly precipitation total at Wausaukee was 2.68 inches or 193% of normal. Despite the above normal precipitation, |Severe Drought (D2) continued through the end of the month across the far northwest, with the remainder of the northern half of the county in Moderate Drought (D1) with Abnormally Dry (D0) conditions along the Michigan border due to long term precipitation deficits.",CSV
202601,26,515,202601,26,855,209880,1308882,WISCONSIN,55,2026,January,Extreme Cold/Wind Chill,Z,10,ONEIDA,GRB,26-JAN-26 05:15:00,CST-6,26-JAN-26 08:55:00,0,0,0,0,0.00K,0.00K,ASOS,,,,,,,,,,,,,,,,,,,,,,Arctic high pressure brought another surge of cold air to the region late Sunday night (1/25) into Monday morning (1/26). A few locations across north-central Wisconsin once again dropped to extreme cold criteria Monday morning (1/26) as cold temperatures of 20 to 30 below zero and light westerly winds of 5 to 10 mph pushed wind chill values down to 35 to nearly 40 below zero.,The combination of cold temperatures and light winds caused wind chill values to fall to -35 to -39 degrees Monday morning (1/26).,CSV
202601,1,0,202601,31,2359,210175,1310894,WISCONSIN,55,2026,January,Drought,Z,1,DOUGLAS,DLH,01-JAN-26 00:00:00,CST-6,31-JAN-26 23:59:00,0,0,0,0,0.00K,0.00K,Drought Monitor,,,,,,,,,,,,,,,,,,,,,,D2 Severe Drought conditions persisted across parts of northwestern Wisconsin during the month of January. No changes in drought status were observed over the course of the month. Precipitation for the month was above normal across the northeastern half of Douglas County with below normal conditions elsewhere. The dry period in place extended back to last summer.,"D2 Severe Drought conditions covered much of the western 3/4ths of the county during the month of January. No changes in drought category were observed over the course of the month. Precipitation for the month was up to 0.50 inches below normal across the southwestern half of the county, including Superior, with above normal precipitation up to 0.50 inches above normal across the northeastern half of the county. The dry pattern in place extended back into the summer months.",CSV
202601,1,0,202601,31,2359,210175,1310895,WISCONSIN,55,2026,January,Drought,Z,6,BURNETT,DLH,01-JAN-26 00:00:00,CST-6,31-JAN-26 23:59:00,0,0,0,0,0.00K,0.00K,Drought Monitor,,,,,,,,,,,,,,,,,,,,,,D2 Severe Drought conditions persisted across parts of northwestern Wisconsin during the month of January. No changes in drought status were observed over the course of the month. Precipitation for the month was above normal across the northeastern half of Douglas County with below normal conditions elsewhere. The dry period in place extended back to last summer.,D2 Severe Drought conditions covered the northern 1/3rd of the county during the month of January. No changes in drought category were observed over the course of the month. Precipitation for the month was around 0.20 to 0.40 inches below normal in this area with the dry conditions extending back to last summer.,CSV
202601,26,555,202601,26,930,209880,1308883,WISCONSIN,55,2026,January,Extreme Cold/Wind Chill,Z,5,VILAS,GRB,26-JAN-26 05:55:00,CST-6,26-JAN-26 09:30:00,0,0,0,0,0.00K,0.00K,AWOS,,,,,,,,,,,,,,,,,,,,,,Arctic high pressure brought another surge of cold air to the region late Sunday night (1/25) into Monday morning (1/26). A few locations across north-central Wisconsin once again dropped to extreme cold criteria Monday morning (1/26) as cold temperatures of 20 to 30 below zero and light westerly winds of 5 to 10 mph pushed wind chill values down to 35 to nearly 40 below zero.,The combination of cold temperatures and light winds caused wind chill values to fall to -35 to -39 degrees Monday morning (1/26).,CSV
202601,20,315,202601,20,900,208863,1300934,WISCONSIN,55,2026,January,Extreme Cold/Wind Chill,Z,10,ONEIDA,GRB,20-JAN-26 03:15:00,CST-6,20-JAN-26 09:00:00,0,0,0,0,0.00K,0.00K,ASOS,,,,,,,,,,,,,,,,,,,,,,Arctic high pressure brought a cold airmass over northern Wisconsin early Tuesday morning (1/20) as wind chills fell to extreme cold criteria. Air temperatures fell to 15 to 20 below zero early Tuesday morning (1/20). Light westerly winds of 5 to 10 mph allowed wind chills to fall to 35 to 40 below zero across portions of north-central Wisconsin.,The combination of cold temperatures and light winds caused wind chill values to fall to -35 to -40 during the morning hours.,CSV
202601,1,0,202601,31,2359,210175,1310896,WISCONSIN,55,2026,January,Drought,Z,7,WASHBURN,DLH,01-JAN-26 00:00:00,CST-6,31-JAN-26 23:59:00,0,0,0,0,0.00K,0.00K,Drought Monitor,,,,,,,,,,,,,,,,,,,,,,D2 Severe Drought conditions persisted across parts of northwestern Wisconsin during the month of January. No changes in drought status were observed over the course of the month. Precipitation for the month was above normal across the northeastern half of Douglas County with below normal conditions elsewhere. The dry period in place extended back to last summer.,D2 Severe Drought conditions persisted across the far northwestern corner of the county during the month of January. No changes in drought category were observed over the course of the month. Precipitation for the month was around 0.20 to 0.40 inches below normal in this area with the dry conditions extending back to last summer.,CSV
202601,22,1900,202601,23,1100,210295,1311946,WISCONSIN,55,2026,January,Extreme Cold/Wind Chill,Z,23,ST. CROIX,MPX,22-JAN-26 19:00:00,CST-6,23-JAN-26 11:00:00,0,0,0,0,0.00K,0.00K,ASOS,,,,,,,,,,,,,,,,,,,,,,"A push of dangerously cold air spread across the Upper Midwest behind a series of strong arctic fronts from January 21 through January 23. Wind chills dropped into the -40s across western Wisconsin, with RCX in Ladysmith reporting the coldest wind chill of -49F during this stretch of extreme cold. The strongest winds did not line up with the coolest temperatures, limiting wind chills from getting any colder than -49F.||The peak of the coldest conditions occurred from the evening on the 22nd into the morning of the 23rd. Very cold air temperatures around -10 to -20 below continued until the morning of the 26th, though winds were generally at or below 10 mph, limiting wind chills from dropping below -35F.||The lowest wind chills were:|-49F at KRCX (Rusk).|-47F at KRNH (St Croix).|-45F at KEAU (Chippewa).|-43F at KUBE (Barron).",KRNH reported wind gusts as high as 30 mph during the evening as air temperatures dropped from -15F to -25F overnight. The lowest measured wind chill was -47F at 4:30AM on the 23rd.,CSV
202601,6,100,202601,6,700,209888,1309115,WISCONSIN,55,2026,January,Winter Weather,Z,15,BARRON,MPX,06-JAN-26 01:00:00,CST-6,06-JAN-26 07:00:00,0,0,0,0,0.00K,0.00K,AWOS,,,,,,,,,,,,,,,,,,,,,,"A second wave of wintry precipitation occurred 24 hours after a light mix of snow and freezing rain fell the day prior. This round was heavier and temperatures were right around freezing, leading to a mixture of snow, freezing rain, and rain. For most locations, the main period of freezing rain occurred very early in the morning on January 6th as rainfall rates were lighter. Rates then increased throughout the morning of the 6th which made it difficult for ice accretion to continue as temperatures hovered right around the freezing point. During the morning commute, most areas saw more of a crunchy slush on the ground as the heavier rain attempted to melt the coating of ice that developed overnight. The heaviest impacted area was St Croix, Polk, and Barron counties where temperatures were slightly cooler and the rain rates were not as heavy.",The AWOS at KRPD and KUBE both reported several hours of freezing precipitation during the early morning hours of the 6th. A CoCoRaHS observer also reported freezing rain in Rice Lake.,CSV
202601,22,2000,202601,23,1100,210295,1311947,WISCONSIN,55,2026,January,Extreme Cold/Wind Chill,Z,15,BARRON,MPX,22-JAN-26 20:00:00,CST-6,23-JAN-26 11:00:00,0,0,0,0,0.00K,0.00K,AWOS,,,,,,,,,,,,,,,,,,,,,,"A push of dangerously cold air spread across the Upper Midwest behind a series of strong arctic fronts from January 21 through January 23. Wind chills dropped into the -40s across western Wisconsin, with RCX in Ladysmith reporting the coldest wind chill of -49F during this stretch of extreme cold. The strongest winds did not line up with the coolest temperatures, limiting wind chills from getting any colder than -49F.||The peak of the coldest conditions occurred from the evening on the 22nd into the morning of the 23rd. Very cold air temperatures around -10 to -20 below continued until the morning of the 26th, though winds were generally at or below 10 mph, limiting wind chills from dropping below -35F.||The lowest wind chills were:|-49F at KRCX (Rusk).|-47F at KRNH (St Croix).|-45F at KEAU (Chippewa).|-43F at KUBE (Barron).",KUBE reported wind gusts as high as 30 mph during the evening as air temperatures dropped from -15F to -25F overnight. The lowest measured wind chill was -43F at 11PM on the 22nd.,CSV
202601,22,2000,202601,23,1100,210295,1312202,WISCONSIN,55,2026,January,Extreme Cold/Wind Chill,Z,14,POLK,MPX,22-JAN-26 20:00:00,CST-6,23-JAN-26 11:00:00,0,0,0,0,0.00K,0.00K,AWOS,,,,,,,,,,,,,,,,,,,,,,"A push of dangerously cold air spread across the Upper Midwest behind a series of strong arctic fronts from January 21 through January 23. Wind chills dropped into the -40s across western Wisconsin, with RCX in Ladysmith reporting the coldest wind chill of -49F during this stretch of extreme cold. The strongest winds did not line up with the coolest temperatures, limiting wind chills from getting any colder than -49F.||The peak of the coldest conditions occurred from the evening on the 22nd into the morning of the 23rd. Very cold air temperatures around -10 to -20 below continued until the morning of the 26th, though winds were generally at or below 10 mph, limiting wind chills from dropping below -35F.||The lowest wind chills were:|-49F at KRCX (Rusk).|-47F at KRNH (St Croix).|-45F at KEAU (Chippewa).|-43F at KUBE (Barron).",KOEO reported wind gusts as high as 30 mph during the evening as air temperatures dropped from -15F to -23F overnight. The lowest measured wind chill was -42F at 2AM on the 23rd.,CSV
202601,22,2100,202601,23,1100,210295,1312203,WISCONSIN,55,2026,January,Extreme Cold/Wind Chill,Z,25,DUNN,MPX,22-JAN-26 21:00:00,CST-6,23-JAN-26 11:00:00,0,0,0,0,0.00K,0.00K,AWOS,,,,,,,,,,,,,,,,,,,,,,"A push of dangerously cold air spread across the Upper Midwest behind a series of strong arctic fronts from January 21 through January 23. Wind chills dropped into the -40s across western Wisconsin, with RCX in Ladysmith reporting the coldest wind chill of -49F during this stretch of extreme cold. The strongest winds did not line up with the coolest temperatures, limiting wind chills from getting any colder than -49F.||The peak of the coldest conditions occurred from the evening on the 22nd into the morning of the 23rd. Very cold air temperatures around -10 to -20 below continued until the morning of the 26th, though winds were generally at or below 10 mph, limiting wind chills from dropping below -35F.||The lowest wind chills were:|-49F at KRCX (Rusk).|-47F at KRNH (St Croix).|-45F at KEAU (Chippewa).|-43F at KUBE (Barron).",KLUM reported wind gusts as high as 30 mph during the evening as air temperatures dropped from -15F to -21F overnight. The lowest measured wind chill was -42F at 2AM on the 23rd.,CSV
202601,5,2300,202601,6,600,209888,1309121,WISCONSIN,55,2026,January,Winter Weather,Z,14,POLK,MPX,05-JAN-26 23:00:00,CST-6,06-JAN-26 06:00:00,0,0,0,0,0.00K,0.00K,CoCoRaHS,,,,,,,,,,,,,,,,,,,,,,"A second wave of wintry precipitation occurred 24 hours after a light mix of snow and freezing rain fell the day prior. This round was heavier and temperatures were right around freezing, leading to a mixture of snow, freezing rain, and rain. For most locations, the main period of freezing rain occurred very early in the morning on January 6th as rainfall rates were lighter. Rates then increased throughout the morning of the 6th which made it difficult for ice accretion to continue as temperatures hovered right around the freezing point. During the morning commute, most areas saw more of a crunchy slush on the ground as the heavier rain attempted to melt the coating of ice that developed overnight. The heaviest impacted area was St Croix, Polk, and Barron counties where temperatures were slightly cooler and the rain rates were not as heavy.",CoCoRaHS observers reported freezing rain and light ice accumulation overnight near Turtle Lake and Osceola.,CSV
202601,5,2300,202601,6,600,209888,1309123,WISCONSIN,55,2026,January,Winter Weather,Z,23,ST. CROIX,MPX,05-JAN-26 23:00:00,CST-6,06-JAN-26 06:00:00,0,0,0,0,0.00K,0.00K,AWOS,,,,,,,,,,,,,,,,,,,,,,"A second wave of wintry precipitation occurred 24 hours after a light mix of snow and freezing rain fell the day prior. This round was heavier and temperatures were right around freezing, leading to a mixture of snow, freezing rain, and rain. For most locations, the main period of freezing rain occurred very early in the morning on January 6th as rainfall rates were lighter. Rates then increased throughout the morning of the 6th which made it difficult for ice accretion to continue as temperatures hovered right around the freezing point. During the morning commute, most areas saw more of a crunchy slush on the ground as the heavier rain attempted to melt the coating of ice that developed overnight. The heaviest impacted area was St Croix, Polk, and Barron counties where temperatures were slightly cooler and the rain rates were not as heavy.",The AWOS at KRNH reported several hours of freezing precipitation during the early morning hours of the 6th. Several CoCoRaHS observers reported freezing rain and light ice accumulation overnight.,CSV
202601,6,200,202601,6,800,209888,1309126,WISCONSIN,55,2026,January,Winter Weather,Z,27,CHIPPEWA,MPX,06-JAN-26 02:00:00,CST-6,06-JAN-26 08:00:00,0,0,0,0,0.00K,0.00K,ASOS,,,,,,,,,,,,,,,,,,,,,,"A second wave of wintry precipitation occurred 24 hours after a light mix of snow and freezing rain fell the day prior. This round was heavier and temperatures were right around freezing, leading to a mixture of snow, freezing rain, and rain. For most locations, the main period of freezing rain occurred very early in the morning on January 6th as rainfall rates were lighter. Rates then increased throughout the morning of the 6th which made it difficult for ice accretion to continue as temperatures hovered right around the freezing point. During the morning commute, most areas saw more of a crunchy slush on the ground as the heavier rain attempted to melt the coating of ice that developed overnight. The heaviest impacted area was St Croix, Polk, and Barron counties where temperatures were slightly cooler and the rain rates were not as heavy.",The ASOS at KEAU reported several hours of freezing precipitation during the morning of January 6th. A CoCoRaHS observer also reported freezing rain in Chippewa Falls.,CSV
202601,22,1900,202601,23,1100,210295,1312204,WISCONSIN,55,2026,January,Extreme Cold/Wind Chill,Z,16,RUSK,MPX,22-JAN-26 19:00:00,CST-6,23-JAN-26 11:00:00,0,0,0,0,0.00K,0.00K,AWOS,,,,,,,,,,,,,,,,,,,,,,"A push of dangerously cold air spread across the Upper Midwest behind a series of strong arctic fronts from January 21 through January 23. Wind chills dropped into the -40s across western Wisconsin, with RCX in Ladysmith reporting the coldest wind chill of -49F during this stretch of extreme cold. The strongest winds did not line up with the coolest temperatures, limiting wind chills from getting any colder than -49F.||The peak of the coldest conditions occurred from the evening on the 22nd into the morning of the 23rd. Very cold air temperatures around -10 to -20 below continued until the morning of the 26th, though winds were generally at or below 10 mph, limiting wind chills from dropping below -35F.||The lowest wind chills were:|-49F at KRCX (Rusk).|-47F at KRNH (St Croix).|-45F at KEAU (Chippewa).|-43F at KUBE (Barron).",KRCX reported wind gusts as high as 30 mph during the evening as air temperatures dropped from -15F to -27F overnight. The lowest measured wind chill was -49F at 5AM on the 23rd.,CSV
202601,22,2000,202601,23,1400,210295,1312205,WISCONSIN,55,2026,January,Extreme Cold/Wind Chill,Z,27,CHIPPEWA,MPX,22-JAN-26 20:00:00,CST-6,23-JAN-26 14:00:00,0,0,0,0,0.00K,0.00K,ASOS,,,,,,,,,,,,,,,,,,,,,,"A push of dangerously cold air spread across the Upper Midwest behind a series of strong arctic fronts from January 21 through January 23. Wind chills dropped into the -40s across western Wisconsin, with RCX in Ladysmith reporting the coldest wind chill of -49F during this stretch of extreme cold. The strongest winds did not line up with the coolest temperatures, limiting wind chills from getting any colder than -49F.||The peak of the coldest conditions occurred from the evening on the 22nd into the morning of the 23rd. Very cold air temperatures around -10 to -20 below continued until the morning of the 26th, though winds were generally at or below 10 mph, limiting wind chills from dropping below -35F.||The lowest wind chills were:|-49F at KRCX (Rusk).|-47F at KRNH (St Croix).|-45F at KEAU (Chippewa).|-43F at KUBE (Barron).",KEAU reported wind gusts as high as 35 mph during the evening as air temperatures dropped from -15F to -24F overnight. The lowest measured wind chill was -45F at 8AM on the 23rd.,CSV
202601,22,2000,202601,23,1400,210295,1312206,WISCONSIN,55,2026,January,Extreme Cold/Wind Chill,Z,28,EAU CLAIRE,MPX,22-JAN-26 20:00:00,CST-6,23-JAN-26 14:00:00,0,0,0,0,0.00K,0.00K,ASOS,,,,,,,,,,,,,,,,,,,,,,"A push of dangerously cold air spread across the Upper Midwest behind a series of strong arctic fronts from January 21 through January 23. Wind chills dropped into the -40s across western Wisconsin, with RCX in Ladysmith reporting the coldest wind chill of -49F during this stretch of extreme cold. The strongest winds did not line up with the coolest temperatures, limiting wind chills from getting any colder than -49F.||The peak of the coldest conditions occurred from the evening on the 22nd into the morning of the 23rd. Very cold air temperatures around -10 to -20 below continued until the morning of the 26th, though winds were generally at or below 10 mph, limiting wind chills from dropping below -35F.||The lowest wind chills were:|-49F at KRCX (Rusk).|-47F at KRNH (St Croix).|-45F at KEAU (Chippewa).|-43F at KUBE (Barron).",KEAU reported wind gusts as high as 35 mph during the evening as air temperatures dropped from -15F to -24F overnight. The lowest measured wind chill was -45F at 8AM on the 23rd.,CSV
202601,6,0,202601,6,700,209888,1309127,WISCONSIN,55,2026,January,Winter Weather,Z,25,DUNN,MPX,06-JAN-26 00:00:00,CST-6,06-JAN-26 07:00:00,0,0,0,0,0.00K,0.00K,CoCoRaHS,,,,,,,,,,,,,,,,,,,,,,"A second wave of wintry precipitation occurred 24 hours after a light mix of snow and freezing rain fell the day prior. This round was heavier and temperatures were right around freezing, leading to a mixture of snow, freezing rain, and rain. For most locations, the main period of freezing rain occurred very early in the morning on January 6th as rainfall rates were lighter. Rates then increased throughout the morning of the 6th which made it difficult for ice accretion to continue as temperatures hovered right around the freezing point. During the morning commute, most areas saw more of a crunchy slush on the ground as the heavier rain attempted to melt the coating of ice that developed overnight. The heaviest impacted area was St Croix, Polk, and Barron counties where temperatures were slightly cooler and the rain rates were not as heavy.",CoCoRaHS observers reported a mix of rain and freezing rain resulting in light ice accumulation near Menomonie.,CSV
202601,6,200,202601,6,700,209888,1309129,WISCONSIN,55,2026,January,Winter Weather,Z,28,EAU CLAIRE,MPX,06-JAN-26 02:00:00,CST-6,06-JAN-26 07:00:00,0,0,0,0,0.00K,0.00K,ASOS,,,,,,,,,,,,,,,,,,,,,,"A second wave of wintry precipitation occurred 24 hours after a light mix of snow and freezing rain fell the day prior. This round was heavier and temperatures were right around freezing, leading to a mixture of snow, freezing rain, and rain. For most locations, the main period of freezing rain occurred very early in the morning on January 6th as rainfall rates were lighter. Rates then increased throughout the morning of the 6th which made it difficult for ice accretion to continue as temperatures hovered right around the freezing point. During the morning commute, most areas saw more of a crunchy slush on the ground as the heavier rain attempted to melt the coating of ice that developed overnight. The heaviest impacted area was St Croix, Polk, and Barron counties where temperatures were slightly cooler and the rain rates were not as heavy.",The ASOS at nearby KEAU reported several hours of freezing precipitation during the morning of January 6th. A CoCoRaHS observer also reported freezing rain southwest of Eau Claire. Warming temperatures and heavier rainfall rates later in the morning allowed the ice to partially melt during the morning commute.,CSV
202601,22,2000,202601,23,800,210295,1312207,WISCONSIN,55,2026,January,Extreme Cold/Wind Chill,Z,24,PIERCE,MPX,22-JAN-26 20:00:00,CST-6,23-JAN-26 08:00:00,0,0,0,0,0.00K,0.00K,AWOS,,,,,,,,,,,,,,,,,,,,,,"A push of dangerously cold air spread across the Upper Midwest behind a series of strong arctic fronts from January 21 through January 23. Wind chills dropped into the -40s across western Wisconsin, with RCX in Ladysmith reporting the coldest wind chill of -49F during this stretch of extreme cold. The strongest winds did not line up with the coolest temperatures, limiting wind chills from getting any colder than -49F.||The peak of the coldest conditions occurred from the evening on the 22nd into the morning of the 23rd. Very cold air temperatures around -10 to -20 below continued until the morning of the 26th, though winds were generally at or below 10 mph, limiting wind chills from dropping below -35F.||The lowest wind chills were:|-49F at KRCX (Rusk).|-47F at KRNH (St Croix).|-45F at KEAU (Chippewa).|-43F at KUBE (Barron).",KRGK reported wind gusts as high as 25 mph during the evening as air temperatures dropped from -15F to -20F overnight. The lowest measured wind chill was -41F at 1AM on the 23rd.,CSV
202601,22,2000,202601,23,800,210295,1312208,WISCONSIN,55,2026,January,Extreme Cold/Wind Chill,Z,26,PEPIN,MPX,22-JAN-26 20:00:00,CST-6,23-JAN-26 08:00:00,0,0,0,0,0.00K,0.00K,AWOS,,,,,,,,,,,,,,,,,,,,,,"A push of dangerously cold air spread across the Upper Midwest behind a series of strong arctic fronts from January 21 through January 23. Wind chills dropped into the -40s across western Wisconsin, with RCX in Ladysmith reporting the coldest wind chill of -49F during this stretch of extreme cold. The strongest winds did not line up with the coolest temperatures, limiting wind chills from getting any colder than -49F.||The peak of the coldest conditions occurred from the evening on the 22nd into the morning of the 23rd. Very cold air temperatures around -10 to -20 below continued until the morning of the 26th, though winds were generally at or below 10 mph, limiting wind chills from dropping below -35F.||The lowest wind chills were:|-49F at KRCX (Rusk).|-47F at KRNH (St Croix).|-45F at KEAU (Chippewa).|-43F at KUBE (Barron).",Nearby KRGK reported wind gusts as high as 25 mph during the evening as air temperatures dropped from -15F to -20F overnight. The lowest measured wind chill was -41F at 1AM on the 23rd.,CSV
202601,22,1815,202601,24,855,208871,1301078,WISCONSIN,55,2026,January,Extreme Cold/Wind Chill,Z,5,VILAS,GRB,22-JAN-26 18:15:00,CST-6,24-JAN-26 08:55:00,0,0,0,0,0.00K,0.00K,AWOS,,,,,,,,,,,,,,,,,,,,,,"An arctic airmass brought very cold temperatures to the entire region Thursday evening (1/22) through Saturday morning (1/24).  Winds of 15 to 25 mph combined with low temperatures of 15 to 30 below zero brought wind chill values down to 30 to 55 below zero Thursday evening (1/22) through Friday morning (1/23). Temperatures did not warm much Friday afternoon, with daytime highs ranging from 5 to 15 below zero, offering little relief from the cold, with wind chill values at or near extreme cold criteria, even in the afternoon. Plummeting overnight temperatures Friday night (1/23) into Saturday morning (1/24) of 15 to near 40 below zero once again pushed wind chill values down to 30 to near 50 below zero. Temperatures had finally warmed to above extreme cold criteria late Saturday morning (1/24) but remained cold through the weekend.",The combination of cold temperatures and gusty winds caused wind chill values to fall to -35 to -53 degrees from Thursday evening (1/22) through Saturday morning (1/24).,CSV
202601,22,2015,202601,24,840,208871,1301079,WISCONSIN,55,2026,January,Extreme Cold/Wind Chill,Z,10,ONEIDA,GRB,22-JAN-26 20:15:00,CST-6,24-JAN-26 08:40:00,0,0,0,0,0.00K,0.00K,ASOS,,,,,,,,,,,,,,,,,,,,,,"An arctic airmass brought very cold temperatures to the entire region Thursday evening (1/22) through Saturday morning (1/24).  Winds of 15 to 25 mph combined with low temperatures of 15 to 30 below zero brought wind chill values down to 30 to 55 below zero Thursday evening (1/22) through Friday morning (1/23). Temperatures did not warm much Friday afternoon, with daytime highs ranging from 5 to 15 below zero, offering little relief from the cold, with wind chill values at or near extreme cold criteria, even in the afternoon. Plummeting overnight temperatures Friday night (1/23) into Saturday morning (1/24) of 15 to near 40 below zero once again pushed wind chill values down to 30 to near 50 below zero. Temperatures had finally warmed to above extreme cold criteria late Saturday morning (1/24) but remained cold through the weekend.",The combination of cold temperatures and gusty winds caused wind chill values to fall to -35 to -55 degrees from Thursday evening (1/22) through Saturday morning (1/24).,CSV
202601,22,2300,202601,24,800,208871,1301083,WISCONSIN,55,2026,January,Extreme Cold/Wind Chill,Z,11,FOREST,GRB,22-JAN-26 23:00:00,CST-6,24-JAN-26 08:00:00,0,0,0,0,0.00K,0.00K,Mesonet,,,,,,,,,,,,,,,,,,,,,,"An arctic airmass brought very cold temperatures to the entire region Thursday evening (1/22) through Saturday morning (1/24).  Winds of 15 to 25 mph combined with low temperatures of 15 to 30 below zero brought wind chill values down to 30 to 55 below zero Thursday evening (1/22) through Friday morning (1/23). Temperatures did not warm much Friday afternoon, with daytime highs ranging from 5 to 15 below zero, offering little relief from the cold, with wind chill values at or near extreme cold criteria, even in the afternoon. Plummeting overnight temperatures Friday night (1/23) into Saturday morning (1/24) of 15 to near 40 below zero once again pushed wind chill values down to 30 to near 50 below zero. Temperatures had finally warmed to above extreme cold criteria late Saturday morning (1/24) but remained cold through the weekend.",The combination of cold temperatures and gusty winds caused wind chill values to fall to -35 to -55 degrees from late Thursday evening (1/22) through Saturday morning (1/24).,CSV
202601,23,40,202601,24,800,208871,1301084,WISCONSIN,55,2026,January,Extreme Cold/Wind Chill,Z,12,FLORENCE,GRB,23-JAN-26 00:40:00,CST-6,24-JAN-26 08:00:00,0,0,0,0,0.00K,0.00K,Mesonet,,,,,,,,,,,,,,,,,,,,,,"An arctic airmass brought very cold temperatures to the entire region Thursday evening (1/22) through Saturday morning (1/24).  Winds of 15 to 25 mph combined with low temperatures of 15 to 30 below zero brought wind chill values down to 30 to 55 below zero Thursday evening (1/22) through Friday morning (1/23). Temperatures did not warm much Friday afternoon, with daytime highs ranging from 5 to 15 below zero, offering little relief from the cold, with wind chill values at or near extreme cold criteria, even in the afternoon. Plummeting overnight temperatures Friday night (1/23) into Saturday morning (1/24) of 15 to near 40 below zero once again pushed wind chill values down to 30 to near 50 below zero. Temperatures had finally warmed to above extreme cold criteria late Saturday morning (1/24) but remained cold through the weekend.",The combination of cold temperatures and gusty winds caused wind chill values to fall to -35 to -43 degrees from early Friday morning (1/23) through Saturday morning (1/24).,CSV
202601,22,2215,202601,24,835,208871,1301087,WISCONSIN,55,2026,January,Extreme Cold/Wind Chill,Z,18,LINCOLN,GRB,22-JAN-26 22:15:00,CST-6,24-JAN-26 08:35:00,0,0,0,0,0.00K,0.00K,AWOS,,,,,,,,,,,,,,,,,,,,,,"An arctic airmass brought very cold temperatures to the entire region Thursday evening (1/22) through Saturday morning (1/24).  Winds of 15 to 25 mph combined with low temperatures of 15 to 30 below zero brought wind chill values down to 30 to 55 below zero Thursday evening (1/22) through Friday morning (1/23). Temperatures did not warm much Friday afternoon, with daytime highs ranging from 5 to 15 below zero, offering little relief from the cold, with wind chill values at or near extreme cold criteria, even in the afternoon. Plummeting overnight temperatures Friday night (1/23) into Saturday morning (1/24) of 15 to near 40 below zero once again pushed wind chill values down to 30 to near 50 below zero. Temperatures had finally warmed to above extreme cold criteria late Saturday morning (1/24) but remained cold through the weekend.",The combination of cold temperatures and gusty winds caused wind chill values to fall to -35 to -48 degrees from Thursday evening (1/22) through Saturday morning (1/24).,CSV
202603,14,2000,202603,15,600,211730,1323242,WISCONSIN,55,2026,March,Winter Weather,Z,52,SHEBOYGAN,MKX,14-MAR-26 20:00:00,CST-6,15-MAR-26 06:00:00,0,0,0,0,0.00K,0.00K,Trained Spotter,,,,,,,,,,,,,,,,,,,,,,A frontal boundary with warm air rising just above the surface produced an east-west swath of 1 to 4 inches of snow and a light glaze of ice due to freezing rain over portions of central Wisconsin. Roads became snow covered and slick during the late evening and overnight hours.,Snow accumulation of 1 to 3 inches with highest amounts in the northern portion of the county.,CSV
202603,14,2000,202603,15,500,211730,1323243,WISCONSIN,55,2026,March,Winter Weather,Z,56,SAUK,MKX,14-MAR-26 20:00:00,CST-6,15-MAR-26 05:00:00,0,0,0,0,0.00K,0.00K,Trained Spotter,,,,,,,,,,,,,,,,,,,,,,A frontal boundary with warm air rising just above the surface produced an east-west swath of 1 to 4 inches of snow and a light glaze of ice due to freezing rain over portions of central Wisconsin. Roads became snow covered and slick during the late evening and overnight hours.,A light glaze due to freezing rain and trace amounts of snow in northern portions of the county.,CSV
202603,10,1843,202603,10,1843,211833,1323780,WISCONSIN,55,2026,March,Hail,C,45,GREEN,MKX,10-MAR-26 18:43:00,CST-6,10-MAR-26 18:43:00,0,0,0,0,0.00K,0.00K,Public,1.00,,,,,,,,,,,2.57,NE,BROWNTOWN,2.57,NE,BROWNTOWN,42.61,-89.79,42.61,-89.79,"Numerous thunderstorms occurred over far southern WI as a warm front approached from the south. Repeated rounds of storms resulted in flash flooding in the Racine area, while some large hail occurred across far southern WI.",,CSV
202603,10,1859,202603,10,1859,211833,1323781,WISCONSIN,55,2026,March,Hail,C,59,KENOSHA,MKX,10-MAR-26 18:59:00,CST-6,10-MAR-26 18:59:00,0,0,0,0,0.00K,0.00K,Public,1.00,,,,,,,,,,,1.23,NW,NEW MUNSTER,1.23,NW,NEW MUNSTER,42.59,-88.25,42.59,-88.25,"Numerous thunderstorms occurred over far southern WI as a warm front approached from the south. Repeated rounds of storms resulted in flash flooding in the Racine area, while some large hail occurred across far southern WI.",,CSV
202603,10,1910,202603,10,1910,211833,1323782,WISCONSIN,55,2026,March,Hail,C,105,ROCK,MKX,10-MAR-26 19:10:00,CST-6,10-MAR-26 19:10:00,0,0,0,0,0.00K,0.00K,Social Media,1.00,,,,,,,,,,,.69,S,BELOIT,.69,S,BELOIT,42.51,-89.03,42.51,-89.03,"Numerous thunderstorms occurred over far southern WI as a warm front approached from the south. Repeated rounds of storms resulted in flash flooding in the Racine area, while some large hail occurred across far southern WI.",,CSV
202603,10,1928,202603,10,1928,211833,1323784,WISCONSIN,55,2026,March,Hail,C,101,RACINE,MKX,10-MAR-26 19:28:00,CST-6,10-MAR-26 19:28:00,0,0,0,0,0.00K,0.00K,Trained Spotter,1.00,,,,,,,,,,,1.38,N,ELMWOOD PARK,1.38,N,ELMWOOD PARK,42.72,-87.83,42.72,-87.83,"Numerous thunderstorms occurred over far southern WI as a warm front approached from the south. Repeated rounds of storms resulted in flash flooding in the Racine area, while some large hail occurred across far southern WI.",,CSV
202603,10,1930,202603,10,2200,211833,1323789,WISCONSIN,55,2026,March,Flood,C,101,RACINE,MKX,10-MAR-26 19:30:00,CST-6,10-MAR-26 22:00:00,0,0,0,0,3.00K,0.00K,Social Media,,,Heavy Rain,,,,,,,,,1.46,WSW,BURLINGTON,.34,SSE,BURLINGTON AIRPORT,42.6637,-88.2975,42.6858,-88.2967,"Numerous thunderstorms occurred over far southern WI as a warm front approached from the south. Repeated rounds of storms resulted in flash flooding in the Racine area, while some large hail occurred across far southern WI.",Video provided of a stranded vehicle in floodwaters in Burlington.,CSV
202603,10,1930,202603,10,2200,211833,1323810,WISCONSIN,55,2026,March,Flash Flood,C,101,RACINE,MKX,10-MAR-26 19:30:00,CST-6,10-MAR-26 22:00:00,0,0,0,0,50.00K,0.00K,Law Enforcement,,,Heavy Rain,,,,,,,,,2.44,SSW,STURTEVANT,.99,NNW,FRANKSVILLE,42.6691,-87.9231,42.7639,-87.9244,"Numerous thunderstorms occurred over far southern WI as a warm front approached from the south. Repeated rounds of storms resulted in flash flooding in the Racine area, while some large hail occurred across far southern WI.","Five vehicles reported stranded in floodwaters in Racine from the Racine Police Department. 30 service calls taken by the Racine PD related to the flooding, including flooded roadways, underpasses, and uncovered manholes. Many yards and basements flooded. Flooding impacts also affected communities just to the west of Racine.",CSV
202603,14,2000,202603,15,500,211730,1323231,WISCONSIN,55,2026,March,Winter Weather,Z,57,COLUMBIA,MKX,14-MAR-26 20:00:00,CST-6,15-MAR-26 05:00:00,0,0,0,0,0.00K,0.00K,Trained Spotter,,,,,,,,,,,,,,,,,,,,,,A frontal boundary with warm air rising just above the surface produced an east-west swath of 1 to 4 inches of snow and a light glaze of ice due to freezing rain over portions of central Wisconsin. Roads became snow covered and slick during the late evening and overnight hours.,Snow accumulation of a half inch and a light glaze due to freezing rain in Portage. Highest snowfall amounts of up to 1 inch were in the northern portion of the county.,CSV
202603,14,2000,202603,15,500,211730,1323233,WISCONSIN,55,2026,March,Winter Weather,Z,58,DODGE,MKX,14-MAR-26 20:00:00,CST-6,15-MAR-26 05:00:00,0,0,0,0,0.00K,0.00K,Trained Spotter,,,,,,,,,,,,,,,,,,,,,,A frontal boundary with warm air rising just above the surface produced an east-west swath of 1 to 4 inches of snow and a light glaze of ice due to freezing rain over portions of central Wisconsin. Roads became snow covered and slick during the late evening and overnight hours.,Snow accumulation of one inch and a light glaze due to freezing rain in Theresa. Highest snowfall amounts of up to 2 inches were in the northern portion of the county.,CSV
202603,14,2000,202603,15,600,211730,1323237,WISCONSIN,55,2026,March,Winter Weather,Z,51,FOND DU LAC,MKX,14-MAR-26 20:00:00,CST-6,15-MAR-26 06:00:00,0,0,0,0,0.00K,0.00K,Trained Spotter,,,,,,,,,,,,,,,,,,,,,,A frontal boundary with warm air rising just above the surface produced an east-west swath of 1 to 4 inches of snow and a light glaze of ice due to freezing rain over portions of central Wisconsin. Roads became snow covered and slick during the late evening and overnight hours.,Snow accumulation of 2 to 3 inches with highest amounts in the northern portion of the county.,CSV
202603,14,2000,202603,15,600,211730,1323238,WISCONSIN,55,2026,March,Winter Weather,Z,47,GREEN LAKE,MKX,14-MAR-26 20:00:00,CST-6,15-MAR-26 06:00:00,0,0,0,0,0.00K,0.00K,Trained Spotter,,,,,,,,,,,,,,,,,,,,,,A frontal boundary with warm air rising just above the surface produced an east-west swath of 1 to 4 inches of snow and a light glaze of ice due to freezing rain over portions of central Wisconsin. Roads became snow covered and slick during the late evening and overnight hours.,Snow accumulation of 2 to 4 inches with highest amounts in the northern portion of the county.,CSV
202603,14,2000,202603,15,600,211730,1323240,WISCONSIN,55,2026,March,Winter Weather,Z,46,MARQUETTE,MKX,14-MAR-26 20:00:00,CST-6,15-MAR-26 06:00:00,0,0,0,0,0.00K,0.00K,Trained Spotter,,,,,,,,,,,,,,,,,,,,,,A frontal boundary with warm air rising just above the surface produced an east-west swath of 1 to 4 inches of snow and a light glaze of ice due to freezing rain over portions of central Wisconsin. Roads became snow covered and slick during the late evening and overnight hours.,Snow accumulation of 1 to 3 inches with highest amounts in the northern portion of the county.,CSV
202603,31,20,202603,31,110,211848,1323926,WISCONSIN,55,2026,March,High Wind,Z,67,LAFAYETTE,MKX,31-MAR-26 00:20:00,CST-6,31-MAR-26 01:10:00,0,0,0,0,,0.00K,Mesonet,50.00,MG,,,,,,,,,,,,,,,,,,,,"High winds caused by pressure differences in the wake of thunderstorms gusted up to 67 mph in Racine and 58 mph in Lafayette County. Outdoor equipment and trailers were moved across a parking lot in Racine, including substantial damage to sheds. Some snapped and uprooted trees also occurred in the Racine area.",A Wisconet site recorded a wind gust of 58 mph.,CSV
202603,31,245,202603,31,330,211848,1323922,WISCONSIN,55,2026,March,High Wind,Z,71,RACINE,MKX,31-MAR-26 02:45:00,CST-6,31-MAR-26 03:30:00,0,0,0,0,30.00K,0.00K,ASOS,58.00,MG,,,,,,,,,,,,,,,,,,,,"High winds caused by pressure differences in the wake of thunderstorms gusted up to 67 mph in Racine and 58 mph in Lafayette County. Outdoor equipment and trailers were moved across a parking lot in Racine, including substantial damage to sheds. Some snapped and uprooted trees also occurred in the Racine area.","Batten Airport in Racine recorded a wind gust of 67 mph. Outdoor equipment and trailers were moved across a parking lot of a large retailer, including substantial damage to its sheds. Some snapped and uprooted trees also occurred in the Racine area.",CSV
202603,30,2215,202603,30,2215,211835,1323813,WISCONSIN,55,2026,March,Hail,C,117,SHEBOYGAN,MKX,30-MAR-26 22:15:00,CST-6,30-MAR-26 22:15:00,0,0,0,0,0.00K,0.00K,Public,1.00,,,,,,,,,,,1,W,SHEBOYGAN,1,W,SHEBOYGAN,43.75,-87.74,43.75,-87.74,Scattered thunderstorms developed in the vicinity of a warm front over southern WI. Large hail was reported with one of the thunderstorms.,Pictured provided of one inch hail.,CSV
202603,31,743,202603,31,743,211836,1323817,WISCONSIN,55,2026,March,Hail,C,47,GREEN LAKE,MKX,31-MAR-26 07:43:00,CST-6,31-MAR-26 07:43:00,0,0,0,0,0.00K,0.00K,Public,1.00,,,,,,,,,,,0,N,PRINCETON,0,N,PRINCETON,43.85,-89.12,43.85,-89.12,Scattered thunderstorms developed along and ahead of a slow moving cold front over southern WI. Some large hail reports were received from east central WI.,,CSV
202603,31,927,202603,31,927,211836,1323818,WISCONSIN,55,2026,March,Hail,C,117,SHEBOYGAN,MKX,31-MAR-26 09:27:00,CST-6,31-MAR-26 09:27:00,0,0,0,0,0.00K,0.00K,Public,1.00,,,,,,,,,,,.85,SE,MOSEL,.85,SE,MOSEL,43.81,-87.74,43.81,-87.74,Scattered thunderstorms developed along and ahead of a slow moving cold front over southern WI. Some large hail reports were received from east central WI.,Picture of one inch hail provided.,CSV
202603,31,922,202603,31,922,211836,1323819,WISCONSIN,55,2026,March,Hail,C,117,SHEBOYGAN,MKX,31-MAR-26 09:22:00,CST-6,31-MAR-26 09:22:00,0,0,0,0,0.00K,0.00K,Public,1.25,,,,,,,,,,,.69,S,MILLERSVILLE,.69,S,MILLERSVILLE,43.81,-87.83,43.81,-87.83,Scattered thunderstorms developed along and ahead of a slow moving cold front over southern WI. Some large hail reports were received from east central WI.,,CSV
202603,12,2300,202603,13,1600,210127,1310439,WISCONSIN,55,2026,March,Strong Wind,Z,57,COLUMBIA,MKX,12-MAR-26 23:00:00,CST-6,13-MAR-26 16:00:00,0,0,0,0,10.00K,0.00K,RAWS,40.00,MG,,,,,,,,,,,,,,,,,,,,Strong low pressure tracked east across northern WI to Lake Huron. Westerly wind gusts of 50-68 mph were recorded. Numerous branches down and some power lines. Power outages in the tens of thousands mainly over southeast WI.,"Measured wind gusts of 46 mph in Pardeeville and near WI Dells, but may have reached 50 mph over southern Columbia County. Branches down and a small number of power outages.",CSV
202603,12,2300,202603,13,1700,210127,1310441,WISCONSIN,55,2026,March,Strong Wind,Z,46,MARQUETTE,MKX,12-MAR-26 23:00:00,CST-6,13-MAR-26 17:00:00,0,0,0,0,5.00K,0.00K,Trained Spotter,43.00,EG,,,,,,,,,,,,,,,,,,,,Strong low pressure tracked east across northern WI to Lake Huron. Westerly wind gusts of 50-68 mph were recorded. Numerous branches down and some power lines. Power outages in the tens of thousands mainly over southeast WI.,Wind gusts around 50 mph and branches down.,CSV
202603,12,2300,202603,13,1700,210127,1310442,WISCONSIN,55,2026,March,Strong Wind,Z,47,GREEN LAKE,MKX,12-MAR-26 23:00:00,CST-6,13-MAR-26 17:00:00,0,0,0,0,5.00K,0.00K,Trained Spotter,43.00,EG,,,,,,,,,,,,,,,,,,,,Strong low pressure tracked east across northern WI to Lake Huron. Westerly wind gusts of 50-68 mph were recorded. Numerous branches down and some power lines. Power outages in the tens of thousands mainly over southeast WI.,Wind gusts around 50 mph and branches down.,CSV
202603,13,0,202603,13,1700,210127,1310443,WISCONSIN,55,2026,March,Strong Wind,Z,58,DODGE,MKX,13-MAR-26 00:00:00,CST-6,13-MAR-26 17:00:00,0,0,0,0,10.00K,0.00K,Mesonet,48.00,MG,,,,,,,,,,,,,,,,,,,,Strong low pressure tracked east across northern WI to Lake Huron. Westerly wind gusts of 50-68 mph were recorded. Numerous branches down and some power lines. Power outages in the tens of thousands mainly over southeast WI.,"Measured wind gusts of 50-55 mph across the county. Many branches down, and one pine tree snapped north of Watertown.",CSV
202603,13,0,202603,13,1800,210127,1310444,WISCONSIN,55,2026,March,Strong Wind,Z,59,WASHINGTON,MKX,13-MAR-26 00:00:00,CST-6,13-MAR-26 18:00:00,0,0,0,0,30.00K,0.00K,Mesonet,43.00,MG,,,,,,,,,,,,,,,,,,,,Strong low pressure tracked east across northern WI to Lake Huron. Westerly wind gusts of 50-68 mph were recorded. Numerous branches down and some power lines. Power outages in the tens of thousands mainly over southeast WI.,Measured wind gusts around 50 mph across the county. Many branches down and several thousand customers without power.,CSV
202603,13,0,202603,13,1700,210127,1310445,WISCONSIN,55,2026,March,Strong Wind,Z,64,JEFFERSON,MKX,13-MAR-26 00:00:00,CST-6,13-MAR-26 17:00:00,0,0,0,0,10.00K,0.00K,Mesonet,43.00,MG,,,,,,,,,,,,,,,,,,,,Strong low pressure tracked east across northern WI to Lake Huron. Westerly wind gusts of 50-68 mph were recorded. Numerous branches down and some power lines. Power outages in the tens of thousands mainly over southeast WI.,Measured and estimated wind gusts around 50 mph across the county. Many branches down and a small number of power outages.,CSV
202603,13,0,202603,13,1700,210127,1310446,WISCONSIN,55,2026,March,Strong Wind,Z,70,WALWORTH,MKX,13-MAR-26 00:00:00,CST-6,13-MAR-26 17:00:00,0,0,0,0,25.00K,0.00K,Mesonet,40.00,MG,,,,,,,,,,,,,,,,,,,,Strong low pressure tracked east across northern WI to Lake Huron. Westerly wind gusts of 50-68 mph were recorded. Numerous branches down and some power lines. Power outages in the tens of thousands mainly over southeast WI.,Measured and estimated wind gusts of 45-50 mph across the county. Many branches down and a small number of power outages.,CSV
202603,12,2200,202603,13,1600,210127,1310457,WISCONSIN,55,2026,March,High Wind,Z,63,DANE,MKX,12-MAR-26 22:00:00,CST-6,13-MAR-26 16:00:00,0,0,0,0,40.00K,0.00K,Mesonet,56.00,MG,,,,,,,,,,,,,,,,,,,,Strong low pressure tracked east across northern WI to Lake Huron. Westerly wind gusts of 50-68 mph were recorded. Numerous branches down and some power lines. Power outages in the tens of thousands mainly over southeast WI.,Measured wind gusts ranged from 50-64 mph. Many branches down and a small number of power outages. A large tree branch fell onto a home in Shorewood Hills with substantial damage to one end of the home.,CSV
202603,12,2100,202603,13,1200,210066,1316130,WISCONSIN,55,2026,March,Winter Storm,Z,11,FOREST,GRB,12-MAR-26 21:00:00,CST-6,13-MAR-26 12:00:00,0,0,0,0,0.00K,0.00K,Official NWS Observations,,,,,,,,,,,,,,,,,,,,,,"A clipper system tracking through the western Great Lakes Thursday evening (3/12) through Friday morning (3/13) brought a swath of heavy snow to northern Wisconsin. Snowfall totals were generally 6 to 10 inches across northern and portions of central Wisconsin.  In addition, northwest winds gusted to 40 to 50 mph Friday morning (3/13).||Some of the highest snowfall totals included 10 inches in Beaver (southern Marinette Co.) as well as White Lake (Langlade Co.), 9 inches in Nutterville (Marathon Co.) as well as Egg Harbor (Door Co.) and Merrill (Lincoln Co.), 8.8 inches in Minoqua (Oneida Co.) as well as Rhinelander (Oneida Co.), 8.6 inches in Athelstane (northern Marinette Co.), and 8.5 inches in Sister Bay (Door Co.) as well as High Falls (northern Oconto Co.) and Sister Bay (Door Co.).",Snowfall totals across Forest County were generally 6 to 10 inches.,CSV
202603,10,1700,202603,11,1000,210054,1310156,WISCONSIN,55,2026,March,Winter Storm,Z,5,VILAS,GRB,10-MAR-26 17:00:00,CST-6,11-MAR-26 10:00:00,0,0,0,0,0.00K,0.00K,COOP Observer,,,,,,,,,,,,,,,,,,,,,,A surface low tracking through the southwestern Great Lakes brought a swath of heavy snow to portions of Vilas County from Tuesday evening (3/10) through Wednesday morning (3/11).  North winds picked up later Wednesday morning (3/11) to 10 to 20 mph.  The highest snowfall amount was 6 inches in Rest Lake (Vilas Co.).,The highest snowfall total in Vilas County was 6 inches in Rest Lake.,CSV
202603,12,2200,202603,13,1700,210127,1310461,WISCONSIN,55,2026,March,High Wind,Z,56,SAUK,MKX,12-MAR-26 22:00:00,CST-6,13-MAR-26 17:00:00,0,0,0,0,15.00K,0.00K,Mesonet,51.00,MG,,,,,,,,,,,,,,,,,,,,Strong low pressure tracked east across northern WI to Lake Huron. Westerly wind gusts of 50-68 mph were recorded. Numerous branches down and some power lines. Power outages in the tens of thousands mainly over southeast WI.,Measured wind gusts ranged from 46-59 mph with the highest gust at Tri-County Regional Airport near Lone Rock. Many branches down and a small number of power outages.,CSV
202603,12,2200,202603,13,1600,210127,1310463,WISCONSIN,55,2026,March,High Wind,Z,62,IOWA,MKX,12-MAR-26 22:00:00,CST-6,13-MAR-26 16:00:00,0,0,0,0,30.00K,0.00K,Mesonet,51.00,MG,,,,,,,,,,,,,,,,,,,,Strong low pressure tracked east across northern WI to Lake Huron. Westerly wind gusts of 50-68 mph were recorded. Numerous branches down and some power lines. Power outages in the tens of thousands mainly over southeast WI.,Measured wind gust of 59 mph in the Township of Brigham. Frequent wind gusts in the 50 mph range across the county. Many branches down and some power outages.,CSV
202603,12,2200,202603,13,1600,210127,1310468,WISCONSIN,55,2026,March,High Wind,Z,67,LAFAYETTE,MKX,12-MAR-26 22:00:00,CST-6,13-MAR-26 16:00:00,0,0,0,0,15.00K,0.00K,Mesonet,54.00,MG,,,,,,,,,,,,,,,,,,,,Strong low pressure tracked east across northern WI to Lake Huron. Westerly wind gusts of 50-68 mph were recorded. Numerous branches down and some power lines. Power outages in the tens of thousands mainly over southeast WI.,Measured wind gusts of 57-62 from near Platteville to Darlington. Frequent wind gusts in the 50 mph range across the county. Many branches down and a small number of power outages.,CSV
202603,12,2200,202603,13,1700,210127,1310470,WISCONSIN,55,2026,March,High Wind,Z,68,GREEN,MKX,12-MAR-26 22:00:00,CST-6,13-MAR-26 17:00:00,0,0,0,0,15.00K,0.00K,Mesonet,54.00,MG,,,,,,,,,,,,,,,,,,,,Strong low pressure tracked east across northern WI to Lake Huron. Westerly wind gusts of 50-68 mph were recorded. Numerous branches down and some power lines. Power outages in the tens of thousands mainly over southeast WI.,Measured wind gusts of 52-62 mph from near Blanchardville to Monroe. Frequent wind gusts in the 50 mph range across the county. Many branches down and a small number of power outages.,CSV
202603,13,100,202603,13,1700,210127,1310472,WISCONSIN,55,2026,March,High Wind,Z,69,ROCK,MKX,13-MAR-26 01:00:00,CST-6,13-MAR-26 17:00:00,0,0,0,0,15.00K,0.00K,AWOS,50.00,MG,,,,,,,,,,,,,,,,,,,,Strong low pressure tracked east across northern WI to Lake Huron. Westerly wind gusts of 50-68 mph were recorded. Numerous branches down and some power lines. Power outages in the tens of thousands mainly over southeast WI.,Measured wind gust of 58 mph from the Janesville Airport. Many branches down and a small number of power outages across the county.,CSV
202603,13,0,202603,13,1700,210127,1310475,WISCONSIN,55,2026,March,High Wind,Z,71,RACINE,MKX,13-MAR-26 00:00:00,CST-6,13-MAR-26 17:00:00,0,0,0,0,15.00K,0.00K,ASOS,53.00,MG,,,,,,,,,,,,,,,,,,,,Strong low pressure tracked east across northern WI to Lake Huron. Westerly wind gusts of 50-68 mph were recorded. Numerous branches down and some power lines. Power outages in the tens of thousands mainly over southeast WI.,"Measured wind gust of 61 mph from the Racine-Batten Airport. Many branches down, and several thousand customers without power.",CSV
202603,13,0,202603,13,1800,210127,1310478,WISCONSIN,55,2026,March,High Wind,Z,66,MILWAUKEE,MKX,13-MAR-26 00:00:00,CST-6,13-MAR-26 18:00:00,0,0,0,0,50.00K,0.00K,ASOS,59.00,MG,,,,,,,,,,,,,,,,,,,,Strong low pressure tracked east across northern WI to Lake Huron. Westerly wind gusts of 50-68 mph were recorded. Numerous branches down and some power lines. Power outages in the tens of thousands mainly over southeast WI.,"Measured wind gust of 68 mph at Mitchell Field. Many branches down throughout the county, and over 20,000 customers without power.",CSV
202603,13,0,202603,13,1800,210127,1310480,WISCONSIN,55,2026,March,High Wind,Z,72,KENOSHA,MKX,13-MAR-26 00:00:00,CST-6,13-MAR-26 18:00:00,0,0,0,0,30.00K,0.00K,Trained Spotter,50.00,EG,,,,,,,,,,,,,,,,,,,,Strong low pressure tracked east across northern WI to Lake Huron. Westerly wind gusts of 50-68 mph were recorded. Numerous branches down and some power lines. Power outages in the tens of thousands mainly over southeast WI.,"Estimated wind gusts around 58 mph. Many branches down throughout the county, and several thousand customers without power.",CSV
202603,13,0,202603,13,1700,210127,1310485,WISCONSIN,55,2026,March,High Wind,Z,65,WAUKESHA,MKX,13-MAR-26 00:00:00,CST-6,13-MAR-26 17:00:00,0,0,0,0,50.00K,0.00K,Mesonet,50.00,MG,,,,,,,,,,,,,,,,,,,,Strong low pressure tracked east across northern WI to Lake Huron. Westerly wind gusts of 50-68 mph were recorded. Numerous branches down and some power lines. Power outages in the tens of thousands mainly over southeast WI.,"Measured wind gust of 58 mph in Brookfield. Many branches down throughout the county, and over 20,000 customers without power.",CSV
202603,13,100,202603,13,1800,210127,1310493,WISCONSIN,55,2026,March,High Wind,Z,60,OZAUKEE,MKX,13-MAR-26 01:00:00,CST-6,13-MAR-26 18:00:00,0,0,0,0,25.00K,0.00K,C-MAN Station,56.00,MG,,,,,,,,,,,,,,,,,,,,Strong low pressure tracked east across northern WI to Lake Huron. Westerly wind gusts of 50-68 mph were recorded. Numerous branches down and some power lines. Power outages in the tens of thousands mainly over southeast WI.,"Measured wind gust of 64 mph at the lakefront in Port Washington. Many branches down throughout the county, and several thousand customers without power.",CSV
202603,13,0,202603,13,1800,210127,1310497,WISCONSIN,55,2026,March,High Wind,Z,52,SHEBOYGAN,MKX,13-MAR-26 00:00:00,CST-6,13-MAR-26 18:00:00,0,0,0,0,25.00K,0.00K,Mesonet,55.00,MG,,,,,,,,,,,,,,,,,,,,Strong low pressure tracked east across northern WI to Lake Huron. Westerly wind gusts of 50-68 mph were recorded. Numerous branches down and some power lines. Power outages in the tens of thousands mainly over southeast WI.,"Measured wind gusts of 59 mph and 63 mph in the Sheboygan area. Many branches down throughout the county, and a small number of customers without power.",CSV
202603,12,2330,202603,13,1700,210127,1310499,WISCONSIN,55,2026,March,High Wind,Z,51,FOND DU LAC,MKX,12-MAR-26 23:30:00,CST-6,13-MAR-26 17:00:00,0,0,0,0,25.00K,0.00K,ASOS,51.00,MG,,,,,,,,,,,,,,,,,,,,Strong low pressure tracked east across northern WI to Lake Huron. Westerly wind gusts of 50-68 mph were recorded. Numerous branches down and some power lines. Power outages in the tens of thousands mainly over southeast WI.,"Measured wind gust of 59 mph at Fond du Lac Airport. Many branches down throughout the county, and a small number of customers without power.",CSV
202603,12,2100,202603,13,1200,210066,1316126,WISCONSIN,55,2026,March,Winter Storm,Z,5,VILAS,GRB,12-MAR-26 21:00:00,CST-6,13-MAR-26 12:00:00,0,0,0,0,0.00K,0.00K,CoCoRaHS,,,,,,,,,,,,,,,,,,,,,,"A clipper system tracking through the western Great Lakes Thursday evening (3/12) through Friday morning (3/13) brought a swath of heavy snow to northern Wisconsin. Snowfall totals were generally 6 to 10 inches across northern and portions of central Wisconsin.  In addition, northwest winds gusted to 40 to 50 mph Friday morning (3/13).||Some of the highest snowfall totals included 10 inches in Beaver (southern Marinette Co.) as well as White Lake (Langlade Co.), 9 inches in Nutterville (Marathon Co.) as well as Egg Harbor (Door Co.) and Merrill (Lincoln Co.), 8.8 inches in Minoqua (Oneida Co.) as well as Rhinelander (Oneida Co.), 8.6 inches in Athelstane (northern Marinette Co.), and 8.5 inches in Sister Bay (Door Co.) as well as High Falls (northern Oconto Co.) and Sister Bay (Door Co.).",The highest snowfall totals across Vilas County included 7.5 inches in Phelps as well as Manitowish Waters and 7 inches near Woodruff.,CSV
202603,30,2109,202603,30,2110,210753,1317921,WISCONSIN,55,2026,March,Hail,C,73,MARATHON,GRB,30-MAR-26 21:09:00,CST-6,30-MAR-26 21:10:00,0,0,0,0,0.00K,0.00K,Public,0.75,,,,,,,,,,,6.42,W,SHANTYTOWN,6.42,W,SHANTYTOWN,44.69,-89.55,44.69,-89.55,Elevated thunderstorms developed north of a warm front Thursday night (3/30) across central Wisconsin and east-central Wisconsin. These storms tracked eastward across the region through the early morning hours on Friday (3/31).  The strongest storms produced large hail up to golf ball size.,Penny size hail fell near Knowlton.,CSV
202603,30,2128,202603,30,2129,210753,1317922,WISCONSIN,55,2026,March,Hail,C,73,MARATHON,GRB,30-MAR-26 21:28:00,CST-6,30-MAR-26 21:29:00,0,0,0,0,0.00K,0.00K,Public,1.75,,,,,,,,,,,3.49,N,(CWA)CEN WI ARPT MOS,3.49,N,(CWA)CEN WI ARPT MOS,44.83,-89.66,44.83,-89.66,Elevated thunderstorms developed north of a warm front Thursday night (3/30) across central Wisconsin and east-central Wisconsin. These storms tracked eastward across the region through the early morning hours on Friday (3/31).  The strongest storms produced large hail up to golf ball size.,Golf ball size hail fell near Evergreen.,CSV
202603,30,2140,202603,30,2141,210753,1317923,WISCONSIN,55,2026,March,Hail,C,73,MARATHON,GRB,30-MAR-26 21:40:00,CST-6,30-MAR-26 21:41:00,0,0,0,0,0.00K,0.00K,Public,0.75,,,,,,,,,,,2.02,NW,MOSINEE,2.02,NW,MOSINEE,44.8,-89.73,44.8,-89.73,Elevated thunderstorms developed north of a warm front Thursday night (3/30) across central Wisconsin and east-central Wisconsin. These storms tracked eastward across the region through the early morning hours on Friday (3/31).  The strongest storms produced large hail up to golf ball size.,Penny size hail fell near Mosinee.,CSV
202603,30,2202,202603,30,2203,210753,1317924,WISCONSIN,55,2026,March,Hail,C,15,CALUMET,GRB,30-MAR-26 22:02:00,CST-6,30-MAR-26 22:03:00,0,0,0,0,0.00K,0.00K,Public,1.75,,,,,,,,,,,0,N,STOCKBRIDGE,0,N,STOCKBRIDGE,44.07,-88.3,44.07,-88.3,Elevated thunderstorms developed north of a warm front Thursday night (3/30) across central Wisconsin and east-central Wisconsin. These storms tracked eastward across the region through the early morning hours on Friday (3/31).  The strongest storms produced large hail up to golf ball size.,Golf ball size hail fell in Stockbridge.,CSV
202603,30,2221,202603,30,2222,210753,1317925,WISCONSIN,55,2026,March,Hail,C,15,CALUMET,GRB,30-MAR-26 22:21:00,CST-6,30-MAR-26 22:22:00,0,0,0,0,0.00K,0.00K,Public,1.00,,,,,,,,,,,1.38,S,BRILLION,1.38,S,BRILLION,44.16,-88.07,44.16,-88.07,Elevated thunderstorms developed north of a warm front Thursday night (3/30) across central Wisconsin and east-central Wisconsin. These storms tracked eastward across the region through the early morning hours on Friday (3/31).  The strongest storms produced large hail up to golf ball size.,Quarter size hail fell in Brillion.,CSV
202603,12,2100,202603,13,1100,210066,1316128,WISCONSIN,55,2026,March,Winter Storm,Z,10,ONEIDA,GRB,12-MAR-26 21:00:00,CST-6,13-MAR-26 11:00:00,0,0,0,0,0.00K,0.00K,COOP Observer,,,,,,,,,,,,,,,,,,,,,,"A clipper system tracking through the western Great Lakes Thursday evening (3/12) through Friday morning (3/13) brought a swath of heavy snow to northern Wisconsin. Snowfall totals were generally 6 to 10 inches across northern and portions of central Wisconsin.  In addition, northwest winds gusted to 40 to 50 mph Friday morning (3/13).||Some of the highest snowfall totals included 10 inches in Beaver (southern Marinette Co.) as well as White Lake (Langlade Co.), 9 inches in Nutterville (Marathon Co.) as well as Egg Harbor (Door Co.) and Merrill (Lincoln Co.), 8.8 inches in Minoqua (Oneida Co.) as well as Rhinelander (Oneida Co.), 8.6 inches in Athelstane (northern Marinette Co.), and 8.5 inches in Sister Bay (Door Co.) as well as High Falls (northern Oconto Co.) and Sister Bay (Door Co.).",The highest snowfall total in Oneida County was 8.8 inches in Minocqua as well as Rhinelander.,CSV
202603,12,2200,202603,13,1200,210066,1316133,WISCONSIN,55,2026,March,Winter Storm,Z,12,FLORENCE,GRB,12-MAR-26 22:00:00,CST-6,13-MAR-26 12:00:00,0,0,0,0,0.00K,0.00K,COOP Observer,,,,,,,,,,,,,,,,,,,,,,"A clipper system tracking through the western Great Lakes Thursday evening (3/12) through Friday morning (3/13) brought a swath of heavy snow to northern Wisconsin. Snowfall totals were generally 6 to 10 inches across northern and portions of central Wisconsin.  In addition, northwest winds gusted to 40 to 50 mph Friday morning (3/13).||Some of the highest snowfall totals included 10 inches in Beaver (southern Marinette Co.) as well as White Lake (Langlade Co.), 9 inches in Nutterville (Marathon Co.) as well as Egg Harbor (Door Co.) and Merrill (Lincoln Co.), 8.8 inches in Minoqua (Oneida Co.) as well as Rhinelander (Oneida Co.), 8.6 inches in Athelstane (northern Marinette Co.), and 8.5 inches in Sister Bay (Door Co.) as well as High Falls (northern Oconto Co.) and Sister Bay (Door Co.).","The highest snowfall totals across Florence County included 8 inches in Aurora, 7 inches in Florence, and 6.5 inches in Spread Eagle.",CSV
202603,12,2000,202603,13,900,210066,1316134,WISCONSIN,55,2026,March,Winter Storm,Z,18,LINCOLN,GRB,12-MAR-26 20:00:00,CST-6,13-MAR-26 09:00:00,0,0,0,0,0.00K,0.00K,COOP Observer,,,,,,,,,,,,,,,,,,,,,,"A clipper system tracking through the western Great Lakes Thursday evening (3/12) through Friday morning (3/13) brought a swath of heavy snow to northern Wisconsin. Snowfall totals were generally 6 to 10 inches across northern and portions of central Wisconsin.  In addition, northwest winds gusted to 40 to 50 mph Friday morning (3/13).||Some of the highest snowfall totals included 10 inches in Beaver (southern Marinette Co.) as well as White Lake (Langlade Co.), 9 inches in Nutterville (Marathon Co.) as well as Egg Harbor (Door Co.) and Merrill (Lincoln Co.), 8.8 inches in Minoqua (Oneida Co.) as well as Rhinelander (Oneida Co.), 8.6 inches in Athelstane (northern Marinette Co.), and 8.5 inches in Sister Bay (Door Co.) as well as High Falls (northern Oconto Co.) and Sister Bay (Door Co.).",The highest snowfall totals across Lincoln County included 9 inches near Merrill as well as Hamburg and 8 inches in Tomahawk.,CSV
202603,30,2303,202603,30,2304,210753,1317926,WISCONSIN,55,2026,March,Hail,C,9,BROWN,GRB,30-MAR-26 23:03:00,CST-6,30-MAR-26 23:04:00,0,0,0,0,0.00K,0.00K,Public,1.50,,,,,,,,,,,3.76,NNW,ASHWAUBENON,3.76,NNW,ASHWAUBENON,44.52,-88.11,44.52,-88.11,Elevated thunderstorms developed north of a warm front Thursday night (3/30) across central Wisconsin and east-central Wisconsin. These storms tracked eastward across the region through the early morning hours on Friday (3/31).  The strongest storms produced large hail up to golf ball size.,Ping pong size hail fell near Ashwaubenon.,CSV
202603,30,2305,202603,30,2306,210753,1317927,WISCONSIN,55,2026,March,Hail,C,9,BROWN,GRB,30-MAR-26 23:05:00,CST-6,30-MAR-26 23:06:00,0,0,0,0,0.00K,0.00K,NWS Employee,1.25,,,,,,,,,,,2.55,NW,ASHWAUBENON,2.55,NW,ASHWAUBENON,44.5,-88.11,44.5,-88.11,Elevated thunderstorms developed north of a warm front Thursday night (3/30) across central Wisconsin and east-central Wisconsin. These storms tracked eastward across the region through the early morning hours on Friday (3/31).  The strongest storms produced large hail up to golf ball size.,Half dollar size hail fell near Ashwaubenon.,CSV
202603,30,2300,202603,30,2301,210753,1317928,WISCONSIN,55,2026,March,Hail,C,9,BROWN,GRB,30-MAR-26 23:00:00,CST-6,30-MAR-26 23:01:00,0,0,0,0,0.00K,0.00K,Public,1.00,,,,,,,,,,,1.7,SW,CORMIER,1.7,SW,CORMIER,44.55,-88.09,44.55,-88.09,Elevated thunderstorms developed north of a warm front Thursday night (3/30) across central Wisconsin and east-central Wisconsin. These storms tracked eastward across the region through the early morning hours on Friday (3/31).  The strongest storms produced large hail up to golf ball size.,Quarter size hail fell near Howard.  The time of this report is an estimate based on radar data.,CSV
202603,30,2311,202603,30,2312,210753,1317929,WISCONSIN,55,2026,March,Hail,C,9,BROWN,GRB,30-MAR-26 23:11:00,CST-6,30-MAR-26 23:12:00,0,0,0,0,0.00K,0.00K,Social Media,1.00,,,,,,,,,,,.69,N,ALLOUEZ,.69,N,ALLOUEZ,44.48,-88.02,44.48,-88.02,Elevated thunderstorms developed north of a warm front Thursday night (3/30) across central Wisconsin and east-central Wisconsin. These storms tracked eastward across the region through the early morning hours on Friday (3/31).  The strongest storms produced large hail up to golf ball size.,Quarter size hail fell in Allouez. The time of this report is an estimate based on radar data.,CSV
202603,30,2307,202603,30,2308,210753,1317930,WISCONSIN,55,2026,March,Hail,C,9,BROWN,GRB,30-MAR-26 23:07:00,CST-6,30-MAR-26 23:08:00,0,0,0,0,0.00K,0.00K,Public,1.75,,,,,,,,,,,2.76,N,ASHWAUBENON,2.76,N,ASHWAUBENON,44.51,-88.08,44.51,-88.08,Elevated thunderstorms developed north of a warm front Thursday night (3/30) across central Wisconsin and east-central Wisconsin. These storms tracked eastward across the region through the early morning hours on Friday (3/31).  The strongest storms produced large hail up to golf ball size.,Golf ball hail fell near Ashwaubenon. The time of this report is an estimate based on radar data.,CSV
202603,30,2204,202603,30,2205,210753,1323222,WISCONSIN,55,2026,March,Hail,C,115,SHAWANO,GRB,30-MAR-26 22:04:00,CST-6,30-MAR-26 22:05:00,0,0,0,0,0.00K,0.00K,Social Media,1.00,,,,,,,,,,,.49,W,THORNTON,.49,W,THORNTON,44.8,-88.69,44.8,-88.69,Elevated thunderstorms developed north of a warm front Thursday night (3/30) across central Wisconsin and east-central Wisconsin. These storms tracked eastward across the region through the early morning hours on Friday (3/31).  The strongest storms produced large hail up to golf ball size.,Quarter size hail fell in Thornton.  The time of this report is an estimate based on radar data.,CSV
202603,12,2100,202603,13,1100,210066,1316165,WISCONSIN,55,2026,March,Winter Storm,Z,19,LANGLADE,GRB,12-MAR-26 21:00:00,CST-6,13-MAR-26 11:00:00,0,0,0,0,0.00K,0.00K,COOP Observer,,,,,,,,,,,,,,,,,,,,,,"A clipper system tracking through the western Great Lakes Thursday evening (3/12) through Friday morning (3/13) brought a swath of heavy snow to northern Wisconsin. Snowfall totals were generally 6 to 10 inches across northern and portions of central Wisconsin.  In addition, northwest winds gusted to 40 to 50 mph Friday morning (3/13).||Some of the highest snowfall totals included 10 inches in Beaver (southern Marinette Co.) as well as White Lake (Langlade Co.), 9 inches in Nutterville (Marathon Co.) as well as Egg Harbor (Door Co.) and Merrill (Lincoln Co.), 8.8 inches in Minoqua (Oneida Co.) as well as Rhinelander (Oneida Co.), 8.6 inches in Athelstane (northern Marinette Co.), and 8.5 inches in Sister Bay (Door Co.) as well as High Falls (northern Oconto Co.) and Sister Bay (Door Co.).",The highest snowfall total in Langlade County was 10 inches in White Lake.,CSV
202603,12,2100,202603,13,1100,210066,1316166,WISCONSIN,55,2026,March,Winter Storm,Z,20,MENOMINEE,GRB,12-MAR-26 21:00:00,CST-6,13-MAR-26 11:00:00,0,0,0,0,0.00K,0.00K,Official NWS Observations,,,,,,,,,,,,,,,,,,,,,,"A clipper system tracking through the western Great Lakes Thursday evening (3/12) through Friday morning (3/13) brought a swath of heavy snow to northern Wisconsin. Snowfall totals were generally 6 to 10 inches across northern and portions of central Wisconsin.  In addition, northwest winds gusted to 40 to 50 mph Friday morning (3/13).||Some of the highest snowfall totals included 10 inches in Beaver (southern Marinette Co.) as well as White Lake (Langlade Co.), 9 inches in Nutterville (Marathon Co.) as well as Egg Harbor (Door Co.) and Merrill (Lincoln Co.), 8.8 inches in Minoqua (Oneida Co.) as well as Rhinelander (Oneida Co.), 8.6 inches in Athelstane (northern Marinette Co.), and 8.5 inches in Sister Bay (Door Co.) as well as High Falls (northern Oconto Co.) and Sister Bay (Door Co.).",Snowfall totals across Menominee County were generally 6 to 10 inches.,CSV
202603,12,2100,202603,13,1100,210066,1316167,WISCONSIN,55,2026,March,Winter Storm,Z,21,NORTHERN OCONTO,GRB,12-MAR-26 21:00:00,CST-6,13-MAR-26 11:00:00,0,0,0,0,0.00K,0.00K,COOP Observer,,,,,,,,,,,,,,,,,,,,,,"A clipper system tracking through the western Great Lakes Thursday evening (3/12) through Friday morning (3/13) brought a swath of heavy snow to northern Wisconsin. Snowfall totals were generally 6 to 10 inches across northern and portions of central Wisconsin.  In addition, northwest winds gusted to 40 to 50 mph Friday morning (3/13).||Some of the highest snowfall totals included 10 inches in Beaver (southern Marinette Co.) as well as White Lake (Langlade Co.), 9 inches in Nutterville (Marathon Co.) as well as Egg Harbor (Door Co.) and Merrill (Lincoln Co.), 8.8 inches in Minoqua (Oneida Co.) as well as Rhinelander (Oneida Co.), 8.6 inches in Athelstane (northern Marinette Co.), and 8.5 inches in Sister Bay (Door Co.) as well as High Falls (northern Oconto Co.) and Sister Bay (Door Co.).","The highest snowfall totals across northern Oconto County included 9 inches in Mountain, 8.5 inches in High Falls, and 7.2 inches in Townsend.",CSV
202603,31,953,202603,31,954,210965,1317931,WISCONSIN,55,2026,March,Hail,C,9,BROWN,GRB,31-MAR-26 09:53:00,CST-6,31-MAR-26 09:54:00,0,0,0,0,0.00K,0.00K,Trained Spotter,0.88,,,,,,,,,,,2.41,SW,BAY SETTLEMENT,2.41,SW,BAY SETTLEMENT,44.53,-87.92,44.53,-87.92,A line of elevated thunderstorms tracked through central and east-central Wisconsin during the middle to late part of the morning on Friday (3/31) north of a semi-stationary boundary.  The strongest storms produced hail up to nickel size.,Nickel size hail fell near Bay Settlement.,CSV
202603,12,2200,202603,13,1200,210066,1316168,WISCONSIN,55,2026,March,Winter Storm,Z,13,NORTHERN MARINETTE,GRB,12-MAR-26 22:00:00,CST-6,13-MAR-26 12:00:00,0,0,0,0,0.00K,0.00K,COOP Observer,,,,,,,,,,,,,,,,,,,,,,"A clipper system tracking through the western Great Lakes Thursday evening (3/12) through Friday morning (3/13) brought a swath of heavy snow to northern Wisconsin. Snowfall totals were generally 6 to 10 inches across northern and portions of central Wisconsin.  In addition, northwest winds gusted to 40 to 50 mph Friday morning (3/13).||Some of the highest snowfall totals included 10 inches in Beaver (southern Marinette Co.) as well as White Lake (Langlade Co.), 9 inches in Nutterville (Marathon Co.) as well as Egg Harbor (Door Co.) and Merrill (Lincoln Co.), 8.8 inches in Minoqua (Oneida Co.) as well as Rhinelander (Oneida Co.), 8.6 inches in Athelstane (northern Marinette Co.), and 8.5 inches in Sister Bay (Door Co.) as well as High Falls (northern Oconto Co.) and Sister Bay (Door Co.).",The highest snowfall total in northern Marinette County was 8.6 inches in Athelstane.,CSV
202603,12,2100,202603,13,600,210066,1316169,WISCONSIN,55,2026,March,Winter Storm,Z,73,SOUTHERN MARINETTE,GRB,12-MAR-26 21:00:00,CST-6,13-MAR-26 06:00:00,0,0,0,0,0.00K,0.00K,COOP Observer,,,,,,,,,,,,,,,,,,,,,,"A clipper system tracking through the western Great Lakes Thursday evening (3/12) through Friday morning (3/13) brought a swath of heavy snow to northern Wisconsin. Snowfall totals were generally 6 to 10 inches across northern and portions of central Wisconsin.  In addition, northwest winds gusted to 40 to 50 mph Friday morning (3/13).||Some of the highest snowfall totals included 10 inches in Beaver (southern Marinette Co.) as well as White Lake (Langlade Co.), 9 inches in Nutterville (Marathon Co.) as well as Egg Harbor (Door Co.) and Merrill (Lincoln Co.), 8.8 inches in Minoqua (Oneida Co.) as well as Rhinelander (Oneida Co.), 8.6 inches in Athelstane (northern Marinette Co.), and 8.5 inches in Sister Bay (Door Co.) as well as High Falls (northern Oconto Co.) and Sister Bay (Door Co.).",The highest snowfall totals across southern Marinette County included 10 inches in Beaver and 6 inches in Crivitz.,CSV
202603,12,2100,202603,13,600,210066,1316170,WISCONSIN,55,2026,March,Winter Storm,Z,74,SOUTHERN OCONTO,GRB,12-MAR-26 21:00:00,CST-6,13-MAR-26 06:00:00,0,0,0,0,0.00K,0.00K,COOP Observer,,,,,,,,,,,,,,,,,,,,,,"A clipper system tracking through the western Great Lakes Thursday evening (3/12) through Friday morning (3/13) brought a swath of heavy snow to northern Wisconsin. Snowfall totals were generally 6 to 10 inches across northern and portions of central Wisconsin.  In addition, northwest winds gusted to 40 to 50 mph Friday morning (3/13).||Some of the highest snowfall totals included 10 inches in Beaver (southern Marinette Co.) as well as White Lake (Langlade Co.), 9 inches in Nutterville (Marathon Co.) as well as Egg Harbor (Door Co.) and Merrill (Lincoln Co.), 8.8 inches in Minoqua (Oneida Co.) as well as Rhinelander (Oneida Co.), 8.6 inches in Athelstane (northern Marinette Co.), and 8.5 inches in Sister Bay (Door Co.) as well as High Falls (northern Oconto Co.) and Sister Bay (Door Co.).",The highest snowfall total in southern Oconto County was 6.3 inches in Stiles.,CSV
202603,31,959,202603,31,1000,210965,1317932,WISCONSIN,55,2026,March,Hail,C,87,OUTAGAMIE,GRB,31-MAR-26 09:59:00,CST-6,31-MAR-26 10:00:00,0,0,0,0,0.00K,0.00K,Trained Spotter,0.88,,,,,,,,,,,2.57,WSW,APPLECREEK,2.57,WSW,APPLECREEK,44.32,-88.38,44.32,-88.38,A line of elevated thunderstorms tracked through central and east-central Wisconsin during the middle to late part of the morning on Friday (3/31) north of a semi-stationary boundary.  The strongest storms produced hail up to nickel size.,Nickel size hail fell near Mackville.,CSV
202603,12,2000,202603,13,1000,210066,1316171,WISCONSIN,55,2026,March,Winter Storm,Z,30,MARATHON,GRB,12-MAR-26 20:00:00,CST-6,13-MAR-26 10:00:00,0,0,0,0,0.00K,0.00K,COOP Observer,,,,,,,,,,,,,,,,,,,,,,"A clipper system tracking through the western Great Lakes Thursday evening (3/12) through Friday morning (3/13) brought a swath of heavy snow to northern Wisconsin. Snowfall totals were generally 6 to 10 inches across northern and portions of central Wisconsin.  In addition, northwest winds gusted to 40 to 50 mph Friday morning (3/13).||Some of the highest snowfall totals included 10 inches in Beaver (southern Marinette Co.) as well as White Lake (Langlade Co.), 9 inches in Nutterville (Marathon Co.) as well as Egg Harbor (Door Co.) and Merrill (Lincoln Co.), 8.8 inches in Minoqua (Oneida Co.) as well as Rhinelander (Oneida Co.), 8.6 inches in Athelstane (northern Marinette Co.), and 8.5 inches in Sister Bay (Door Co.) as well as High Falls (northern Oconto Co.) and Sister Bay (Door Co.).","The highest snowfall totals across Marathon County included 9 inches in Nutterville, 8.4 inches in Wausau, and 7.2 inches in Weston.",CSV
202603,12,2100,202603,13,700,210066,1316172,WISCONSIN,55,2026,March,Winter Storm,Z,31,SHAWANO,GRB,12-MAR-26 21:00:00,CST-6,13-MAR-26 07:00:00,0,0,0,0,0.00K,0.00K,COOP Observer,,,,,,,,,,,,,,,,,,,,,,"A clipper system tracking through the western Great Lakes Thursday evening (3/12) through Friday morning (3/13) brought a swath of heavy snow to northern Wisconsin. Snowfall totals were generally 6 to 10 inches across northern and portions of central Wisconsin.  In addition, northwest winds gusted to 40 to 50 mph Friday morning (3/13).||Some of the highest snowfall totals included 10 inches in Beaver (southern Marinette Co.) as well as White Lake (Langlade Co.), 9 inches in Nutterville (Marathon Co.) as well as Egg Harbor (Door Co.) and Merrill (Lincoln Co.), 8.8 inches in Minoqua (Oneida Co.) as well as Rhinelander (Oneida Co.), 8.6 inches in Athelstane (northern Marinette Co.), and 8.5 inches in Sister Bay (Door Co.) as well as High Falls (northern Oconto Co.) and Sister Bay (Door Co.).",The highest snowfall total in Shawano County was 7.3 inches in Split Rock.,CSV
202603,12,2200,202603,13,1200,210066,1316173,WISCONSIN,55,2026,March,Winter Storm,Z,22,DOOR,GRB,12-MAR-26 22:00:00,CST-6,13-MAR-26 12:00:00,0,0,0,0,0.00K,0.00K,COOP Observer,,,,,,,,,,,,,,,,,,,,,,"A clipper system tracking through the western Great Lakes Thursday evening (3/12) through Friday morning (3/13) brought a swath of heavy snow to northern Wisconsin. Snowfall totals were generally 6 to 10 inches across northern and portions of central Wisconsin.  In addition, northwest winds gusted to 40 to 50 mph Friday morning (3/13).||Some of the highest snowfall totals included 10 inches in Beaver (southern Marinette Co.) as well as White Lake (Langlade Co.), 9 inches in Nutterville (Marathon Co.) as well as Egg Harbor (Door Co.) and Merrill (Lincoln Co.), 8.8 inches in Minoqua (Oneida Co.) as well as Rhinelander (Oneida Co.), 8.6 inches in Athelstane (northern Marinette Co.), and 8.5 inches in Sister Bay (Door Co.) as well as High Falls (northern Oconto Co.) and Sister Bay (Door Co.).",The highest snowfall totals across Door County included 9 inches in Egg Harbor and 8.5 inches in Sister Bay.,CSV
202603,15,1800,202603,16,900,211748,1325134,WISCONSIN,55,2026,March,Winter Storm,Z,55,RICHLAND,ARX,15-MAR-26 18:00:00,CST-6,16-MAR-26 09:00:00,0,0,0,0,0.00K,0.00K,Public,,,,,,,,,,,,,,,,,,,,,,"A historic and complex winter storm moved into western Wisconsin during the late evening hours on March 14th and continued through the morning on March 16th. Along the I-90 corridor, a period of heavy sleet manifested for the morning hours which was accompanied by thunder at times before switching to snow by late morning. North of I-90, a band of heavy snow set up during the morning hours on March 15th resulting in rapid snowfall accumulations with locations receiving upwards of 18 to 26 inches of snow. As the evening approached on March 15th, a secondary round of snow moved into the area with increasing winds leading to localized whiteout conditions at times before the winter storm exited the area towards daybreak. Numerous vehicles were stranded on I-94 as a result of the heavy snow near Osseo, WI.",This winter storm brought heavy snowfall totals to Richland County with snowfall reports across the county of 5 to 10 inches. The highest snowfall report in the county was 10 inches 1 mile south-southwest of Yuba.,CSV
202603,15,1600,202603,16,700,211748,1325227,WISCONSIN,55,2026,March,Winter Storm,Z,53,VERNON,ARX,15-MAR-26 16:00:00,CST-6,16-MAR-26 07:00:00,0,0,0,0,0.00K,0.00K,Public,,,,,,,,,,,,,,,,,,,,,,"A historic and complex winter storm moved into western Wisconsin during the late evening hours on March 14th and continued through the morning on March 16th. Along the I-90 corridor, a period of heavy sleet manifested for the morning hours which was accompanied by thunder at times before switching to snow by late morning. North of I-90, a band of heavy snow set up during the morning hours on March 15th resulting in rapid snowfall accumulations with locations receiving upwards of 18 to 26 inches of snow. As the evening approached on March 15th, a secondary round of snow moved into the area with increasing winds leading to localized whiteout conditions at times before the winter storm exited the area towards daybreak. Numerous vehicles were stranded on I-94 as a result of the heavy snow near Osseo, WI.",This winter storm brought heavy snow to Vernon County with snowfall totals ranging from 4 to 11 inches across the county. The highest snowfall total reported was in De Soto where 11.3 inches was measured.,CSV
202603,16,200,202603,16,1000,212236,1327407,WISCONSIN,55,2026,March,Blizzard,Z,72,KENOSHA,MKX,16-MAR-26 02:00:00,CST-6,16-MAR-26 10:00:00,0,0,0,0,0.00K,0.00K,Trained Spotter,,,,,,,,,,,,,,,,,,,,,,"A band of moderate to heavy snow moved across southern Wisconsin on the back side of a strong low pressure system moving into Lower Michigan, bringing a wide range of 4 to 16 inches of snow accumulation to southern Wisconsin. Snow was accompanied by frequent wind gusts of 35 to 60 mph and white-out conditions with visibilities down to 1/4 to 3/4 mile for an eight to twelve hour period of time.",Snowfall totals of 3 to 6 inches and winds of 40 to 50 mph caused frequent white-out conditions across the county. All schools were closed.,CSV
202603,16,200,202603,16,1000,212236,1327450,WISCONSIN,55,2026,March,Blizzard,Z,70,WALWORTH,MKX,16-MAR-26 02:00:00,CST-6,16-MAR-26 10:00:00,0,0,0,0,0.00K,0.00K,Trained Spotter,,,,,,,,,,,,,,,,,,,,,,"A band of moderate to heavy snow moved across southern Wisconsin on the back side of a strong low pressure system moving into Lower Michigan, bringing a wide range of 4 to 16 inches of snow accumulation to southern Wisconsin. Snow was accompanied by frequent wind gusts of 35 to 60 mph and white-out conditions with visibilities down to 1/4 to 3/4 mile for an eight to twelve hour period of time.",Snowfall totals of 6 to 8 inches and winds of 35 to 45 mph caused frequent white-out conditions across the county. All schools were closed.,CSV
202603,15,1800,202603,16,700,211748,1326085,WISCONSIN,55,2026,March,Winter Storm,Z,61,GRANT,ARX,15-MAR-26 18:00:00,CST-6,16-MAR-26 07:00:00,0,0,0,0,0.00K,0.00K,CoCoRaHS,,,,,,,,,,,,,,,,,,,,,,"A historic and complex winter storm moved into western Wisconsin during the late evening hours on March 14th and continued through the morning on March 16th. Along the I-90 corridor, a period of heavy sleet manifested for the morning hours which was accompanied by thunder at times before switching to snow by late morning. North of I-90, a band of heavy snow set up during the morning hours on March 15th resulting in rapid snowfall accumulations with locations receiving upwards of 18 to 26 inches of snow. As the evening approached on March 15th, a secondary round of snow moved into the area with increasing winds leading to localized whiteout conditions at times before the winter storm exited the area towards daybreak. Numerous vehicles were stranded on I-94 as a result of the heavy snow near Osseo, WI.","The combination of gusty winds and falling snow resulted in a period of near-whiteout conditions across Grant County during the evening on March 15th through the morning hours on March 16th. Additionally, snowfall totals across the county ranged between 2 to 6 inches with the highest snowfall total being 5.7 inches 5 miles south of Muscoda.",CSV
202603,12,1800,202603,13,1500,211726,1325781,WISCONSIN,55,2026,March,Heavy Snow,Z,2,BAYFIELD,DLH,12-MAR-26 18:00:00,CST-6,13-MAR-26 15:00:00,0,0,0,0,0.00K,0.00K,CoCoRaHS,,,,,,,,,,,,,,,,,,,,,,Low pressure moved from the Northern Rockies the morning of the 12th to the Upper Great Lakes the morning of the 13th and deepened as it moved east. This brought heavy snowfall to the region starting the afternoon/evening of the 12th and continued into the morning of the 13th. Snowfall totals of 5 to 10 inches were seen across the area with a high report of 11 inches in Gile.,Snowfall totals across the county were in the 4 to 8 inch range for the event with the highest totals across the northern part of the county. A high report of 10 inches was received from just southwest of Washburn.,CSV
202603,12,1800,202603,13,500,211726,1325784,WISCONSIN,55,2026,March,Heavy Snow,Z,1,DOUGLAS,DLH,12-MAR-26 18:00:00,CST-6,13-MAR-26 05:00:00,0,0,0,0,0.00K,0.00K,CoCoRaHS,,,,,,,,,,,,,,,,,,,,,,Low pressure moved from the Northern Rockies the morning of the 12th to the Upper Great Lakes the morning of the 13th and deepened as it moved east. This brought heavy snowfall to the region starting the afternoon/evening of the 12th and continued into the morning of the 13th. Snowfall totals of 5 to 10 inches were seen across the area with a high report of 11 inches in Gile.,Snowfall totals for the event were in the 5 to 8 inch range. A high report of 9 inches was reported from the Foxboro area.,CSV
202603,12,1900,202603,13,1500,211726,1325786,WISCONSIN,55,2026,March,Heavy Snow,Z,3,ASHLAND,DLH,12-MAR-26 19:00:00,CST-6,13-MAR-26 15:00:00,0,0,0,0,0.00K,0.00K,CoCoRaHS,,,,,,,,,,,,,,,,,,,,,,Low pressure moved from the Northern Rockies the morning of the 12th to the Upper Great Lakes the morning of the 13th and deepened as it moved east. This brought heavy snowfall to the region starting the afternoon/evening of the 12th and continued into the morning of the 13th. Snowfall totals of 5 to 10 inches were seen across the area with a high report of 11 inches in Gile.,Snowfall totals were in the 4 to 8 inch range for the event with the highest amounts in the northern part of the county. A high report of 8 inches was received from Ashland.,CSV
202603,12,1900,202603,13,800,211756,1323475,WISCONSIN,55,2026,March,Winter Storm,Z,17,TAYLOR,ARX,12-MAR-26 19:00:00,CST-6,13-MAR-26 08:00:00,0,0,0,0,0.00K,0.00K,CoCoRaHS,,,,,,,,,,,,,,,,,,,,,,"A compact low pressure system moved through the region from the evening hours of March 12th to the morning on March 13th. As this moved northward, a band of heavy snow moved through Taylor County bringing heavy snow accumulations to the area. Combined with increased winds, this resulted in localized whiteout conditions at times.",Snowfall totals across Taylor County ranged from 6 to 8 inches as snow moved through the region during the evening on March 12th and into the early morning on March 13th. The highest reported snowfall total in the county was in Westboro where 7.7 inches was measured.,CSV
202603,15,800,202603,16,100,212233,1327023,WISCONSIN,55,2026,March,Winter Weather,Z,63,DANE,MKX,15-MAR-26 08:00:00,CST-6,16-MAR-26 01:00:00,0,0,0,0,0.00K,0.00K,Trained Spotter,,,,,,,,,,,,,,,,,,,,,,"Light to moderate precipitation tracking through central Wisconsin where surface temperatures were below freezing produced freezing rain and sleet in the late morning and early afternoon. The below-freezing temperatures expanded into southeast Wisconsin during the late evening and early morning hours before the precipitation ended. Surfaces quickly became ice-covered and slippery based on web cameras, surface observations, and traffic reports.",A light glaze due to freezing rain and intermittent sleet north of Sun Prairie.,CSV
202603,15,2200,202603,16,200,212233,1327030,WISCONSIN,55,2026,March,Winter Weather,Z,72,KENOSHA,MKX,15-MAR-26 22:00:00,CST-6,16-MAR-26 02:00:00,0,0,0,0,0.00K,0.00K,Trained Spotter,,,,,,,,,,,,,,,,,,,,,,"Light to moderate precipitation tracking through central Wisconsin where surface temperatures were below freezing produced freezing rain and sleet in the late morning and early afternoon. The below-freezing temperatures expanded into southeast Wisconsin during the late evening and early morning hours before the precipitation ended. Surfaces quickly became ice-covered and slippery based on web cameras, surface observations, and traffic reports.",A light glaze due to light freezing rain and intermittent sleet.,CSV
202604,2,100,202604,2,1000,213208,1335264,WISCONSIN,55,2026,April,Ice Storm,Z,25,DUNN,MPX,02-APR-26 01:00:00,CST-6,02-APR-26 10:00:00,0,0,0,0,0.00K,0.00K,Law Enforcement,,,,,,,,,,,,,,,,,,,,,,"A strong Spring system brought a variety of precipitation types to the region early April (4/1 to 4/2). Low pressure swept across Minnesota and Wisconsin from the SW to the NE with warmer air south of the low's core and colder air north.  Areas across western Wisconsin observed a mix of rain/snow/freezing rain/and sleet. This system produced two waves; the first wave arrived during the evening hours of April 1st and lasted into the following day and produced several hours of freezing precipitation. Given concerns of heavy icing, Ice Storm warnings were issued for portions of western WI. On early April 2nd, law enforcement dispatches in Dunn, Chippewa, and Eau Claire Counties reported downed trees and powerlines due to icing.  The thickest ice accretion report was located in St. Croix County of measuring 3/8 inches thick 2 miles NNE of Woodville. ||A lull of activity followed the first wave of precipitation. The second wave arrived April 3rd and persisted into early April 4th. Given that the low's track kept western WI within the warm sector of this system, the precipitation type was mostly rain.",Multiple reports of trees down from icing in Colfax and Menomonie. One tree had fallen onto powerlines.,CSV
202603,12,2000,202603,13,600,211726,1325791,WISCONSIN,55,2026,March,Heavy Snow,Z,4,IRON,DLH,12-MAR-26 20:00:00,CST-6,13-MAR-26 06:00:00,0,0,0,0,0.00K,0.00K,CoCoRaHS,,,,,,,,,,,,,,,,,,,,,,Low pressure moved from the Northern Rockies the morning of the 12th to the Upper Great Lakes the morning of the 13th and deepened as it moved east. This brought heavy snowfall to the region starting the afternoon/evening of the 12th and continued into the morning of the 13th. Snowfall totals of 5 to 10 inches were seen across the area with a high report of 11 inches in Gile.,Snowfall totals across the county were generally in the 4 to 7 inch range for the event. Higher totals were reported along the State Highway 77 corridor with a high report of 11 inches in Gile.,CSV
202603,12,1900,202603,13,1200,211726,1325792,WISCONSIN,55,2026,March,Heavy Snow,Z,9,PRICE,DLH,12-MAR-26 19:00:00,CST-6,13-MAR-26 12:00:00,0,0,0,0,0.00K,0.00K,CoCoRaHS,,,,,,,,,,,,,,,,,,,,,,Low pressure moved from the Northern Rockies the morning of the 12th to the Upper Great Lakes the morning of the 13th and deepened as it moved east. This brought heavy snowfall to the region starting the afternoon/evening of the 12th and continued into the morning of the 13th. Snowfall totals of 5 to 10 inches were seen across the area with a high report of 11 inches in Gile.,Snowfall totals for the event were in the 4 to 7 inch range across the county. A high report of 8 inches was received from Phillips.,CSV
202603,15,1900,202603,15,2300,212233,1327031,WISCONSIN,55,2026,March,Winter Weather,Z,71,RACINE,MKX,15-MAR-26 19:00:00,CST-6,15-MAR-26 23:00:00,0,0,0,0,0.00K,0.00K,Trained Spotter,,,,,,,,,,,,,,,,,,,,,,"Light to moderate precipitation tracking through central Wisconsin where surface temperatures were below freezing produced freezing rain and sleet in the late morning and early afternoon. The below-freezing temperatures expanded into southeast Wisconsin during the late evening and early morning hours before the precipitation ended. Surfaces quickly became ice-covered and slippery based on web cameras, surface observations, and traffic reports.",A light glaze due to light freezing rain and intermittent sleet.,CSV
202603,15,1800,202603,15,2300,212233,1327032,WISCONSIN,55,2026,March,Winter Weather,Z,66,MILWAUKEE,MKX,15-MAR-26 18:00:00,CST-6,15-MAR-26 23:00:00,0,0,0,0,0.00K,0.00K,Trained Spotter,,,,,,,,,,,,,,,,,,,,,,"Light to moderate precipitation tracking through central Wisconsin where surface temperatures were below freezing produced freezing rain and sleet in the late morning and early afternoon. The below-freezing temperatures expanded into southeast Wisconsin during the late evening and early morning hours before the precipitation ended. Surfaces quickly became ice-covered and slippery based on web cameras, surface observations, and traffic reports.",A light glaze due to light freezing rain and intermittent sleet.,CSV
202604,2,100,202604,2,1000,213208,1335274,WISCONSIN,55,2026,April,Ice Storm,Z,28,EAU CLAIRE,MPX,02-APR-26 01:00:00,CST-6,02-APR-26 10:00:00,0,0,0,0,0.00K,0.00K,Law Enforcement,,,,,,,,,,,,,,,,,,,,,,"A strong Spring system brought a variety of precipitation types to the region early April (4/1 to 4/2). Low pressure swept across Minnesota and Wisconsin from the SW to the NE with warmer air south of the low's core and colder air north.  Areas across western Wisconsin observed a mix of rain/snow/freezing rain/and sleet. This system produced two waves; the first wave arrived during the evening hours of April 1st and lasted into the following day and produced several hours of freezing precipitation. Given concerns of heavy icing, Ice Storm warnings were issued for portions of western WI. On early April 2nd, law enforcement dispatches in Dunn, Chippewa, and Eau Claire Counties reported downed trees and powerlines due to icing.  The thickest ice accretion report was located in St. Croix County of measuring 3/8 inches thick 2 miles NNE of Woodville. ||A lull of activity followed the first wave of precipitation. The second wave arrived April 3rd and persisted into early April 4th. Given that the low's track kept western WI within the warm sector of this system, the precipitation type was mostly rain.","Multiple reports of trees and two powerlines down due to icing 2 miles SE of Altoona. Additionally, an official NWS Observation in Eau Claire measured 0.13 inches of ice on both sides of a tree branch.",CSV
202604,2,100,202604,2,1000,213208,1335275,WISCONSIN,55,2026,April,Ice Storm,Z,27,CHIPPEWA,MPX,02-APR-26 01:00:00,CST-6,02-APR-26 10:00:00,0,0,0,0,0.00K,0.00K,Law Enforcement,,,,,,,,,,,,,,,,,,,,,,"A strong Spring system brought a variety of precipitation types to the region early April (4/1 to 4/2). Low pressure swept across Minnesota and Wisconsin from the SW to the NE with warmer air south of the low's core and colder air north.  Areas across western Wisconsin observed a mix of rain/snow/freezing rain/and sleet. This system produced two waves; the first wave arrived during the evening hours of April 1st and lasted into the following day and produced several hours of freezing precipitation. Given concerns of heavy icing, Ice Storm warnings were issued for portions of western WI. On early April 2nd, law enforcement dispatches in Dunn, Chippewa, and Eau Claire Counties reported downed trees and powerlines due to icing.  The thickest ice accretion report was located in St. Croix County of measuring 3/8 inches thick 2 miles NNE of Woodville. ||A lull of activity followed the first wave of precipitation. The second wave arrived April 3rd and persisted into early April 4th. Given that the low's track kept western WI within the warm sector of this system, the precipitation type was mostly rain.",Multiple reports of trees and powerlines down due to icing 2 miles NNE of Chippewa Falls.,CSV
202603,15,100,202603,15,2000,211728,1325845,WISCONSIN,55,2026,March,Heavy Snow,Z,2,BAYFIELD,DLH,15-MAR-26 01:00:00,CST-6,15-MAR-26 20:00:00,0,0,0,0,0.00K,0.00K,CoCoRaHS,,,,,,,,,,,,,,,,,,,,,,"An area of low pressure developed across the Southern Plains on the 14th and moved northeastward into the Great Lakes by the morning of the 16th. Additionally, a weak cold front dropped south out of Canada ahead of this system. Snowfall was not as heavy as expected as the system tracked a bit further south and a severe weather outbreak across the Mississippi and Tennessee valleys prevented moisture from reaching into the Upper Midwest. Snowfall amounts ended up in the 4 to 8 inch range with isolated higher amounts to just over 14 inches. Winds were not as strong as forecast, so blizzard conditions did not occur.",Snowfall totals for the event were in the 6 to 10 inch range. A high report of 12 inches was received from about 10 miles northeast of Cable.,CSV
202603,15,100,202603,15,2000,211728,1325846,WISCONSIN,55,2026,March,Heavy Snow,Z,3,ASHLAND,DLH,15-MAR-26 01:00:00,CST-6,15-MAR-26 20:00:00,0,0,0,0,0.00K,0.00K,COOP Observer,,,,,,,,,,,,,,,,,,,,,,"An area of low pressure developed across the Southern Plains on the 14th and moved northeastward into the Great Lakes by the morning of the 16th. Additionally, a weak cold front dropped south out of Canada ahead of this system. Snowfall was not as heavy as expected as the system tracked a bit further south and a severe weather outbreak across the Mississippi and Tennessee valleys prevented moisture from reaching into the Upper Midwest. Snowfall amounts ended up in the 4 to 8 inch range with isolated higher amounts to just over 14 inches. Winds were not as strong as forecast, so blizzard conditions did not occur.",Snowfall totals across the county were in the 4 to 8 inch range for the event. A high report of 9 inches was received from near Butternut in the far south of the county.,CSV
202603,13,200,202603,13,1000,211755,1326596,WISCONSIN,55,2026,March,High Wind,Z,41,LA CROSSE,ARX,13-MAR-26 02:00:00,CST-6,13-MAR-26 10:00:00,0,0,0,0,0.00K,0.00K,ASOS,51.00,MG,,,,,,,,,,,,,,,,,,,,"A compact low pressure system moved through the region during the early morning hours on March 13th. While this brought some precipitation to the area, the larger story was the winds with gusts of up to 60 mph in portions of western Wisconsin during this period.",Sustained winds of 25 to 35 mph were common in La Crosse County during the morning hours on March 13th with occasional gusts of 55 to 60 mph. The highest gust reported in the county was at La Crosse Regional Airport where a gust to 59 mph was observed.,CSV
202603,15,2000,202603,16,100,212233,1327029,WISCONSIN,55,2026,March,Winter Weather,Z,65,WAUKESHA,MKX,15-MAR-26 20:00:00,CST-6,16-MAR-26 01:00:00,0,0,0,0,0.00K,0.00K,Trained Spotter,,,,,,,,,,,,,,,,,,,,,,"Light to moderate precipitation tracking through central Wisconsin where surface temperatures were below freezing produced freezing rain and sleet in the late morning and early afternoon. The below-freezing temperatures expanded into southeast Wisconsin during the late evening and early morning hours before the precipitation ended. Surfaces quickly became ice-covered and slippery based on web cameras, surface observations, and traffic reports.",A light glaze due to freezing rain and intermittent sleet in northern portions of the county. There was a total of 0.2 inch of sleet in Oconomowoc.,CSV
202604,2,400,202604,2,1000,213208,1335287,WISCONSIN,55,2026,April,Winter Weather,Z,14,POLK,MPX,02-APR-26 04:00:00,CST-6,02-APR-26 10:00:00,0,0,0,0,0.00K,0.00K,CoCoRaHS,,,,,,,,,,,,,,,,,,,,,,"A strong Spring system brought a variety of precipitation types to the region early April (4/1 to 4/2). Low pressure swept across Minnesota and Wisconsin from the SW to the NE with warmer air south of the low's core and colder air north.  Areas across western Wisconsin observed a mix of rain/snow/freezing rain/and sleet. This system produced two waves; the first wave arrived during the evening hours of April 1st and lasted into the following day and produced several hours of freezing precipitation. Given concerns of heavy icing, Ice Storm warnings were issued for portions of western WI. On early April 2nd, law enforcement dispatches in Dunn, Chippewa, and Eau Claire Counties reported downed trees and powerlines due to icing.  The thickest ice accretion report was located in St. Croix County of measuring 3/8 inches thick 2 miles NNE of Woodville. ||A lull of activity followed the first wave of precipitation. The second wave arrived April 3rd and persisted into early April 4th. Given that the low's track kept western WI within the warm sector of this system, the precipitation type was mostly rain.",CoCoRaHS Observer 3 miles NNW of Deer Park measured 0.13 inches of ice accretion from freezing rain.,CSV
202604,2,300,202604,2,800,213208,1335289,WISCONSIN,55,2026,April,Winter Weather,Z,15,BARRON,MPX,02-APR-26 03:00:00,CST-6,02-APR-26 08:00:00,0,0,0,0,0.00K,0.00K,CoCoRaHS,,,,,,,,,,,,,,,,,,,,,,"A strong Spring system brought a variety of precipitation types to the region early April (4/1 to 4/2). Low pressure swept across Minnesota and Wisconsin from the SW to the NE with warmer air south of the low's core and colder air north.  Areas across western Wisconsin observed a mix of rain/snow/freezing rain/and sleet. This system produced two waves; the first wave arrived during the evening hours of April 1st and lasted into the following day and produced several hours of freezing precipitation. Given concerns of heavy icing, Ice Storm warnings were issued for portions of western WI. On early April 2nd, law enforcement dispatches in Dunn, Chippewa, and Eau Claire Counties reported downed trees and powerlines due to icing.  The thickest ice accretion report was located in St. Croix County of measuring 3/8 inches thick 2 miles NNE of Woodville. ||A lull of activity followed the first wave of precipitation. The second wave arrived April 3rd and persisted into early April 4th. Given that the low's track kept western WI within the warm sector of this system, the precipitation type was mostly rain.",CoCoRaHS Observer in Rice Lake reported about one tenth of an inch of ice accretion from freezing rain.,CSV
202603,14,2100,202603,16,1500,210067,1316174,WISCONSIN,55,2026,March,Blizzard,Z,39,BROWN,GRB,14-MAR-26 21:00:00,CST-6,16-MAR-26 15:00:00,0,0,0,0,6.10K,0.00K,ASOS,,,,,,,,,,,,,,,,,,,,,,"A historic, record-setting winter storm impacted northeast Wisconsin from Saturday evening (3/14), through Monday evening (3/16). A potent Colorado low deepened as it tracked from the central Plains toward Chicago and eventually Lake Huron, placing a long duration of heavy precipitation directly over the region. The storm began as snow Saturday evening (3/14) before transitioning to a wintry mix of snow, freezing rain, and sleet across central and east-central Wisconsin after 3 AM Sunday (3/15). This mix produced a few hundredths of an inch of ice in east-central Wisconsin before changing back to all snow early Sunday afternoon (3/15).||Snow became very heavy over central Wisconsin early Sunday morning (3/15) with snowfall rates up to 4 inches per hour. Cloud-to-ground lightning strikes were observed at times in thundersnow and thunder sleet. These heavy snowfall rates shifted east through the morning, reaching northeast Wisconsin around midday Sunday. Blizzard to near-blizzard conditions developed Sunday afternoon, fueled by northeast winds gusting between 35 and 50 mph. Peak gusts reached 59 mph at the Green Bay Airport (Brown Co.) and 60 mph in De Pere (Brown Co.). This combination of heavy falling snow and high winds created whiteout conditions and massive drifting.||After a brief lull in snowfall Sunday evening, heavy snow redeveloped from south to north early Monday morning (3/16). This second round of precipitation was intense, with snowfall rates reaching 1 to 3 inches per hour at times across the Fox Valley and lakeshore. The combination of this heavy snow and powerful north winds, gusting between 40 and 55 mph, resulted in a return to blizzard conditions. Visibility frequently dropped to a quarter mile or less, creating whiteout conditions that made travel impossible. By Monday morning (3/16), this overnight surge had dumped an additional 6 to 12 inches of snow on top of what had already fallen.||Final snowfall totals were historic, with a widespread 1 to 2 feet across the area and localized amounts exceeding 30 inches from Wausau (Marathon Co.) to Marinette and Door counties. Green Bay (Brown Co.) recorded 26.6 inches, marking its second-largest snowstorm on record. Impacts were severe and wide-reaching. Travel became nearly impossible, leading to numerous flight cancellations and significant road drifting, including a 10-foot drift reported in Ephraim (Door Co.). Roads were severely impacted throughout the event with tow bans in place and some municipalities suspending plowing. No Travel Advised was posted for an extended period on the Wisconsin Department of Transportation (DOT) webpage. The heavy snow load and high winds caused widespread power outages, most notably in Door and Marinette counties, and building collapses were reported in Sturgeon Bay (Door Co.) and Kewaunee County. Many schools and businesses remained closed through Monday (3/16) and even on Tuesday (3/17).","The highest snowfall totals across Brown County included 28 inches near New Franken, 27.5 inches in Suamico as well as Denmark, 26.6 inches in Green Bay, and 25.5 inches in Howard.  In addition, winds gusting to 40 to 60 mph caused blizzard conditions at times on Sunday March 15 and Monday March 16.",CSV
202603,14,2300,202603,16,1800,210067,1316175,WISCONSIN,55,2026,March,Blizzard,Z,22,DOOR,GRB,14-MAR-26 23:00:00,CST-6,16-MAR-26 18:00:00,0,0,0,0,0.00K,0.00K,AWOS,,,,,,,,,,,,,,,,,,,,,,"A historic, record-setting winter storm impacted northeast Wisconsin from Saturday evening (3/14), through Monday evening (3/16). A potent Colorado low deepened as it tracked from the central Plains toward Chicago and eventually Lake Huron, placing a long duration of heavy precipitation directly over the region. The storm began as snow Saturday evening (3/14) before transitioning to a wintry mix of snow, freezing rain, and sleet across central and east-central Wisconsin after 3 AM Sunday (3/15). This mix produced a few hundredths of an inch of ice in east-central Wisconsin before changing back to all snow early Sunday afternoon (3/15).||Snow became very heavy over central Wisconsin early Sunday morning (3/15) with snowfall rates up to 4 inches per hour. Cloud-to-ground lightning strikes were observed at times in thundersnow and thunder sleet. These heavy snowfall rates shifted east through the morning, reaching northeast Wisconsin around midday Sunday. Blizzard to near-blizzard conditions developed Sunday afternoon, fueled by northeast winds gusting between 35 and 50 mph. Peak gusts reached 59 mph at the Green Bay Airport (Brown Co.) and 60 mph in De Pere (Brown Co.). This combination of heavy falling snow and high winds created whiteout conditions and massive drifting.||After a brief lull in snowfall Sunday evening, heavy snow redeveloped from south to north early Monday morning (3/16). This second round of precipitation was intense, with snowfall rates reaching 1 to 3 inches per hour at times across the Fox Valley and lakeshore. The combination of this heavy snow and powerful north winds, gusting between 40 and 55 mph, resulted in a return to blizzard conditions. Visibility frequently dropped to a quarter mile or less, creating whiteout conditions that made travel impossible. By Monday morning (3/16), this overnight surge had dumped an additional 6 to 12 inches of snow on top of what had already fallen.||Final snowfall totals were historic, with a widespread 1 to 2 feet across the area and localized amounts exceeding 30 inches from Wausau (Marathon Co.) to Marinette and Door counties. Green Bay (Brown Co.) recorded 26.6 inches, marking its second-largest snowstorm on record. Impacts were severe and wide-reaching. Travel became nearly impossible, leading to numerous flight cancellations and significant road drifting, including a 10-foot drift reported in Ephraim (Door Co.). Roads were severely impacted throughout the event with tow bans in place and some municipalities suspending plowing. No Travel Advised was posted for an extended period on the Wisconsin Department of Transportation (DOT) webpage. The heavy snow load and high winds caused widespread power outages, most notably in Door and Marinette counties, and building collapses were reported in Sturgeon Bay (Door Co.) and Kewaunee County. Many schools and businesses remained closed through Monday (3/16) and even on Tuesday (3/17).","The highest snowfall totals across Door County included 33 inches near Egg Harbor, 32 inches in Forestville, and 28.5 inches in Fish Creek.  In addition, winds gusting to 40 to 60 mph caused blizzard conditions at times on Sunday March 15 and Monday March 16.",CSV
202603,14,2300,202603,16,1500,210067,1316176,WISCONSIN,55,2026,March,Blizzard,Z,73,SOUTHERN MARINETTE,GRB,14-MAR-26 23:00:00,CST-6,16-MAR-26 15:00:00,0,0,0,0,10.00K,0.00K,AWOS,,,,,,,,,,,,,,,,,,,,,,"A historic, record-setting winter storm impacted northeast Wisconsin from Saturday evening (3/14), through Monday evening (3/16). A potent Colorado low deepened as it tracked from the central Plains toward Chicago and eventually Lake Huron, placing a long duration of heavy precipitation directly over the region. The storm began as snow Saturday evening (3/14) before transitioning to a wintry mix of snow, freezing rain, and sleet across central and east-central Wisconsin after 3 AM Sunday (3/15). This mix produced a few hundredths of an inch of ice in east-central Wisconsin before changing back to all snow early Sunday afternoon (3/15).||Snow became very heavy over central Wisconsin early Sunday morning (3/15) with snowfall rates up to 4 inches per hour. Cloud-to-ground lightning strikes were observed at times in thundersnow and thunder sleet. These heavy snowfall rates shifted east through the morning, reaching northeast Wisconsin around midday Sunday. Blizzard to near-blizzard conditions developed Sunday afternoon, fueled by northeast winds gusting between 35 and 50 mph. Peak gusts reached 59 mph at the Green Bay Airport (Brown Co.) and 60 mph in De Pere (Brown Co.). This combination of heavy falling snow and high winds created whiteout conditions and massive drifting.||After a brief lull in snowfall Sunday evening, heavy snow redeveloped from south to north early Monday morning (3/16). This second round of precipitation was intense, with snowfall rates reaching 1 to 3 inches per hour at times across the Fox Valley and lakeshore. The combination of this heavy snow and powerful north winds, gusting between 40 and 55 mph, resulted in a return to blizzard conditions. Visibility frequently dropped to a quarter mile or less, creating whiteout conditions that made travel impossible. By Monday morning (3/16), this overnight surge had dumped an additional 6 to 12 inches of snow on top of what had already fallen.||Final snowfall totals were historic, with a widespread 1 to 2 feet across the area and localized amounts exceeding 30 inches from Wausau (Marathon Co.) to Marinette and Door counties. Green Bay (Brown Co.) recorded 26.6 inches, marking its second-largest snowstorm on record. Impacts were severe and wide-reaching. Travel became nearly impossible, leading to numerous flight cancellations and significant road drifting, including a 10-foot drift reported in Ephraim (Door Co.). Roads were severely impacted throughout the event with tow bans in place and some municipalities suspending plowing. No Travel Advised was posted for an extended period on the Wisconsin Department of Transportation (DOT) webpage. The heavy snow load and high winds caused widespread power outages, most notably in Door and Marinette counties, and building collapses were reported in Sturgeon Bay (Door Co.) and Kewaunee County. Many schools and businesses remained closed through Monday (3/16) and even on Tuesday (3/17).","The highest snowfall totals across southern Marinette County included 30 inches in Peshtigo and 28.5 inches near Mcallister.  In addition, winds gusting to 40 to 60 mph caused blizzard conditions at times on Sunday March 15 and Monday March 16.",CSV
202603,14,2200,202603,16,1100,211728,1325847,WISCONSIN,55,2026,March,Heavy Snow,Z,4,IRON,DLH,14-MAR-26 22:00:00,CST-6,16-MAR-26 11:00:00,0,0,0,0,0.00K,0.00K,CoCoRaHS,,,,,,,,,,,,,,,,,,,,,,"An area of low pressure developed across the Southern Plains on the 14th and moved northeastward into the Great Lakes by the morning of the 16th. Additionally, a weak cold front dropped south out of Canada ahead of this system. Snowfall was not as heavy as expected as the system tracked a bit further south and a severe weather outbreak across the Mississippi and Tennessee valleys prevented moisture from reaching into the Upper Midwest. Snowfall amounts ended up in the 4 to 8 inch range with isolated higher amounts to just over 14 inches. Winds were not as strong as forecast, so blizzard conditions did not occur.",Snow lingered longer across the county with totals ending up in the 6 to 10 inch range. A high report of 14.5 inches was received from Gile.,CSV
202603,14,2100,202603,15,1700,211728,1325848,WISCONSIN,55,2026,March,Heavy Snow,Z,6,BURNETT,DLH,14-MAR-26 21:00:00,CST-6,15-MAR-26 17:00:00,0,0,0,0,0.00K,0.00K,CoCoRaHS,,,,,,,,,,,,,,,,,,,,,,"An area of low pressure developed across the Southern Plains on the 14th and moved northeastward into the Great Lakes by the morning of the 16th. Additionally, a weak cold front dropped south out of Canada ahead of this system. Snowfall was not as heavy as expected as the system tracked a bit further south and a severe weather outbreak across the Mississippi and Tennessee valleys prevented moisture from reaching into the Upper Midwest. Snowfall amounts ended up in the 4 to 8 inch range with isolated higher amounts to just over 14 inches. Winds were not as strong as forecast, so blizzard conditions did not occur.",Snowfall totals for the event were in the 6 to 10 inch range. A high report of 13.2 inches was received from near Shell Lake.,CSV
202603,14,2200,202603,16,300,211728,1325849,WISCONSIN,55,2026,March,Heavy Snow,Z,7,WASHBURN,DLH,14-MAR-26 22:00:00,CST-6,16-MAR-26 03:00:00,0,0,0,0,0.00K,0.00K,CoCoRaHS,,,,,,,,,,,,,,,,,,,,,,"An area of low pressure developed across the Southern Plains on the 14th and moved northeastward into the Great Lakes by the morning of the 16th. Additionally, a weak cold front dropped south out of Canada ahead of this system. Snowfall was not as heavy as expected as the system tracked a bit further south and a severe weather outbreak across the Mississippi and Tennessee valleys prevented moisture from reaching into the Upper Midwest. Snowfall amounts ended up in the 4 to 8 inch range with isolated higher amounts to just over 14 inches. Winds were not as strong as forecast, so blizzard conditions did not occur.",Snowfall totals for the event were in the 6 to 10 inch range. A high report of 13.2 inches was received from near Shell Lake.,CSV
202603,14,2000,202603,16,300,212010,1325140,WISCONSIN,55,2026,March,Blizzard,Z,28,EAU CLAIRE,MPX,14-MAR-26 20:00:00,CST-6,16-MAR-26 03:00:00,0,0,0,0,0.00K,0.00K,ASOS,,,,,,,,,,,,,,,,,,,,,,"A large scale spring storm brough a round of heavy snow to the Upper Mississippi Valley from Saturday, March 14th through Sunday, March 15th. The footprint of the greatest totals stretched from southeast MN into central WI, where many places saw at least a foot of snowfall. The heavy snow combined with strong northwesterly winds resulted in reduced visibilities, often at a mile or less in the heaviest hit areas. Persistent blizzard conditions were most widespread in west-central Wisconsin, severely deteriorating road conditions. This led to a widespread travel advisory issued by WISDOT for the majority of western WI, including the temporary closure of I-94 south of Eau Claire.||The highest snowfall reports were:|20.5 inches near Augusta, WI (Eau Claire).|19.0 inches in Pepin, WI (Pepin).|18.5 inches in Durand, WI (Pepin).|16.0 inches in Cadott, WI (Chippewa).|15.2 inches 7 miles S of Altoona, WI (Eau Claire).|15.0 inches in Lund, WI (Pepin).",KEAU measured several hours of at or below 1/4 mile as heavy snow fell and sustained winds were 15 to 25 mph with frequent gusts over 35 mph. The 2-day snowfall reports ranged from 10 inches in the northwestern portion of the county to over 20 inches in the southeastern portion of the county.||A portion of HWY I-94 south of Foster was closed due to stranded vehicles during the blizzard conditions Sunday morning. Vehicles were at a complete stop for about 5 hours and the National Guard was brought in to help distribute food and water to drivers while the Wisconsin DNR helped escort traffic using snowmobiles. The DOT issued a travel advisory on Sunday due to the blizzard conditions.,CSV
202603,14,2000,202603,16,300,212010,1325142,WISCONSIN,55,2026,March,Blizzard,Z,26,PEPIN,MPX,14-MAR-26 20:00:00,CST-6,16-MAR-26 03:00:00,0,0,0,0,0.00K,0.00K,Department of Highways,,,,,,,,,,,,,,,,,,,,,,"A large scale spring storm brough a round of heavy snow to the Upper Mississippi Valley from Saturday, March 14th through Sunday, March 15th. The footprint of the greatest totals stretched from southeast MN into central WI, where many places saw at least a foot of snowfall. The heavy snow combined with strong northwesterly winds resulted in reduced visibilities, often at a mile or less in the heaviest hit areas. Persistent blizzard conditions were most widespread in west-central Wisconsin, severely deteriorating road conditions. This led to a widespread travel advisory issued by WISDOT for the majority of western WI, including the temporary closure of I-94 south of Eau Claire.||The highest snowfall reports were:|20.5 inches near Augusta, WI (Eau Claire).|19.0 inches in Pepin, WI (Pepin).|18.5 inches in Durand, WI (Pepin).|16.0 inches in Cadott, WI (Chippewa).|15.2 inches 7 miles S of Altoona, WI (Eau Claire).|15.0 inches in Lund, WI (Pepin).","Visibilities were dramatically reduced, reaching below 1/4 mile at times, as heavy snow fell and sustained winds were 15 to 25 mph with frequent gusts over 35 mph. The 2-day snowfall reports ranged from about 15 to 20 inches throughout the county, with the highest report being 19 inches from Pepin.||The DOT issued a travel advisory on Sunday due to the blizzard conditions.",CSV
202604,1,400,202604,1,1100,213208,1335291,WISCONSIN,55,2026,April,Winter Weather,Z,16,RUSK,MPX,01-APR-26 04:00:00,CST-6,01-APR-26 11:00:00,0,0,0,0,0.00K,0.00K,CoCoRaHS,,,,,,,,,,,,,,,,,,,,,,"A strong Spring system brought a variety of precipitation types to the region early April (4/1 to 4/2). Low pressure swept across Minnesota and Wisconsin from the SW to the NE with warmer air south of the low's core and colder air north.  Areas across western Wisconsin observed a mix of rain/snow/freezing rain/and sleet. This system produced two waves; the first wave arrived during the evening hours of April 1st and lasted into the following day and produced several hours of freezing precipitation. Given concerns of heavy icing, Ice Storm warnings were issued for portions of western WI. On early April 2nd, law enforcement dispatches in Dunn, Chippewa, and Eau Claire Counties reported downed trees and powerlines due to icing.  The thickest ice accretion report was located in St. Croix County of measuring 3/8 inches thick 2 miles NNE of Woodville. ||A lull of activity followed the first wave of precipitation. The second wave arrived April 3rd and persisted into early April 4th. Given that the low's track kept western WI within the warm sector of this system, the precipitation type was mostly rain.",CoCoRaHS observer 2 miles WNW of Ladysmith reported a small amount of sleet mixed in with freezing rain.,CSV
202604,2,0,202604,2,1000,213208,1335428,WISCONSIN,55,2026,April,Winter Storm,Z,26,PEPIN,MPX,02-APR-26 00:00:00,CST-6,02-APR-26 10:00:00,0,0,0,0,0.00K,0.00K,CoCoRaHS,,,,,,,,,,,,,,,,,,,,,,"A strong Spring system brought a variety of precipitation types to the region early April (4/1 to 4/2). Low pressure swept across Minnesota and Wisconsin from the SW to the NE with warmer air south of the low's core and colder air north.  Areas across western Wisconsin observed a mix of rain/snow/freezing rain/and sleet. This system produced two waves; the first wave arrived during the evening hours of April 1st and lasted into the following day and produced several hours of freezing precipitation. Given concerns of heavy icing, Ice Storm warnings were issued for portions of western WI. On early April 2nd, law enforcement dispatches in Dunn, Chippewa, and Eau Claire Counties reported downed trees and powerlines due to icing.  The thickest ice accretion report was located in St. Croix County of measuring 3/8 inches thick 2 miles NNE of Woodville. ||A lull of activity followed the first wave of precipitation. The second wave arrived April 3rd and persisted into early April 4th. Given that the low's track kept western WI within the warm sector of this system, the precipitation type was mostly rain.",CoCoRaHS Observer 3 miles NNE of Stockholm measured two tenths of an inch of ice accretion.,CSV
202603,15,0,202603,16,1500,210067,1316177,WISCONSIN,55,2026,March,Blizzard,Z,12,FLORENCE,GRB,15-MAR-26 00:00:00,CST-6,16-MAR-26 15:00:00,0,0,0,0,0.00K,0.00K,AWOS,,,,,,,,,,,,,,,,,,,,,,"A historic, record-setting winter storm impacted northeast Wisconsin from Saturday evening (3/14), through Monday evening (3/16). A potent Colorado low deepened as it tracked from the central Plains toward Chicago and eventually Lake Huron, placing a long duration of heavy precipitation directly over the region. The storm began as snow Saturday evening (3/14) before transitioning to a wintry mix of snow, freezing rain, and sleet across central and east-central Wisconsin after 3 AM Sunday (3/15). This mix produced a few hundredths of an inch of ice in east-central Wisconsin before changing back to all snow early Sunday afternoon (3/15).||Snow became very heavy over central Wisconsin early Sunday morning (3/15) with snowfall rates up to 4 inches per hour. Cloud-to-ground lightning strikes were observed at times in thundersnow and thunder sleet. These heavy snowfall rates shifted east through the morning, reaching northeast Wisconsin around midday Sunday. Blizzard to near-blizzard conditions developed Sunday afternoon, fueled by northeast winds gusting between 35 and 50 mph. Peak gusts reached 59 mph at the Green Bay Airport (Brown Co.) and 60 mph in De Pere (Brown Co.). This combination of heavy falling snow and high winds created whiteout conditions and massive drifting.||After a brief lull in snowfall Sunday evening, heavy snow redeveloped from south to north early Monday morning (3/16). This second round of precipitation was intense, with snowfall rates reaching 1 to 3 inches per hour at times across the Fox Valley and lakeshore. The combination of this heavy snow and powerful north winds, gusting between 40 and 55 mph, resulted in a return to blizzard conditions. Visibility frequently dropped to a quarter mile or less, creating whiteout conditions that made travel impossible. By Monday morning (3/16), this overnight surge had dumped an additional 6 to 12 inches of snow on top of what had already fallen.||Final snowfall totals were historic, with a widespread 1 to 2 feet across the area and localized amounts exceeding 30 inches from Wausau (Marathon Co.) to Marinette and Door counties. Green Bay (Brown Co.) recorded 26.6 inches, marking its second-largest snowstorm on record. Impacts were severe and wide-reaching. Travel became nearly impossible, leading to numerous flight cancellations and significant road drifting, including a 10-foot drift reported in Ephraim (Door Co.). Roads were severely impacted throughout the event with tow bans in place and some municipalities suspending plowing. No Travel Advised was posted for an extended period on the Wisconsin Department of Transportation (DOT) webpage. The heavy snow load and high winds caused widespread power outages, most notably in Door and Marinette counties, and building collapses were reported in Sturgeon Bay (Door Co.) and Kewaunee County. Many schools and businesses remained closed through Monday (3/16) and even on Tuesday (3/17).","The highest snowfall totals across Florence County included 25 inches in Spread Eagle, 24.1 inches in Aurora, and 21.3 inches in Florence.  In addition, winds gusting to 40 to 50 mph caused blizzard conditions on Monday March 16.",CSV
202603,14,2300,202603,16,1500,210067,1316178,WISCONSIN,55,2026,March,Blizzard,Z,21,NORTHERN OCONTO,GRB,14-MAR-26 23:00:00,CST-6,16-MAR-26 15:00:00,0,0,0,0,0.00K,0.00K,Official NWS Observations,,,,,,,,,,,,,,,,,,,,,,"A historic, record-setting winter storm impacted northeast Wisconsin from Saturday evening (3/14), through Monday evening (3/16). A potent Colorado low deepened as it tracked from the central Plains toward Chicago and eventually Lake Huron, placing a long duration of heavy precipitation directly over the region. The storm began as snow Saturday evening (3/14) before transitioning to a wintry mix of snow, freezing rain, and sleet across central and east-central Wisconsin after 3 AM Sunday (3/15). This mix produced a few hundredths of an inch of ice in east-central Wisconsin before changing back to all snow early Sunday afternoon (3/15).||Snow became very heavy over central Wisconsin early Sunday morning (3/15) with snowfall rates up to 4 inches per hour. Cloud-to-ground lightning strikes were observed at times in thundersnow and thunder sleet. These heavy snowfall rates shifted east through the morning, reaching northeast Wisconsin around midday Sunday. Blizzard to near-blizzard conditions developed Sunday afternoon, fueled by northeast winds gusting between 35 and 50 mph. Peak gusts reached 59 mph at the Green Bay Airport (Brown Co.) and 60 mph in De Pere (Brown Co.). This combination of heavy falling snow and high winds created whiteout conditions and massive drifting.||After a brief lull in snowfall Sunday evening, heavy snow redeveloped from south to north early Monday morning (3/16). This second round of precipitation was intense, with snowfall rates reaching 1 to 3 inches per hour at times across the Fox Valley and lakeshore. The combination of this heavy snow and powerful north winds, gusting between 40 and 55 mph, resulted in a return to blizzard conditions. Visibility frequently dropped to a quarter mile or less, creating whiteout conditions that made travel impossible. By Monday morning (3/16), this overnight surge had dumped an additional 6 to 12 inches of snow on top of what had already fallen.||Final snowfall totals were historic, with a widespread 1 to 2 feet across the area and localized amounts exceeding 30 inches from Wausau (Marathon Co.) to Marinette and Door counties. Green Bay (Brown Co.) recorded 26.6 inches, marking its second-largest snowstorm on record. Impacts were severe and wide-reaching. Travel became nearly impossible, leading to numerous flight cancellations and significant road drifting, including a 10-foot drift reported in Ephraim (Door Co.). Roads were severely impacted throughout the event with tow bans in place and some municipalities suspending plowing. No Travel Advised was posted for an extended period on the Wisconsin Department of Transportation (DOT) webpage. The heavy snow load and high winds caused widespread power outages, most notably in Door and Marinette counties, and building collapses were reported in Sturgeon Bay (Door Co.) and Kewaunee County. Many schools and businesses remained closed through Monday (3/16) and even on Tuesday (3/17).","The highest snowfall totals across northern Oconto County included 29 inches near Hayes and 26 inches in Mountain.  In addition, winds gusting to 40 to 50 mph caused blizzard conditions on Monday March 16.",CSV
202603,14,2300,202603,16,1500,210067,1316179,WISCONSIN,55,2026,March,Blizzard,Z,74,SOUTHERN OCONTO,GRB,14-MAR-26 23:00:00,CST-6,16-MAR-26 15:00:00,0,0,0,0,0.00K,0.00K,Official NWS Observations,,,,,,,,,,,,,,,,,,,,,,"A historic, record-setting winter storm impacted northeast Wisconsin from Saturday evening (3/14), through Monday evening (3/16). A potent Colorado low deepened as it tracked from the central Plains toward Chicago and eventually Lake Huron, placing a long duration of heavy precipitation directly over the region. The storm began as snow Saturday evening (3/14) before transitioning to a wintry mix of snow, freezing rain, and sleet across central and east-central Wisconsin after 3 AM Sunday (3/15). This mix produced a few hundredths of an inch of ice in east-central Wisconsin before changing back to all snow early Sunday afternoon (3/15).||Snow became very heavy over central Wisconsin early Sunday morning (3/15) with snowfall rates up to 4 inches per hour. Cloud-to-ground lightning strikes were observed at times in thundersnow and thunder sleet. These heavy snowfall rates shifted east through the morning, reaching northeast Wisconsin around midday Sunday. Blizzard to near-blizzard conditions developed Sunday afternoon, fueled by northeast winds gusting between 35 and 50 mph. Peak gusts reached 59 mph at the Green Bay Airport (Brown Co.) and 60 mph in De Pere (Brown Co.). This combination of heavy falling snow and high winds created whiteout conditions and massive drifting.||After a brief lull in snowfall Sunday evening, heavy snow redeveloped from south to north early Monday morning (3/16). This second round of precipitation was intense, with snowfall rates reaching 1 to 3 inches per hour at times across the Fox Valley and lakeshore. The combination of this heavy snow and powerful north winds, gusting between 40 and 55 mph, resulted in a return to blizzard conditions. Visibility frequently dropped to a quarter mile or less, creating whiteout conditions that made travel impossible. By Monday morning (3/16), this overnight surge had dumped an additional 6 to 12 inches of snow on top of what had already fallen.||Final snowfall totals were historic, with a widespread 1 to 2 feet across the area and localized amounts exceeding 30 inches from Wausau (Marathon Co.) to Marinette and Door counties. Green Bay (Brown Co.) recorded 26.6 inches, marking its second-largest snowstorm on record. Impacts were severe and wide-reaching. Travel became nearly impossible, leading to numerous flight cancellations and significant road drifting, including a 10-foot drift reported in Ephraim (Door Co.). Roads were severely impacted throughout the event with tow bans in place and some municipalities suspending plowing. No Travel Advised was posted for an extended period on the Wisconsin Department of Transportation (DOT) webpage. The heavy snow load and high winds caused widespread power outages, most notably in Door and Marinette counties, and building collapses were reported in Sturgeon Bay (Door Co.) and Kewaunee County. Many schools and businesses remained closed through Monday (3/16) and even on Tuesday (3/17).","The highest snowfall totals across southern Oconto County included 25.3 inches in Oconto Falls and 22.5 inches in Sobieski.  In addition, winds gusting to 40 to 50 mph caused blizzard conditions on Monday March 16.",CSV
202603,15,0,202603,16,1500,210067,1316180,WISCONSIN,55,2026,March,Blizzard,Z,13,NORTHERN MARINETTE,GRB,15-MAR-26 00:00:00,CST-6,16-MAR-26 15:00:00,0,0,0,0,7.00K,0.00K,Official NWS Observations,,,,,,,,,,,,,,,,,,,,,,"A historic, record-setting winter storm impacted northeast Wisconsin from Saturday evening (3/14), through Monday evening (3/16). A potent Colorado low deepened as it tracked from the central Plains toward Chicago and eventually Lake Huron, placing a long duration of heavy precipitation directly over the region. The storm began as snow Saturday evening (3/14) before transitioning to a wintry mix of snow, freezing rain, and sleet across central and east-central Wisconsin after 3 AM Sunday (3/15). This mix produced a few hundredths of an inch of ice in east-central Wisconsin before changing back to all snow early Sunday afternoon (3/15).||Snow became very heavy over central Wisconsin early Sunday morning (3/15) with snowfall rates up to 4 inches per hour. Cloud-to-ground lightning strikes were observed at times in thundersnow and thunder sleet. These heavy snowfall rates shifted east through the morning, reaching northeast Wisconsin around midday Sunday. Blizzard to near-blizzard conditions developed Sunday afternoon, fueled by northeast winds gusting between 35 and 50 mph. Peak gusts reached 59 mph at the Green Bay Airport (Brown Co.) and 60 mph in De Pere (Brown Co.). This combination of heavy falling snow and high winds created whiteout conditions and massive drifting.||After a brief lull in snowfall Sunday evening, heavy snow redeveloped from south to north early Monday morning (3/16). This second round of precipitation was intense, with snowfall rates reaching 1 to 3 inches per hour at times across the Fox Valley and lakeshore. The combination of this heavy snow and powerful north winds, gusting between 40 and 55 mph, resulted in a return to blizzard conditions. Visibility frequently dropped to a quarter mile or less, creating whiteout conditions that made travel impossible. By Monday morning (3/16), this overnight surge had dumped an additional 6 to 12 inches of snow on top of what had already fallen.||Final snowfall totals were historic, with a widespread 1 to 2 feet across the area and localized amounts exceeding 30 inches from Wausau (Marathon Co.) to Marinette and Door counties. Green Bay (Brown Co.) recorded 26.6 inches, marking its second-largest snowstorm on record. Impacts were severe and wide-reaching. Travel became nearly impossible, leading to numerous flight cancellations and significant road drifting, including a 10-foot drift reported in Ephraim (Door Co.). Roads were severely impacted throughout the event with tow bans in place and some municipalities suspending plowing. No Travel Advised was posted for an extended period on the Wisconsin Department of Transportation (DOT) webpage. The heavy snow load and high winds caused widespread power outages, most notably in Door and Marinette counties, and building collapses were reported in Sturgeon Bay (Door Co.) and Kewaunee County. Many schools and businesses remained closed through Monday (3/16) and even on Tuesday (3/17).","The highest snowfall total in northern Marinette County was 22.4 inches in Athelstane.  In addition, winds gusting to 40 to 50 mph caused blizzard conditions on Monday March 16.",CSV
202603,14,2100,202603,16,1500,210067,1316181,WISCONSIN,55,2026,March,Blizzard,Z,38,OUTAGAMIE,GRB,14-MAR-26 21:00:00,CST-6,16-MAR-26 15:00:00,0,0,0,0,6.10K,0.00K,AWOS,,,,,,,,,,,,,,,,,,,,,,"A historic, record-setting winter storm impacted northeast Wisconsin from Saturday evening (3/14), through Monday evening (3/16). A potent Colorado low deepened as it tracked from the central Plains toward Chicago and eventually Lake Huron, placing a long duration of heavy precipitation directly over the region. The storm began as snow Saturday evening (3/14) before transitioning to a wintry mix of snow, freezing rain, and sleet across central and east-central Wisconsin after 3 AM Sunday (3/15). This mix produced a few hundredths of an inch of ice in east-central Wisconsin before changing back to all snow early Sunday afternoon (3/15).||Snow became very heavy over central Wisconsin early Sunday morning (3/15) with snowfall rates up to 4 inches per hour. Cloud-to-ground lightning strikes were observed at times in thundersnow and thunder sleet. These heavy snowfall rates shifted east through the morning, reaching northeast Wisconsin around midday Sunday. Blizzard to near-blizzard conditions developed Sunday afternoon, fueled by northeast winds gusting between 35 and 50 mph. Peak gusts reached 59 mph at the Green Bay Airport (Brown Co.) and 60 mph in De Pere (Brown Co.). This combination of heavy falling snow and high winds created whiteout conditions and massive drifting.||After a brief lull in snowfall Sunday evening, heavy snow redeveloped from south to north early Monday morning (3/16). This second round of precipitation was intense, with snowfall rates reaching 1 to 3 inches per hour at times across the Fox Valley and lakeshore. The combination of this heavy snow and powerful north winds, gusting between 40 and 55 mph, resulted in a return to blizzard conditions. Visibility frequently dropped to a quarter mile or less, creating whiteout conditions that made travel impossible. By Monday morning (3/16), this overnight surge had dumped an additional 6 to 12 inches of snow on top of what had already fallen.||Final snowfall totals were historic, with a widespread 1 to 2 feet across the area and localized amounts exceeding 30 inches from Wausau (Marathon Co.) to Marinette and Door counties. Green Bay (Brown Co.) recorded 26.6 inches, marking its second-largest snowstorm on record. Impacts were severe and wide-reaching. Travel became nearly impossible, leading to numerous flight cancellations and significant road drifting, including a 10-foot drift reported in Ephraim (Door Co.). Roads were severely impacted throughout the event with tow bans in place and some municipalities suspending plowing. No Travel Advised was posted for an extended period on the Wisconsin Department of Transportation (DOT) webpage. The heavy snow load and high winds caused widespread power outages, most notably in Door and Marinette counties, and building collapses were reported in Sturgeon Bay (Door Co.) and Kewaunee County. Many schools and businesses remained closed through Monday (3/16) and even on Tuesday (3/17).","The highest snowfall totals across Outagamie County included 27.5 inches in Appleton, 24.8 inches in Shiocton, 24 inches in Greenville, and 22.8 inches in New London. In addition, winds gusting to 35 to 45 mph caused blizzard conditions on Monday March 16.",CSV
202603,14,2100,202603,16,1500,210067,1316182,WISCONSIN,55,2026,March,Blizzard,Z,40,KEWAUNEE,GRB,14-MAR-26 21:00:00,CST-6,16-MAR-26 15:00:00,0,0,0,0,0.00K,0.00K,Official NWS Observations,,,,,,,,,,,,,,,,,,,,,,"A historic, record-setting winter storm impacted northeast Wisconsin from Saturday evening (3/14), through Monday evening (3/16). A potent Colorado low deepened as it tracked from the central Plains toward Chicago and eventually Lake Huron, placing a long duration of heavy precipitation directly over the region. The storm began as snow Saturday evening (3/14) before transitioning to a wintry mix of snow, freezing rain, and sleet across central and east-central Wisconsin after 3 AM Sunday (3/15). This mix produced a few hundredths of an inch of ice in east-central Wisconsin before changing back to all snow early Sunday afternoon (3/15).||Snow became very heavy over central Wisconsin early Sunday morning (3/15) with snowfall rates up to 4 inches per hour. Cloud-to-ground lightning strikes were observed at times in thundersnow and thunder sleet. These heavy snowfall rates shifted east through the morning, reaching northeast Wisconsin around midday Sunday. Blizzard to near-blizzard conditions developed Sunday afternoon, fueled by northeast winds gusting between 35 and 50 mph. Peak gusts reached 59 mph at the Green Bay Airport (Brown Co.) and 60 mph in De Pere (Brown Co.). This combination of heavy falling snow and high winds created whiteout conditions and massive drifting.||After a brief lull in snowfall Sunday evening, heavy snow redeveloped from south to north early Monday morning (3/16). This second round of precipitation was intense, with snowfall rates reaching 1 to 3 inches per hour at times across the Fox Valley and lakeshore. The combination of this heavy snow and powerful north winds, gusting between 40 and 55 mph, resulted in a return to blizzard conditions. Visibility frequently dropped to a quarter mile or less, creating whiteout conditions that made travel impossible. By Monday morning (3/16), this overnight surge had dumped an additional 6 to 12 inches of snow on top of what had already fallen.||Final snowfall totals were historic, with a widespread 1 to 2 feet across the area and localized amounts exceeding 30 inches from Wausau (Marathon Co.) to Marinette and Door counties. Green Bay (Brown Co.) recorded 26.6 inches, marking its second-largest snowstorm on record. Impacts were severe and wide-reaching. Travel became nearly impossible, leading to numerous flight cancellations and significant road drifting, including a 10-foot drift reported in Ephraim (Door Co.). Roads were severely impacted throughout the event with tow bans in place and some municipalities suspending plowing. No Travel Advised was posted for an extended period on the Wisconsin Department of Transportation (DOT) webpage. The heavy snow load and high winds caused widespread power outages, most notably in Door and Marinette counties, and building collapses were reported in Sturgeon Bay (Door Co.) and Kewaunee County. Many schools and businesses remained closed through Monday (3/16) and even on Tuesday (3/17).","Snowfall totals were generally 1 to 2 feet across Kewaunee County. In addition, winds gusting to 40 to 60 mph caused blizzard conditions on Monday March 16.",CSV
202603,14,2000,202603,16,1500,210067,1316183,WISCONSIN,55,2026,March,Blizzard,Z,48,WINNEBAGO,GRB,14-MAR-26 20:00:00,CST-6,16-MAR-26 15:00:00,0,0,0,0,0.00K,0.00K,ASOS,,,,,,,,,,,,,,,,,,,,,,"A historic, record-setting winter storm impacted northeast Wisconsin from Saturday evening (3/14), through Monday evening (3/16). A potent Colorado low deepened as it tracked from the central Plains toward Chicago and eventually Lake Huron, placing a long duration of heavy precipitation directly over the region. The storm began as snow Saturday evening (3/14) before transitioning to a wintry mix of snow, freezing rain, and sleet across central and east-central Wisconsin after 3 AM Sunday (3/15). This mix produced a few hundredths of an inch of ice in east-central Wisconsin before changing back to all snow early Sunday afternoon (3/15).||Snow became very heavy over central Wisconsin early Sunday morning (3/15) with snowfall rates up to 4 inches per hour. Cloud-to-ground lightning strikes were observed at times in thundersnow and thunder sleet. These heavy snowfall rates shifted east through the morning, reaching northeast Wisconsin around midday Sunday. Blizzard to near-blizzard conditions developed Sunday afternoon, fueled by northeast winds gusting between 35 and 50 mph. Peak gusts reached 59 mph at the Green Bay Airport (Brown Co.) and 60 mph in De Pere (Brown Co.). This combination of heavy falling snow and high winds created whiteout conditions and massive drifting.||After a brief lull in snowfall Sunday evening, heavy snow redeveloped from south to north early Monday morning (3/16). This second round of precipitation was intense, with snowfall rates reaching 1 to 3 inches per hour at times across the Fox Valley and lakeshore. The combination of this heavy snow and powerful north winds, gusting between 40 and 55 mph, resulted in a return to blizzard conditions. Visibility frequently dropped to a quarter mile or less, creating whiteout conditions that made travel impossible. By Monday morning (3/16), this overnight surge had dumped an additional 6 to 12 inches of snow on top of what had already fallen.||Final snowfall totals were historic, with a widespread 1 to 2 feet across the area and localized amounts exceeding 30 inches from Wausau (Marathon Co.) to Marinette and Door counties. Green Bay (Brown Co.) recorded 26.6 inches, marking its second-largest snowstorm on record. Impacts were severe and wide-reaching. Travel became nearly impossible, leading to numerous flight cancellations and significant road drifting, including a 10-foot drift reported in Ephraim (Door Co.). Roads were severely impacted throughout the event with tow bans in place and some municipalities suspending plowing. No Travel Advised was posted for an extended period on the Wisconsin Department of Transportation (DOT) webpage. The heavy snow load and high winds caused widespread power outages, most notably in Door and Marinette counties, and building collapses were reported in Sturgeon Bay (Door Co.) and Kewaunee County. Many schools and businesses remained closed through Monday (3/16) and even on Tuesday (3/17).","The highest snowfall totals across Winnebago County included 27.7 inches in Menasha, 22.6 inches in Neenah, and 22 inches in Winneconne. In addition, winds gusting to 40 to 50 mph caused blizzard conditions on Monday March 16.",CSV
202603,14,2100,202603,16,1500,210067,1316184,WISCONSIN,55,2026,March,Blizzard,Z,48,WINNEBAGO,GRB,14-MAR-26 21:00:00,CST-6,16-MAR-26 15:00:00,0,0,0,0,0.00K,0.00K,Official NWS Observations,,,,,,,,,,,,,,,,,,,,,,"A historic, record-setting winter storm impacted northeast Wisconsin from Saturday evening (3/14), through Monday evening (3/16). A potent Colorado low deepened as it tracked from the central Plains toward Chicago and eventually Lake Huron, placing a long duration of heavy precipitation directly over the region. The storm began as snow Saturday evening (3/14) before transitioning to a wintry mix of snow, freezing rain, and sleet across central and east-central Wisconsin after 3 AM Sunday (3/15). This mix produced a few hundredths of an inch of ice in east-central Wisconsin before changing back to all snow early Sunday afternoon (3/15).||Snow became very heavy over central Wisconsin early Sunday morning (3/15) with snowfall rates up to 4 inches per hour. Cloud-to-ground lightning strikes were observed at times in thundersnow and thunder sleet. These heavy snowfall rates shifted east through the morning, reaching northeast Wisconsin around midday Sunday. Blizzard to near-blizzard conditions developed Sunday afternoon, fueled by northeast winds gusting between 35 and 50 mph. Peak gusts reached 59 mph at the Green Bay Airport (Brown Co.) and 60 mph in De Pere (Brown Co.). This combination of heavy falling snow and high winds created whiteout conditions and massive drifting.||After a brief lull in snowfall Sunday evening, heavy snow redeveloped from south to north early Monday morning (3/16). This second round of precipitation was intense, with snowfall rates reaching 1 to 3 inches per hour at times across the Fox Valley and lakeshore. The combination of this heavy snow and powerful north winds, gusting between 40 and 55 mph, resulted in a return to blizzard conditions. Visibility frequently dropped to a quarter mile or less, creating whiteout conditions that made travel impossible. By Monday morning (3/16), this overnight surge had dumped an additional 6 to 12 inches of snow on top of what had already fallen.||Final snowfall totals were historic, with a widespread 1 to 2 feet across the area and localized amounts exceeding 30 inches from Wausau (Marathon Co.) to Marinette and Door counties. Green Bay (Brown Co.) recorded 26.6 inches, marking its second-largest snowstorm on record. Impacts were severe and wide-reaching. Travel became nearly impossible, leading to numerous flight cancellations and significant road drifting, including a 10-foot drift reported in Ephraim (Door Co.). Roads were severely impacted throughout the event with tow bans in place and some municipalities suspending plowing. No Travel Advised was posted for an extended period on the Wisconsin Department of Transportation (DOT) webpage. The heavy snow load and high winds caused widespread power outages, most notably in Door and Marinette counties, and building collapses were reported in Sturgeon Bay (Door Co.) and Kewaunee County. Many schools and businesses remained closed through Monday (3/16) and even on Tuesday (3/17).","The highest snowfall totals across Calumet County included 23.9 inches in Chilton and 17 inches in Darboy. In addition, winds gusting to 40 to 50 mph caused blizzard conditions on Monday March 16.",CSV
202603,14,2200,202603,16,1500,210067,1316185,WISCONSIN,55,2026,March,Blizzard,Z,50,MANITOWOC,GRB,14-MAR-26 22:00:00,CST-6,16-MAR-26 15:00:00,0,0,0,0,0.00K,0.00K,ASOS,,,,,,,,,,,,,,,,,,,,,,"A historic, record-setting winter storm impacted northeast Wisconsin from Saturday evening (3/14), through Monday evening (3/16). A potent Colorado low deepened as it tracked from the central Plains toward Chicago and eventually Lake Huron, placing a long duration of heavy precipitation directly over the region. The storm began as snow Saturday evening (3/14) before transitioning to a wintry mix of snow, freezing rain, and sleet across central and east-central Wisconsin after 3 AM Sunday (3/15). This mix produced a few hundredths of an inch of ice in east-central Wisconsin before changing back to all snow early Sunday afternoon (3/15).||Snow became very heavy over central Wisconsin early Sunday morning (3/15) with snowfall rates up to 4 inches per hour. Cloud-to-ground lightning strikes were observed at times in thundersnow and thunder sleet. These heavy snowfall rates shifted east through the morning, reaching northeast Wisconsin around midday Sunday. Blizzard to near-blizzard conditions developed Sunday afternoon, fueled by northeast winds gusting between 35 and 50 mph. Peak gusts reached 59 mph at the Green Bay Airport (Brown Co.) and 60 mph in De Pere (Brown Co.). This combination of heavy falling snow and high winds created whiteout conditions and massive drifting.||After a brief lull in snowfall Sunday evening, heavy snow redeveloped from south to north early Monday morning (3/16). This second round of precipitation was intense, with snowfall rates reaching 1 to 3 inches per hour at times across the Fox Valley and lakeshore. The combination of this heavy snow and powerful north winds, gusting between 40 and 55 mph, resulted in a return to blizzard conditions. Visibility frequently dropped to a quarter mile or less, creating whiteout conditions that made travel impossible. By Monday morning (3/16), this overnight surge had dumped an additional 6 to 12 inches of snow on top of what had already fallen.||Final snowfall totals were historic, with a widespread 1 to 2 feet across the area and localized amounts exceeding 30 inches from Wausau (Marathon Co.) to Marinette and Door counties. Green Bay (Brown Co.) recorded 26.6 inches, marking its second-largest snowstorm on record. Impacts were severe and wide-reaching. Travel became nearly impossible, leading to numerous flight cancellations and significant road drifting, including a 10-foot drift reported in Ephraim (Door Co.). Roads were severely impacted throughout the event with tow bans in place and some municipalities suspending plowing. No Travel Advised was posted for an extended period on the Wisconsin Department of Transportation (DOT) webpage. The heavy snow load and high winds caused widespread power outages, most notably in Door and Marinette counties, and building collapses were reported in Sturgeon Bay (Door Co.) and Kewaunee County. Many schools and businesses remained closed through Monday (3/16) and even on Tuesday (3/17).","The highest snowfall totals across Manitowoc County included 20.5 inches in Two Rivers and 16 inches in Mishicot. In addition, winds gusting to 40 to 50 mph caused blizzard conditions on Monday March 16.",CSV
202603,14,2200,202603,16,400,211728,1325850,WISCONSIN,55,2026,March,Heavy Snow,Z,8,SAWYER,DLH,14-MAR-26 22:00:00,CST-6,16-MAR-26 04:00:00,0,0,0,0,0.00K,0.00K,COOP Observer,,,,,,,,,,,,,,,,,,,,,,"An area of low pressure developed across the Southern Plains on the 14th and moved northeastward into the Great Lakes by the morning of the 16th. Additionally, a weak cold front dropped south out of Canada ahead of this system. Snowfall was not as heavy as expected as the system tracked a bit further south and a severe weather outbreak across the Mississippi and Tennessee valleys prevented moisture from reaching into the Upper Midwest. Snowfall amounts ended up in the 4 to 8 inch range with isolated higher amounts to just over 14 inches. Winds were not as strong as forecast, so blizzard conditions did not occur.",Snowfall totals for the event were in the 5 to 9 inch range. A high report of 9.7 inches was received from near Northwoods Beach.,CSV
202603,14,2200,202603,16,500,211728,1325851,WISCONSIN,55,2026,March,Heavy Snow,Z,9,PRICE,DLH,14-MAR-26 22:00:00,CST-6,16-MAR-26 05:00:00,0,0,0,0,0.00K,0.00K,CoCoRaHS,,,,,,,,,,,,,,,,,,,,,,"An area of low pressure developed across the Southern Plains on the 14th and moved northeastward into the Great Lakes by the morning of the 16th. Additionally, a weak cold front dropped south out of Canada ahead of this system. Snowfall was not as heavy as expected as the system tracked a bit further south and a severe weather outbreak across the Mississippi and Tennessee valleys prevented moisture from reaching into the Upper Midwest. Snowfall amounts ended up in the 4 to 8 inch range with isolated higher amounts to just over 14 inches. Winds were not as strong as forecast, so blizzard conditions did not occur.",Snowfall totals for the event were in the 5 to 8 inch range. A high report of 9 inches was received from near Butternut in the far north of the county.,CSV
202603,14,2000,202603,16,300,212010,1325146,WISCONSIN,55,2026,March,Blizzard,Z,27,CHIPPEWA,MPX,14-MAR-26 20:00:00,CST-6,16-MAR-26 03:00:00,0,0,0,0,0.00K,0.00K,ASOS,,,,,,,,,,,,,,,,,,,,,,"A large scale spring storm brough a round of heavy snow to the Upper Mississippi Valley from Saturday, March 14th through Sunday, March 15th. The footprint of the greatest totals stretched from southeast MN into central WI, where many places saw at least a foot of snowfall. The heavy snow combined with strong northwesterly winds resulted in reduced visibilities, often at a mile or less in the heaviest hit areas. Persistent blizzard conditions were most widespread in west-central Wisconsin, severely deteriorating road conditions. This led to a widespread travel advisory issued by WISDOT for the majority of western WI, including the temporary closure of I-94 south of Eau Claire.||The highest snowfall reports were:|20.5 inches near Augusta, WI (Eau Claire).|19.0 inches in Pepin, WI (Pepin).|18.5 inches in Durand, WI (Pepin).|16.0 inches in Cadott, WI (Chippewa).|15.2 inches 7 miles S of Altoona, WI (Eau Claire).|15.0 inches in Lund, WI (Pepin).",KEAU measured several hours of at or below 1/4 mile as heavy snow fell and sustained winds were 15 to 25 mph with frequent gusts over 35 mph. The 2-day snowfall reports ranged from 7 inches in the northern portion of the county to 11 inches in the southeastern portion of the county.||The DOT issued a travel advisory on Sunday due to the blizzard conditions.,CSV
202603,14,2000,202603,16,300,212010,1325151,WISCONSIN,55,2026,March,Winter Storm,Z,25,DUNN,MPX,14-MAR-26 20:00:00,CST-6,16-MAR-26 03:00:00,0,0,0,0,0.00K,0.00K,AWOS,,,,,,,,,,,,,,,,,,,,,,"A large scale spring storm brough a round of heavy snow to the Upper Mississippi Valley from Saturday, March 14th through Sunday, March 15th. The footprint of the greatest totals stretched from southeast MN into central WI, where many places saw at least a foot of snowfall. The heavy snow combined with strong northwesterly winds resulted in reduced visibilities, often at a mile or less in the heaviest hit areas. Persistent blizzard conditions were most widespread in west-central Wisconsin, severely deteriorating road conditions. This led to a widespread travel advisory issued by WISDOT for the majority of western WI, including the temporary closure of I-94 south of Eau Claire.||The highest snowfall reports were:|20.5 inches near Augusta, WI (Eau Claire).|19.0 inches in Pepin, WI (Pepin).|18.5 inches in Durand, WI (Pepin).|16.0 inches in Cadott, WI (Chippewa).|15.2 inches 7 miles S of Altoona, WI (Eau Claire).|15.0 inches in Lund, WI (Pepin).","Visibilities were dramatically reduced, reaching below 1 mile at times, as heavy snow fell and sustained winds were 15 to 25 mph with frequent gusts over 30 mph. The 2-day snowfall reports ranged from about 7 to 12 inches throughout the county, with the highest reports being across the southern portion of the county. The DOT issued a travel advisory on Sunday due to the winter storm conditions.",CSV
202604,2,0,202604,2,1000,213208,1335429,WISCONSIN,55,2026,April,Winter Storm,Z,24,PIERCE,MPX,02-APR-26 00:00:00,CST-6,02-APR-26 10:00:00,0,0,0,0,0.00K,0.00K,CoCoRaHS,,,,,,,,,,,,,,,,,,,,,,"A strong Spring system brought a variety of precipitation types to the region early April (4/1 to 4/2). Low pressure swept across Minnesota and Wisconsin from the SW to the NE with warmer air south of the low's core and colder air north.  Areas across western Wisconsin observed a mix of rain/snow/freezing rain/and sleet. This system produced two waves; the first wave arrived during the evening hours of April 1st and lasted into the following day and produced several hours of freezing precipitation. Given concerns of heavy icing, Ice Storm warnings were issued for portions of western WI. On early April 2nd, law enforcement dispatches in Dunn, Chippewa, and Eau Claire Counties reported downed trees and powerlines due to icing.  The thickest ice accretion report was located in St. Croix County of measuring 3/8 inches thick 2 miles NNE of Woodville. ||A lull of activity followed the first wave of precipitation. The second wave arrived April 3rd and persisted into early April 4th. Given that the low's track kept western WI within the warm sector of this system, the precipitation type was mostly rain.","CoCoRaHS Observers measured an inch of snow across the county. Additionally, observers 2 to 6 miles south of Ellsworth, reported sleet and freezing rain with ice accumulations of 0.13 inches.",CSV
202604,2,100,202604,2,1000,213208,1335430,WISCONSIN,55,2026,April,Winter Storm,Z,23,ST. CROIX,MPX,02-APR-26 01:00:00,CST-6,02-APR-26 10:00:00,0,0,0,0,0.00K,0.00K,CoCoRaHS,,,,,,,,,,,,,,,,,,,,,,"A strong Spring system brought a variety of precipitation types to the region early April (4/1 to 4/2). Low pressure swept across Minnesota and Wisconsin from the SW to the NE with warmer air south of the low's core and colder air north.  Areas across western Wisconsin observed a mix of rain/snow/freezing rain/and sleet. This system produced two waves; the first wave arrived during the evening hours of April 1st and lasted into the following day and produced several hours of freezing precipitation. Given concerns of heavy icing, Ice Storm warnings were issued for portions of western WI. On early April 2nd, law enforcement dispatches in Dunn, Chippewa, and Eau Claire Counties reported downed trees and powerlines due to icing.  The thickest ice accretion report was located in St. Croix County of measuring 3/8 inches thick 2 miles NNE of Woodville. ||A lull of activity followed the first wave of precipitation. The second wave arrived April 3rd and persisted into early April 4th. Given that the low's track kept western WI within the warm sector of this system, the precipitation type was mostly rain.",CoCoRaHS Observers measured one quarter to three eighths of an inch of ice accumulation from freezing rain 2 miles NNE of Woodville.,CSV
202603,15,0,202603,16,1500,210067,1318106,WISCONSIN,55,2026,March,Winter Storm,Z,5,VILAS,GRB,15-MAR-26 00:00:00,CST-6,16-MAR-26 15:00:00,0,0,0,0,0.00K,0.00K,COOP Observer,,,,,,,,,,,,,,,,,,,,,,"A historic, record-setting winter storm impacted northeast Wisconsin from Saturday evening (3/14), through Monday evening (3/16). A potent Colorado low deepened as it tracked from the central Plains toward Chicago and eventually Lake Huron, placing a long duration of heavy precipitation directly over the region. The storm began as snow Saturday evening (3/14) before transitioning to a wintry mix of snow, freezing rain, and sleet across central and east-central Wisconsin after 3 AM Sunday (3/15). This mix produced a few hundredths of an inch of ice in east-central Wisconsin before changing back to all snow early Sunday afternoon (3/15).||Snow became very heavy over central Wisconsin early Sunday morning (3/15) with snowfall rates up to 4 inches per hour. Cloud-to-ground lightning strikes were observed at times in thundersnow and thunder sleet. These heavy snowfall rates shifted east through the morning, reaching northeast Wisconsin around midday Sunday. Blizzard to near-blizzard conditions developed Sunday afternoon, fueled by northeast winds gusting between 35 and 50 mph. Peak gusts reached 59 mph at the Green Bay Airport (Brown Co.) and 60 mph in De Pere (Brown Co.). This combination of heavy falling snow and high winds created whiteout conditions and massive drifting.||After a brief lull in snowfall Sunday evening, heavy snow redeveloped from south to north early Monday morning (3/16). This second round of precipitation was intense, with snowfall rates reaching 1 to 3 inches per hour at times across the Fox Valley and lakeshore. The combination of this heavy snow and powerful north winds, gusting between 40 and 55 mph, resulted in a return to blizzard conditions. Visibility frequently dropped to a quarter mile or less, creating whiteout conditions that made travel impossible. By Monday morning (3/16), this overnight surge had dumped an additional 6 to 12 inches of snow on top of what had already fallen.||Final snowfall totals were historic, with a widespread 1 to 2 feet across the area and localized amounts exceeding 30 inches from Wausau (Marathon Co.) to Marinette and Door counties. Green Bay (Brown Co.) recorded 26.6 inches, marking its second-largest snowstorm on record. Impacts were severe and wide-reaching. Travel became nearly impossible, leading to numerous flight cancellations and significant road drifting, including a 10-foot drift reported in Ephraim (Door Co.). Roads were severely impacted throughout the event with tow bans in place and some municipalities suspending plowing. No Travel Advised was posted for an extended period on the Wisconsin Department of Transportation (DOT) webpage. The heavy snow load and high winds caused widespread power outages, most notably in Door and Marinette counties, and building collapses were reported in Sturgeon Bay (Door Co.) and Kewaunee County. Many schools and businesses remained closed through Monday (3/16) and even on Tuesday (3/17).","The highest snowfall totals across Vilas County included 19.5 inches near Phelps and 15 inches in Eagle River.  In addition, winds gusting to 30 to 40 mph caused near-blizzard conditions at times on Sunday March 15 and Monday March 16.",CSV
202603,14,2300,202603,16,1200,210067,1318107,WISCONSIN,55,2026,March,Winter Storm,Z,10,ONEIDA,GRB,14-MAR-26 23:00:00,CST-6,16-MAR-26 12:00:00,0,0,0,0,0.00K,0.00K,Public,,,,,,,,,,,,,,,,,,,,,,"A historic, record-setting winter storm impacted northeast Wisconsin from Saturday evening (3/14), through Monday evening (3/16). A potent Colorado low deepened as it tracked from the central Plains toward Chicago and eventually Lake Huron, placing a long duration of heavy precipitation directly over the region. The storm began as snow Saturday evening (3/14) before transitioning to a wintry mix of snow, freezing rain, and sleet across central and east-central Wisconsin after 3 AM Sunday (3/15). This mix produced a few hundredths of an inch of ice in east-central Wisconsin before changing back to all snow early Sunday afternoon (3/15).||Snow became very heavy over central Wisconsin early Sunday morning (3/15) with snowfall rates up to 4 inches per hour. Cloud-to-ground lightning strikes were observed at times in thundersnow and thunder sleet. These heavy snowfall rates shifted east through the morning, reaching northeast Wisconsin around midday Sunday. Blizzard to near-blizzard conditions developed Sunday afternoon, fueled by northeast winds gusting between 35 and 50 mph. Peak gusts reached 59 mph at the Green Bay Airport (Brown Co.) and 60 mph in De Pere (Brown Co.). This combination of heavy falling snow and high winds created whiteout conditions and massive drifting.||After a brief lull in snowfall Sunday evening, heavy snow redeveloped from south to north early Monday morning (3/16). This second round of precipitation was intense, with snowfall rates reaching 1 to 3 inches per hour at times across the Fox Valley and lakeshore. The combination of this heavy snow and powerful north winds, gusting between 40 and 55 mph, resulted in a return to blizzard conditions. Visibility frequently dropped to a quarter mile or less, creating whiteout conditions that made travel impossible. By Monday morning (3/16), this overnight surge had dumped an additional 6 to 12 inches of snow on top of what had already fallen.||Final snowfall totals were historic, with a widespread 1 to 2 feet across the area and localized amounts exceeding 30 inches from Wausau (Marathon Co.) to Marinette and Door counties. Green Bay (Brown Co.) recorded 26.6 inches, marking its second-largest snowstorm on record. Impacts were severe and wide-reaching. Travel became nearly impossible, leading to numerous flight cancellations and significant road drifting, including a 10-foot drift reported in Ephraim (Door Co.). Roads were severely impacted throughout the event with tow bans in place and some municipalities suspending plowing. No Travel Advised was posted for an extended period on the Wisconsin Department of Transportation (DOT) webpage. The heavy snow load and high winds caused widespread power outages, most notably in Door and Marinette counties, and building collapses were reported in Sturgeon Bay (Door Co.) and Kewaunee County. Many schools and businesses remained closed through Monday (3/16) and even on Tuesday (3/17).","The highest snowfall totals across Oneida County included 18.6 inches in Minocqua and 11.7 inches near Rhinelander.  In addition, winds gusting to 35 to 45 mph caused near-blizzard conditions at times on Sunday March 15 and Monday March 16.",CSV
202603,14,2300,202603,16,1500,210067,1318108,WISCONSIN,55,2026,March,Winter Storm,Z,11,FOREST,GRB,14-MAR-26 23:00:00,CST-6,16-MAR-26 15:00:00,0,0,0,0,8.00K,0.00K,COOP Observer,,,,,,,,,,,,,,,,,,,,,,"A historic, record-setting winter storm impacted northeast Wisconsin from Saturday evening (3/14), through Monday evening (3/16). A potent Colorado low deepened as it tracked from the central Plains toward Chicago and eventually Lake Huron, placing a long duration of heavy precipitation directly over the region. The storm began as snow Saturday evening (3/14) before transitioning to a wintry mix of snow, freezing rain, and sleet across central and east-central Wisconsin after 3 AM Sunday (3/15). This mix produced a few hundredths of an inch of ice in east-central Wisconsin before changing back to all snow early Sunday afternoon (3/15).||Snow became very heavy over central Wisconsin early Sunday morning (3/15) with snowfall rates up to 4 inches per hour. Cloud-to-ground lightning strikes were observed at times in thundersnow and thunder sleet. These heavy snowfall rates shifted east through the morning, reaching northeast Wisconsin around midday Sunday. Blizzard to near-blizzard conditions developed Sunday afternoon, fueled by northeast winds gusting between 35 and 50 mph. Peak gusts reached 59 mph at the Green Bay Airport (Brown Co.) and 60 mph in De Pere (Brown Co.). This combination of heavy falling snow and high winds created whiteout conditions and massive drifting.||After a brief lull in snowfall Sunday evening, heavy snow redeveloped from south to north early Monday morning (3/16). This second round of precipitation was intense, with snowfall rates reaching 1 to 3 inches per hour at times across the Fox Valley and lakeshore. The combination of this heavy snow and powerful north winds, gusting between 40 and 55 mph, resulted in a return to blizzard conditions. Visibility frequently dropped to a quarter mile or less, creating whiteout conditions that made travel impossible. By Monday morning (3/16), this overnight surge had dumped an additional 6 to 12 inches of snow on top of what had already fallen.||Final snowfall totals were historic, with a widespread 1 to 2 feet across the area and localized amounts exceeding 30 inches from Wausau (Marathon Co.) to Marinette and Door counties. Green Bay (Brown Co.) recorded 26.6 inches, marking its second-largest snowstorm on record. Impacts were severe and wide-reaching. Travel became nearly impossible, leading to numerous flight cancellations and significant road drifting, including a 10-foot drift reported in Ephraim (Door Co.). Roads were severely impacted throughout the event with tow bans in place and some municipalities suspending plowing. No Travel Advised was posted for an extended period on the Wisconsin Department of Transportation (DOT) webpage. The heavy snow load and high winds caused widespread power outages, most notably in Door and Marinette counties, and building collapses were reported in Sturgeon Bay (Door Co.) and Kewaunee County. Many schools and businesses remained closed through Monday (3/16) and even on Tuesday (3/17).","Snowfall totals were generally 1 to 2 feet across Forest County. In addition, winds gusting to 35 to 45 mph caused near-blizzard conditions at times on Sunday March 15 and Monday March 16.",CSV
202603,14,2200,202603,16,1000,210067,1318109,WISCONSIN,55,2026,March,Winter Storm,Z,18,LINCOLN,GRB,14-MAR-26 22:00:00,CST-6,16-MAR-26 10:00:00,0,0,0,0,0.00K,0.00K,Public,,,,,,,,,,,,,,,,,,,,,,"A historic, record-setting winter storm impacted northeast Wisconsin from Saturday evening (3/14), through Monday evening (3/16). A potent Colorado low deepened as it tracked from the central Plains toward Chicago and eventually Lake Huron, placing a long duration of heavy precipitation directly over the region. The storm began as snow Saturday evening (3/14) before transitioning to a wintry mix of snow, freezing rain, and sleet across central and east-central Wisconsin after 3 AM Sunday (3/15). This mix produced a few hundredths of an inch of ice in east-central Wisconsin before changing back to all snow early Sunday afternoon (3/15).||Snow became very heavy over central Wisconsin early Sunday morning (3/15) with snowfall rates up to 4 inches per hour. Cloud-to-ground lightning strikes were observed at times in thundersnow and thunder sleet. These heavy snowfall rates shifted east through the morning, reaching northeast Wisconsin around midday Sunday. Blizzard to near-blizzard conditions developed Sunday afternoon, fueled by northeast winds gusting between 35 and 50 mph. Peak gusts reached 59 mph at the Green Bay Airport (Brown Co.) and 60 mph in De Pere (Brown Co.). This combination of heavy falling snow and high winds created whiteout conditions and massive drifting.||After a brief lull in snowfall Sunday evening, heavy snow redeveloped from south to north early Monday morning (3/16). This second round of precipitation was intense, with snowfall rates reaching 1 to 3 inches per hour at times across the Fox Valley and lakeshore. The combination of this heavy snow and powerful north winds, gusting between 40 and 55 mph, resulted in a return to blizzard conditions. Visibility frequently dropped to a quarter mile or less, creating whiteout conditions that made travel impossible. By Monday morning (3/16), this overnight surge had dumped an additional 6 to 12 inches of snow on top of what had already fallen.||Final snowfall totals were historic, with a widespread 1 to 2 feet across the area and localized amounts exceeding 30 inches from Wausau (Marathon Co.) to Marinette and Door counties. Green Bay (Brown Co.) recorded 26.6 inches, marking its second-largest snowstorm on record. Impacts were severe and wide-reaching. Travel became nearly impossible, leading to numerous flight cancellations and significant road drifting, including a 10-foot drift reported in Ephraim (Door Co.). Roads were severely impacted throughout the event with tow bans in place and some municipalities suspending plowing. No Travel Advised was posted for an extended period on the Wisconsin Department of Transportation (DOT) webpage. The heavy snow load and high winds caused widespread power outages, most notably in Door and Marinette counties, and building collapses were reported in Sturgeon Bay (Door Co.) and Kewaunee County. Many schools and businesses remained closed through Monday (3/16) and even on Tuesday (3/17).","The highest snowfall totals across Lincoln County included 15.5 inches near Merrill and 12.9 inches in Tomahawk. In addition, winds gusting to 30 to 40 mph caused near-blizzard conditions at times on Sunday March 15 and Monday March 16.",CSV
202603,14,2300,202603,16,1500,210067,1318110,WISCONSIN,55,2026,March,Winter Storm,Z,19,LANGLADE,GRB,14-MAR-26 23:00:00,CST-6,16-MAR-26 15:00:00,0,0,0,0,0.00K,0.00K,Public,,,,,,,,,,,,,,,,,,,,,,"A historic, record-setting winter storm impacted northeast Wisconsin from Saturday evening (3/14), through Monday evening (3/16). A potent Colorado low deepened as it tracked from the central Plains toward Chicago and eventually Lake Huron, placing a long duration of heavy precipitation directly over the region. The storm began as snow Saturday evening (3/14) before transitioning to a wintry mix of snow, freezing rain, and sleet across central and east-central Wisconsin after 3 AM Sunday (3/15). This mix produced a few hundredths of an inch of ice in east-central Wisconsin before changing back to all snow early Sunday afternoon (3/15).||Snow became very heavy over central Wisconsin early Sunday morning (3/15) with snowfall rates up to 4 inches per hour. Cloud-to-ground lightning strikes were observed at times in thundersnow and thunder sleet. These heavy snowfall rates shifted east through the morning, reaching northeast Wisconsin around midday Sunday. Blizzard to near-blizzard conditions developed Sunday afternoon, fueled by northeast winds gusting between 35 and 50 mph. Peak gusts reached 59 mph at the Green Bay Airport (Brown Co.) and 60 mph in De Pere (Brown Co.). This combination of heavy falling snow and high winds created whiteout conditions and massive drifting.||After a brief lull in snowfall Sunday evening, heavy snow redeveloped from south to north early Monday morning (3/16). This second round of precipitation was intense, with snowfall rates reaching 1 to 3 inches per hour at times across the Fox Valley and lakeshore. The combination of this heavy snow and powerful north winds, gusting between 40 and 55 mph, resulted in a return to blizzard conditions. Visibility frequently dropped to a quarter mile or less, creating whiteout conditions that made travel impossible. By Monday morning (3/16), this overnight surge had dumped an additional 6 to 12 inches of snow on top of what had already fallen.||Final snowfall totals were historic, with a widespread 1 to 2 feet across the area and localized amounts exceeding 30 inches from Wausau (Marathon Co.) to Marinette and Door counties. Green Bay (Brown Co.) recorded 26.6 inches, marking its second-largest snowstorm on record. Impacts were severe and wide-reaching. Travel became nearly impossible, leading to numerous flight cancellations and significant road drifting, including a 10-foot drift reported in Ephraim (Door Co.). Roads were severely impacted throughout the event with tow bans in place and some municipalities suspending plowing. No Travel Advised was posted for an extended period on the Wisconsin Department of Transportation (DOT) webpage. The heavy snow load and high winds caused widespread power outages, most notably in Door and Marinette counties, and building collapses were reported in Sturgeon Bay (Door Co.) and Kewaunee County. Many schools and businesses remained closed through Monday (3/16) and even on Tuesday (3/17).","Snowfall totals were generally 1 to 2 feet across Langlade County. In addition, winds gusting to 35 to 45 mph caused near-blizzard conditions at times on Sunday March 15 and Monday March 16.",CSV
202603,14,2300,202603,16,1500,210067,1318111,WISCONSIN,55,2026,March,Winter Storm,Z,20,MENOMINEE,GRB,14-MAR-26 23:00:00,CST-6,16-MAR-26 15:00:00,0,0,0,0,2.00K,0.00K,Official NWS Observations,,,,,,,,,,,,,,,,,,,,,,"A historic, record-setting winter storm impacted northeast Wisconsin from Saturday evening (3/14), through Monday evening (3/16). A potent Colorado low deepened as it tracked from the central Plains toward Chicago and eventually Lake Huron, placing a long duration of heavy precipitation directly over the region. The storm began as snow Saturday evening (3/14) before transitioning to a wintry mix of snow, freezing rain, and sleet across central and east-central Wisconsin after 3 AM Sunday (3/15). This mix produced a few hundredths of an inch of ice in east-central Wisconsin before changing back to all snow early Sunday afternoon (3/15).||Snow became very heavy over central Wisconsin early Sunday morning (3/15) with snowfall rates up to 4 inches per hour. Cloud-to-ground lightning strikes were observed at times in thundersnow and thunder sleet. These heavy snowfall rates shifted east through the morning, reaching northeast Wisconsin around midday Sunday. Blizzard to near-blizzard conditions developed Sunday afternoon, fueled by northeast winds gusting between 35 and 50 mph. Peak gusts reached 59 mph at the Green Bay Airport (Brown Co.) and 60 mph in De Pere (Brown Co.). This combination of heavy falling snow and high winds created whiteout conditions and massive drifting.||After a brief lull in snowfall Sunday evening, heavy snow redeveloped from south to north early Monday morning (3/16). This second round of precipitation was intense, with snowfall rates reaching 1 to 3 inches per hour at times across the Fox Valley and lakeshore. The combination of this heavy snow and powerful north winds, gusting between 40 and 55 mph, resulted in a return to blizzard conditions. Visibility frequently dropped to a quarter mile or less, creating whiteout conditions that made travel impossible. By Monday morning (3/16), this overnight surge had dumped an additional 6 to 12 inches of snow on top of what had already fallen.||Final snowfall totals were historic, with a widespread 1 to 2 feet across the area and localized amounts exceeding 30 inches from Wausau (Marathon Co.) to Marinette and Door counties. Green Bay (Brown Co.) recorded 26.6 inches, marking its second-largest snowstorm on record. Impacts were severe and wide-reaching. Travel became nearly impossible, leading to numerous flight cancellations and significant road drifting, including a 10-foot drift reported in Ephraim (Door Co.). Roads were severely impacted throughout the event with tow bans in place and some municipalities suspending plowing. No Travel Advised was posted for an extended period on the Wisconsin Department of Transportation (DOT) webpage. The heavy snow load and high winds caused widespread power outages, most notably in Door and Marinette counties, and building collapses were reported in Sturgeon Bay (Door Co.) and Kewaunee County. Many schools and businesses remained closed through Monday (3/16) and even on Tuesday (3/17).","Snowfall totals were generally 1 to 2 feet across Menominee County. In addition, winds gusting to 35 to 45 mph caused near-blizzard conditions at times on Sunday March 15 and Monday March 16.",CSV
202603,14,2000,202603,16,1100,210067,1318112,WISCONSIN,55,2026,March,Winter Storm,Z,30,MARATHON,GRB,14-MAR-26 20:00:00,CST-6,16-MAR-26 11:00:00,0,0,0,0,7.90K,0.00K,CoCoRaHS,,,,,,,,,,,,,,,,,,,,,,"A historic, record-setting winter storm impacted northeast Wisconsin from Saturday evening (3/14), through Monday evening (3/16). A potent Colorado low deepened as it tracked from the central Plains toward Chicago and eventually Lake Huron, placing a long duration of heavy precipitation directly over the region. The storm began as snow Saturday evening (3/14) before transitioning to a wintry mix of snow, freezing rain, and sleet across central and east-central Wisconsin after 3 AM Sunday (3/15). This mix produced a few hundredths of an inch of ice in east-central Wisconsin before changing back to all snow early Sunday afternoon (3/15).||Snow became very heavy over central Wisconsin early Sunday morning (3/15) with snowfall rates up to 4 inches per hour. Cloud-to-ground lightning strikes were observed at times in thundersnow and thunder sleet. These heavy snowfall rates shifted east through the morning, reaching northeast Wisconsin around midday Sunday. Blizzard to near-blizzard conditions developed Sunday afternoon, fueled by northeast winds gusting between 35 and 50 mph. Peak gusts reached 59 mph at the Green Bay Airport (Brown Co.) and 60 mph in De Pere (Brown Co.). This combination of heavy falling snow and high winds created whiteout conditions and massive drifting.||After a brief lull in snowfall Sunday evening, heavy snow redeveloped from south to north early Monday morning (3/16). This second round of precipitation was intense, with snowfall rates reaching 1 to 3 inches per hour at times across the Fox Valley and lakeshore. The combination of this heavy snow and powerful north winds, gusting between 40 and 55 mph, resulted in a return to blizzard conditions. Visibility frequently dropped to a quarter mile or less, creating whiteout conditions that made travel impossible. By Monday morning (3/16), this overnight surge had dumped an additional 6 to 12 inches of snow on top of what had already fallen.||Final snowfall totals were historic, with a widespread 1 to 2 feet across the area and localized amounts exceeding 30 inches from Wausau (Marathon Co.) to Marinette and Door counties. Green Bay (Brown Co.) recorded 26.6 inches, marking its second-largest snowstorm on record. Impacts were severe and wide-reaching. Travel became nearly impossible, leading to numerous flight cancellations and significant road drifting, including a 10-foot drift reported in Ephraim (Door Co.). Roads were severely impacted throughout the event with tow bans in place and some municipalities suspending plowing. No Travel Advised was posted for an extended period on the Wisconsin Department of Transportation (DOT) webpage. The heavy snow load and high winds caused widespread power outages, most notably in Door and Marinette counties, and building collapses were reported in Sturgeon Bay (Door Co.) and Kewaunee County. Many schools and businesses remained closed through Monday (3/16) and even on Tuesday (3/17).","The highest snowfall totals across Marathon County included 30.9 inches in Wausau, 28 inches in Brokaw, 25.8 inches near Mosinee, and 24 inches in Knowlton. In addition, winds gusting to 35 to 45 mph caused near-blizzard conditions at times on Sunday March 15 and Monday March 16.",CSV
202603,14,2300,202603,16,1300,210067,1318113,WISCONSIN,55,2026,March,Winter Storm,Z,31,SHAWANO,GRB,14-MAR-26 23:00:00,CST-6,16-MAR-26 13:00:00,0,0,0,0,0.00K,0.00K,Public,,,,,,,,,,,,,,,,,,,,,,"A historic, record-setting winter storm impacted northeast Wisconsin from Saturday evening (3/14), through Monday evening (3/16). A potent Colorado low deepened as it tracked from the central Plains toward Chicago and eventually Lake Huron, placing a long duration of heavy precipitation directly over the region. The storm began as snow Saturday evening (3/14) before transitioning to a wintry mix of snow, freezing rain, and sleet across central and east-central Wisconsin after 3 AM Sunday (3/15). This mix produced a few hundredths of an inch of ice in east-central Wisconsin before changing back to all snow early Sunday afternoon (3/15).||Snow became very heavy over central Wisconsin early Sunday morning (3/15) with snowfall rates up to 4 inches per hour. Cloud-to-ground lightning strikes were observed at times in thundersnow and thunder sleet. These heavy snowfall rates shifted east through the morning, reaching northeast Wisconsin around midday Sunday. Blizzard to near-blizzard conditions developed Sunday afternoon, fueled by northeast winds gusting between 35 and 50 mph. Peak gusts reached 59 mph at the Green Bay Airport (Brown Co.) and 60 mph in De Pere (Brown Co.). This combination of heavy falling snow and high winds created whiteout conditions and massive drifting.||After a brief lull in snowfall Sunday evening, heavy snow redeveloped from south to north early Monday morning (3/16). This second round of precipitation was intense, with snowfall rates reaching 1 to 3 inches per hour at times across the Fox Valley and lakeshore. The combination of this heavy snow and powerful north winds, gusting between 40 and 55 mph, resulted in a return to blizzard conditions. Visibility frequently dropped to a quarter mile or less, creating whiteout conditions that made travel impossible. By Monday morning (3/16), this overnight surge had dumped an additional 6 to 12 inches of snow on top of what had already fallen.||Final snowfall totals were historic, with a widespread 1 to 2 feet across the area and localized amounts exceeding 30 inches from Wausau (Marathon Co.) to Marinette and Door counties. Green Bay (Brown Co.) recorded 26.6 inches, marking its second-largest snowstorm on record. Impacts were severe and wide-reaching. Travel became nearly impossible, leading to numerous flight cancellations and significant road drifting, including a 10-foot drift reported in Ephraim (Door Co.). Roads were severely impacted throughout the event with tow bans in place and some municipalities suspending plowing. No Travel Advised was posted for an extended period on the Wisconsin Department of Transportation (DOT) webpage. The heavy snow load and high winds caused widespread power outages, most notably in Door and Marinette counties, and building collapses were reported in Sturgeon Bay (Door Co.) and Kewaunee County. Many schools and businesses remained closed through Monday (3/16) and even on Tuesday (3/17).","The highest snowfall totals across Shawano County included 33 inches in Shawano, 30 inches in Pella, and 25 inches in Leopolis. In addition, winds gusting to 30 to 40 mph caused near-blizzard conditions at times on Sunday March 15 and Monday March 16.",CSV
202603,14,1900,202603,16,1300,210067,1318114,WISCONSIN,55,2026,March,Winter Storm,Z,35,WOOD,GRB,14-MAR-26 19:00:00,CST-6,16-MAR-26 13:00:00,0,0,0,0,0.00K,0.00K,Public,,,,,,,,,,,,,,,,,,,,,,"A historic, record-setting winter storm impacted northeast Wisconsin from Saturday evening (3/14), through Monday evening (3/16). A potent Colorado low deepened as it tracked from the central Plains toward Chicago and eventually Lake Huron, placing a long duration of heavy precipitation directly over the region. The storm began as snow Saturday evening (3/14) before transitioning to a wintry mix of snow, freezing rain, and sleet across central and east-central Wisconsin after 3 AM Sunday (3/15). This mix produced a few hundredths of an inch of ice in east-central Wisconsin before changing back to all snow early Sunday afternoon (3/15).||Snow became very heavy over central Wisconsin early Sunday morning (3/15) with snowfall rates up to 4 inches per hour. Cloud-to-ground lightning strikes were observed at times in thundersnow and thunder sleet. These heavy snowfall rates shifted east through the morning, reaching northeast Wisconsin around midday Sunday. Blizzard to near-blizzard conditions developed Sunday afternoon, fueled by northeast winds gusting between 35 and 50 mph. Peak gusts reached 59 mph at the Green Bay Airport (Brown Co.) and 60 mph in De Pere (Brown Co.). This combination of heavy falling snow and high winds created whiteout conditions and massive drifting.||After a brief lull in snowfall Sunday evening, heavy snow redeveloped from south to north early Monday morning (3/16). This second round of precipitation was intense, with snowfall rates reaching 1 to 3 inches per hour at times across the Fox Valley and lakeshore. The combination of this heavy snow and powerful north winds, gusting between 40 and 55 mph, resulted in a return to blizzard conditions. Visibility frequently dropped to a quarter mile or less, creating whiteout conditions that made travel impossible. By Monday morning (3/16), this overnight surge had dumped an additional 6 to 12 inches of snow on top of what had already fallen.||Final snowfall totals were historic, with a widespread 1 to 2 feet across the area and localized amounts exceeding 30 inches from Wausau (Marathon Co.) to Marinette and Door counties. Green Bay (Brown Co.) recorded 26.6 inches, marking its second-largest snowstorm on record. Impacts were severe and wide-reaching. Travel became nearly impossible, leading to numerous flight cancellations and significant road drifting, including a 10-foot drift reported in Ephraim (Door Co.). Roads were severely impacted throughout the event with tow bans in place and some municipalities suspending plowing. No Travel Advised was posted for an extended period on the Wisconsin Department of Transportation (DOT) webpage. The heavy snow load and high winds caused widespread power outages, most notably in Door and Marinette counties, and building collapses were reported in Sturgeon Bay (Door Co.) and Kewaunee County. Many schools and businesses remained closed through Monday (3/16) and even on Tuesday (3/17).","The highest snowfall totals across Wood County included 30 inches near Wisconsin Rapids and 21.6 inches near Marshfield. In addition, winds gusting to 40 to 50 mph caused near-blizzard conditions at times on Sunday March 15 and Monday March 16.",CSV
202603,10,1600,202603,11,900,210822,1316452,WISCONSIN,55,2026,March,Winter Weather,Z,14,POLK,MPX,10-MAR-26 16:00:00,CST-6,11-MAR-26 09:00:00,0,0,0,0,0.00K,0.00K,CoCoRaHS,,,,,,,,,,,,,,,,,,,,,,"A southwest to northeast oriented band of snow developed Tuesday afternoon (March 10th) and pivoted east through the morning of the 11th. Northwest Wisconsin was situated near the pivot point, producing the highest amounts across the region. Polk, Barron, and Rusk counties were on the southern edge of the greatest snowfall totals, receiving up to 4 inches in the northern portions of the counties. Snowfall impacted travel from the afternoon of the 10th through the early morning of the 11th.||The highest snowfall reports were:|3.9 inches 7 miles NW of Rice Lake, WI (Barron).|3.6 inches in Rice Lake, WI (Barron).|2.8 inches 3 miles NW of Turtle Lake, WI (Polk).|2.0 inches 6 miles NW of Amery, WI (Polk).|1.4 inches in Ladysmith, WI (Rusk).",The heaviest snow fell during the evening of the 10th and early morning of the 11th. Interpolated snow amounts ranged from 4 inches in the northern part of the county to 2 inches in the southern part of the county. The highest report was 2.8 inches 3 miles NW of Turtle Lake.,CSV
202603,10,1600,202603,11,900,210822,1316453,WISCONSIN,55,2026,March,Winter Weather,Z,15,BARRON,MPX,10-MAR-26 16:00:00,CST-6,11-MAR-26 09:00:00,0,0,0,0,0.00K,0.00K,CoCoRaHS,,,,,,,,,,,,,,,,,,,,,,"A southwest to northeast oriented band of snow developed Tuesday afternoon (March 10th) and pivoted east through the morning of the 11th. Northwest Wisconsin was situated near the pivot point, producing the highest amounts across the region. Polk, Barron, and Rusk counties were on the southern edge of the greatest snowfall totals, receiving up to 4 inches in the northern portions of the counties. Snowfall impacted travel from the afternoon of the 10th through the early morning of the 11th.||The highest snowfall reports were:|3.9 inches 7 miles NW of Rice Lake, WI (Barron).|3.6 inches in Rice Lake, WI (Barron).|2.8 inches 3 miles NW of Turtle Lake, WI (Polk).|2.0 inches 6 miles NW of Amery, WI (Polk).|1.4 inches in Ladysmith, WI (Rusk).",The heaviest snow fell during the evening of the 10th and early morning of the 11th. Interpolated snow amounts ranged from 4 inches in the northern part of the county to 2 inches in the southern part of the county. The highest report was 3.9 inches 6 miles NW of Rice Lake.,CSV
202603,14,1800,202603,16,100,212010,1325152,WISCONSIN,55,2026,March,Winter Storm,Z,23,ST. CROIX,MPX,14-MAR-26 18:00:00,CST-6,16-MAR-26 01:00:00,0,0,0,0,0.00K,0.00K,AWOS,,,,,,,,,,,,,,,,,,,,,,"A large scale spring storm brough a round of heavy snow to the Upper Mississippi Valley from Saturday, March 14th through Sunday, March 15th. The footprint of the greatest totals stretched from southeast MN into central WI, where many places saw at least a foot of snowfall. The heavy snow combined with strong northwesterly winds resulted in reduced visibilities, often at a mile or less in the heaviest hit areas. Persistent blizzard conditions were most widespread in west-central Wisconsin, severely deteriorating road conditions. This led to a widespread travel advisory issued by WISDOT for the majority of western WI, including the temporary closure of I-94 south of Eau Claire.||The highest snowfall reports were:|20.5 inches near Augusta, WI (Eau Claire).|19.0 inches in Pepin, WI (Pepin).|18.5 inches in Durand, WI (Pepin).|16.0 inches in Cadott, WI (Chippewa).|15.2 inches 7 miles S of Altoona, WI (Eau Claire).|15.0 inches in Lund, WI (Pepin).","Visibilities were dramatically reduced, reaching below 1 mile at times, as heavy snow fell and sustained winds were 15 to 25 mph with frequent gusts over 30 mph. The 2-day snowfall reports ranged from about 8 to 12 inches throughout the county, with the highest reports being 11 inches from Roberts. The DOT issued a travel advisory on Sunday due to the winter storm conditions.",CSV
202603,14,2100,202603,16,200,212010,1325153,WISCONSIN,55,2026,March,Winter Storm,Z,16,RUSK,MPX,14-MAR-26 21:00:00,CST-6,16-MAR-26 02:00:00,0,0,0,0,0.00K,0.00K,AWOS,,,,,,,,,,,,,,,,,,,,,,"A large scale spring storm brough a round of heavy snow to the Upper Mississippi Valley from Saturday, March 14th through Sunday, March 15th. The footprint of the greatest totals stretched from southeast MN into central WI, where many places saw at least a foot of snowfall. The heavy snow combined with strong northwesterly winds resulted in reduced visibilities, often at a mile or less in the heaviest hit areas. Persistent blizzard conditions were most widespread in west-central Wisconsin, severely deteriorating road conditions. This led to a widespread travel advisory issued by WISDOT for the majority of western WI, including the temporary closure of I-94 south of Eau Claire.||The highest snowfall reports were:|20.5 inches near Augusta, WI (Eau Claire).|19.0 inches in Pepin, WI (Pepin).|18.5 inches in Durand, WI (Pepin).|16.0 inches in Cadott, WI (Chippewa).|15.2 inches 7 miles S of Altoona, WI (Eau Claire).|15.0 inches in Lund, WI (Pepin).","Visibilities were dramatically reduced, reaching below 1 mile at times, as heavy snow fell and sustained winds were 15 to 25 mph with frequent gusts over 30 mph. The 2-day snowfall reports ranged from about 6 to 10 inches throughout the county. The DOT issued a travel advisory on Sunday due to the winter storm conditions.",CSV
202603,14,2000,202603,16,1300,210067,1318115,WISCONSIN,55,2026,March,Winter Storm,Z,36,PORTAGE,GRB,14-MAR-26 20:00:00,CST-6,16-MAR-26 13:00:00,0,0,0,0,0.00K,0.00K,Public,,,,,,,,,,,,,,,,,,,,,,"A historic, record-setting winter storm impacted northeast Wisconsin from Saturday evening (3/14), through Monday evening (3/16). A potent Colorado low deepened as it tracked from the central Plains toward Chicago and eventually Lake Huron, placing a long duration of heavy precipitation directly over the region. The storm began as snow Saturday evening (3/14) before transitioning to a wintry mix of snow, freezing rain, and sleet across central and east-central Wisconsin after 3 AM Sunday (3/15). This mix produced a few hundredths of an inch of ice in east-central Wisconsin before changing back to all snow early Sunday afternoon (3/15).||Snow became very heavy over central Wisconsin early Sunday morning (3/15) with snowfall rates up to 4 inches per hour. Cloud-to-ground lightning strikes were observed at times in thundersnow and thunder sleet. These heavy snowfall rates shifted east through the morning, reaching northeast Wisconsin around midday Sunday. Blizzard to near-blizzard conditions developed Sunday afternoon, fueled by northeast winds gusting between 35 and 50 mph. Peak gusts reached 59 mph at the Green Bay Airport (Brown Co.) and 60 mph in De Pere (Brown Co.). This combination of heavy falling snow and high winds created whiteout conditions and massive drifting.||After a brief lull in snowfall Sunday evening, heavy snow redeveloped from south to north early Monday morning (3/16). This second round of precipitation was intense, with snowfall rates reaching 1 to 3 inches per hour at times across the Fox Valley and lakeshore. The combination of this heavy snow and powerful north winds, gusting between 40 and 55 mph, resulted in a return to blizzard conditions. Visibility frequently dropped to a quarter mile or less, creating whiteout conditions that made travel impossible. By Monday morning (3/16), this overnight surge had dumped an additional 6 to 12 inches of snow on top of what had already fallen.||Final snowfall totals were historic, with a widespread 1 to 2 feet across the area and localized amounts exceeding 30 inches from Wausau (Marathon Co.) to Marinette and Door counties. Green Bay (Brown Co.) recorded 26.6 inches, marking its second-largest snowstorm on record. Impacts were severe and wide-reaching. Travel became nearly impossible, leading to numerous flight cancellations and significant road drifting, including a 10-foot drift reported in Ephraim (Door Co.). Roads were severely impacted throughout the event with tow bans in place and some municipalities suspending plowing. No Travel Advised was posted for an extended period on the Wisconsin Department of Transportation (DOT) webpage. The heavy snow load and high winds caused widespread power outages, most notably in Door and Marinette counties, and building collapses were reported in Sturgeon Bay (Door Co.) and Kewaunee County. Many schools and businesses remained closed through Monday (3/16) and even on Tuesday (3/17).","The highest snowfall totals across Portage County included 25 inches in Almond, 24 inches in Stevens Point, and 22.5 inches near Plover. In addition, winds gusting to 40 to 50 mph caused near-blizzard conditions at times on Sunday March 15 and Monday March 16.",CSV
202603,14,2000,202603,16,1400,210067,1318116,WISCONSIN,55,2026,March,Winter Storm,Z,37,WAUPACA,GRB,14-MAR-26 20:00:00,CST-6,16-MAR-26 14:00:00,0,0,0,0,0.00K,0.00K,Public,,,,,,,,,,,,,,,,,,,,,,"A historic, record-setting winter storm impacted northeast Wisconsin from Saturday evening (3/14), through Monday evening (3/16). A potent Colorado low deepened as it tracked from the central Plains toward Chicago and eventually Lake Huron, placing a long duration of heavy precipitation directly over the region. The storm began as snow Saturday evening (3/14) before transitioning to a wintry mix of snow, freezing rain, and sleet across central and east-central Wisconsin after 3 AM Sunday (3/15). This mix produced a few hundredths of an inch of ice in east-central Wisconsin before changing back to all snow early Sunday afternoon (3/15).||Snow became very heavy over central Wisconsin early Sunday morning (3/15) with snowfall rates up to 4 inches per hour. Cloud-to-ground lightning strikes were observed at times in thundersnow and thunder sleet. These heavy snowfall rates shifted east through the morning, reaching northeast Wisconsin around midday Sunday. Blizzard to near-blizzard conditions developed Sunday afternoon, fueled by northeast winds gusting between 35 and 50 mph. Peak gusts reached 59 mph at the Green Bay Airport (Brown Co.) and 60 mph in De Pere (Brown Co.). This combination of heavy falling snow and high winds created whiteout conditions and massive drifting.||After a brief lull in snowfall Sunday evening, heavy snow redeveloped from south to north early Monday morning (3/16). This second round of precipitation was intense, with snowfall rates reaching 1 to 3 inches per hour at times across the Fox Valley and lakeshore. The combination of this heavy snow and powerful north winds, gusting between 40 and 55 mph, resulted in a return to blizzard conditions. Visibility frequently dropped to a quarter mile or less, creating whiteout conditions that made travel impossible. By Monday morning (3/16), this overnight surge had dumped an additional 6 to 12 inches of snow on top of what had already fallen.||Final snowfall totals were historic, with a widespread 1 to 2 feet across the area and localized amounts exceeding 30 inches from Wausau (Marathon Co.) to Marinette and Door counties. Green Bay (Brown Co.) recorded 26.6 inches, marking its second-largest snowstorm on record. Impacts were severe and wide-reaching. Travel became nearly impossible, leading to numerous flight cancellations and significant road drifting, including a 10-foot drift reported in Ephraim (Door Co.). Roads were severely impacted throughout the event with tow bans in place and some municipalities suspending plowing. No Travel Advised was posted for an extended period on the Wisconsin Department of Transportation (DOT) webpage. The heavy snow load and high winds caused widespread power outages, most notably in Door and Marinette counties, and building collapses were reported in Sturgeon Bay (Door Co.) and Kewaunee County. Many schools and businesses remained closed through Monday (3/16) and even on Tuesday (3/17).","The highest snowfall totals across Waupaca County included 30.5 inches near Northland, 28 inches in Waupaca, 26.5 inches in Clintonville, and 25 inches in Weyauwega. In addition, winds gusting to 30 to 40 mph caused near-blizzard conditions at times on Sunday March 15 and Monday March 16.",CSV
202603,14,2000,202603,16,1400,210067,1318117,WISCONSIN,55,2026,March,Winter Storm,Z,45,WAUSHARA,GRB,14-MAR-26 20:00:00,CST-6,16-MAR-26 14:00:00,0,0,0,0,0.00K,0.00K,Public,,,,,,,,,,,,,,,,,,,,,,"A historic, record-setting winter storm impacted northeast Wisconsin from Saturday evening (3/14), through Monday evening (3/16). A potent Colorado low deepened as it tracked from the central Plains toward Chicago and eventually Lake Huron, placing a long duration of heavy precipitation directly over the region. The storm began as snow Saturday evening (3/14) before transitioning to a wintry mix of snow, freezing rain, and sleet across central and east-central Wisconsin after 3 AM Sunday (3/15). This mix produced a few hundredths of an inch of ice in east-central Wisconsin before changing back to all snow early Sunday afternoon (3/15).||Snow became very heavy over central Wisconsin early Sunday morning (3/15) with snowfall rates up to 4 inches per hour. Cloud-to-ground lightning strikes were observed at times in thundersnow and thunder sleet. These heavy snowfall rates shifted east through the morning, reaching northeast Wisconsin around midday Sunday. Blizzard to near-blizzard conditions developed Sunday afternoon, fueled by northeast winds gusting between 35 and 50 mph. Peak gusts reached 59 mph at the Green Bay Airport (Brown Co.) and 60 mph in De Pere (Brown Co.). This combination of heavy falling snow and high winds created whiteout conditions and massive drifting.||After a brief lull in snowfall Sunday evening, heavy snow redeveloped from south to north early Monday morning (3/16). This second round of precipitation was intense, with snowfall rates reaching 1 to 3 inches per hour at times across the Fox Valley and lakeshore. The combination of this heavy snow and powerful north winds, gusting between 40 and 55 mph, resulted in a return to blizzard conditions. Visibility frequently dropped to a quarter mile or less, creating whiteout conditions that made travel impossible. By Monday morning (3/16), this overnight surge had dumped an additional 6 to 12 inches of snow on top of what had already fallen.||Final snowfall totals were historic, with a widespread 1 to 2 feet across the area and localized amounts exceeding 30 inches from Wausau (Marathon Co.) to Marinette and Door counties. Green Bay (Brown Co.) recorded 26.6 inches, marking its second-largest snowstorm on record. Impacts were severe and wide-reaching. Travel became nearly impossible, leading to numerous flight cancellations and significant road drifting, including a 10-foot drift reported in Ephraim (Door Co.). Roads were severely impacted throughout the event with tow bans in place and some municipalities suspending plowing. No Travel Advised was posted for an extended period on the Wisconsin Department of Transportation (DOT) webpage. The heavy snow load and high winds caused widespread power outages, most notably in Door and Marinette counties, and building collapses were reported in Sturgeon Bay (Door Co.) and Kewaunee County. Many schools and businesses remained closed through Monday (3/16) and even on Tuesday (3/17).","Snowfall totals were generally 1 to 2 feet across Waushara County. In addition, winds gusting to 30 to 40 mph caused near-blizzard conditions at times on Sunday March 15 and Monday March 16.",CSV
202603,10,1900,202603,11,1000,210822,1316454,WISCONSIN,55,2026,March,Winter Weather,Z,16,RUSK,MPX,10-MAR-26 19:00:00,CST-6,11-MAR-26 10:00:00,0,0,0,0,0.00K,0.00K,CoCoRaHS,,,,,,,,,,,,,,,,,,,,,,"A southwest to northeast oriented band of snow developed Tuesday afternoon (March 10th) and pivoted east through the morning of the 11th. Northwest Wisconsin was situated near the pivot point, producing the highest amounts across the region. Polk, Barron, and Rusk counties were on the southern edge of the greatest snowfall totals, receiving up to 4 inches in the northern portions of the counties. Snowfall impacted travel from the afternoon of the 10th through the early morning of the 11th.||The highest snowfall reports were:|3.9 inches 7 miles NW of Rice Lake, WI (Barron).|3.6 inches in Rice Lake, WI (Barron).|2.8 inches 3 miles NW of Turtle Lake, WI (Polk).|2.0 inches 6 miles NW of Amery, WI (Polk).|1.4 inches in Ladysmith, WI (Rusk).",The heaviest snow fell during the evening of the 10th and early morning of the 11th. Interpolated snow amounts ranged from 4 inches in the northern part of the county to 1 inch in the southern part of the county. The highest report was 1.4 inches in Ladysmith.,CSV
202603,14,2000,202603,16,200,212010,1325154,WISCONSIN,55,2026,March,Winter Storm,Z,15,BARRON,MPX,14-MAR-26 20:00:00,CST-6,16-MAR-26 02:00:00,0,0,0,0,0.00K,0.00K,AWOS,,,,,,,,,,,,,,,,,,,,,,"A large scale spring storm brough a round of heavy snow to the Upper Mississippi Valley from Saturday, March 14th through Sunday, March 15th. The footprint of the greatest totals stretched from southeast MN into central WI, where many places saw at least a foot of snowfall. The heavy snow combined with strong northwesterly winds resulted in reduced visibilities, often at a mile or less in the heaviest hit areas. Persistent blizzard conditions were most widespread in west-central Wisconsin, severely deteriorating road conditions. This led to a widespread travel advisory issued by WISDOT for the majority of western WI, including the temporary closure of I-94 south of Eau Claire.||The highest snowfall reports were:|20.5 inches near Augusta, WI (Eau Claire).|19.0 inches in Pepin, WI (Pepin).|18.5 inches in Durand, WI (Pepin).|16.0 inches in Cadott, WI (Chippewa).|15.2 inches 7 miles S of Altoona, WI (Eau Claire).|15.0 inches in Lund, WI (Pepin).","Visibilities were dramatically reduced, reaching below 3/4 miles at times, as heavy snow fell and sustained winds were 15 to 25 mph with frequent gusts over 30 mph. The 2-day snowfall reports ranged from about 7 to 12 inches throughout the county, with the highest report being 11.2 inches near Haugen. The DOT issued a travel advisory on Sunday due to the winter storm conditions.",CSV
202603,14,1800,202603,16,0,212010,1325155,WISCONSIN,55,2026,March,Winter Storm,Z,14,POLK,MPX,14-MAR-26 18:00:00,CST-6,16-MAR-26 00:00:00,0,0,0,0,0.00K,0.00K,AWOS,,,,,,,,,,,,,,,,,,,,,,"A large scale spring storm brough a round of heavy snow to the Upper Mississippi Valley from Saturday, March 14th through Sunday, March 15th. The footprint of the greatest totals stretched from southeast MN into central WI, where many places saw at least a foot of snowfall. The heavy snow combined with strong northwesterly winds resulted in reduced visibilities, often at a mile or less in the heaviest hit areas. Persistent blizzard conditions were most widespread in west-central Wisconsin, severely deteriorating road conditions. This led to a widespread travel advisory issued by WISDOT for the majority of western WI, including the temporary closure of I-94 south of Eau Claire.||The highest snowfall reports were:|20.5 inches near Augusta, WI (Eau Claire).|19.0 inches in Pepin, WI (Pepin).|18.5 inches in Durand, WI (Pepin).|16.0 inches in Cadott, WI (Chippewa).|15.2 inches 7 miles S of Altoona, WI (Eau Claire).|15.0 inches in Lund, WI (Pepin).","Visibilities were dramatically reduced, reaching below 1/2 mile at times, as heavy snow fell and sustained winds were 15 to 25 mph with frequent gusts over 30 mph. The 2-day snowfall reports ranged from about 6 to 10 inches throughout the county, with the highest reports being across the southern portion of the county. The DOT issued a travel advisory on Sunday due to the winter storm conditions.",CSV
202603,14,1900,202603,16,100,212010,1325224,WISCONSIN,55,2026,March,Blizzard,Z,24,PIERCE,MPX,14-MAR-26 19:00:00,CST-6,16-MAR-26 01:00:00,0,0,0,0,0.00K,0.00K,CoCoRaHS,,,,,,,,,,,,,,,,,,,,,,"A large scale spring storm brough a round of heavy snow to the Upper Mississippi Valley from Saturday, March 14th through Sunday, March 15th. The footprint of the greatest totals stretched from southeast MN into central WI, where many places saw at least a foot of snowfall. The heavy snow combined with strong northwesterly winds resulted in reduced visibilities, often at a mile or less in the heaviest hit areas. Persistent blizzard conditions were most widespread in west-central Wisconsin, severely deteriorating road conditions. This led to a widespread travel advisory issued by WISDOT for the majority of western WI, including the temporary closure of I-94 south of Eau Claire.||The highest snowfall reports were:|20.5 inches near Augusta, WI (Eau Claire).|19.0 inches in Pepin, WI (Pepin).|18.5 inches in Durand, WI (Pepin).|16.0 inches in Cadott, WI (Chippewa).|15.2 inches 7 miles S of Altoona, WI (Eau Claire).|15.0 inches in Lund, WI (Pepin).","Visibilities were dramatically reduced, at or below 1/4 mile for several hours, as heavy snow fell and sustained winds were 15 to 25 mph with frequent gusts over 35 mph. The 2-day snowfall reports ranged from about 10 to 15 inches throughout the county, with the highest reports being across the southern portion of the county. The DOT issued a travel advisory on Sunday due to the blizzard conditions.",CSV
202603,13,300,202603,13,1100,211755,1323474,WISCONSIN,55,2026,March,High Wind,Z,61,GRANT,ARX,13-MAR-26 03:00:00,CST-6,13-MAR-26 11:00:00,0,0,0,0,0.00K,0.00K,AWOS,52.00,MG,,,,,,,,,,,,,,,,,,,,"A compact low pressure system moved through the region during the early morning hours on March 13th. While this brought some precipitation to the area, the larger story was the winds with gusts of up to 60 mph in portions of western Wisconsin during this period.",Sustained winds of 25 to 35 mph were common in Grant County during the morning hours on March 13th with gusts up to 60 mph. The highest gust was at the airport in Platteville which measured a gust of 60 mph.,CSV
202603,14,500,202603,16,1900,211748,1324936,WISCONSIN,55,2026,March,Winter Storm,Z,41,LA CROSSE,ARX,14-MAR-26 05:00:00,CST-6,16-MAR-26 19:00:00,0,0,0,0,0.00K,0.00K,Public,,,,,,,,,,,,,,,,,,,,,,"A historic and complex winter storm moved into western Wisconsin during the late evening hours on March 14th and continued through the morning on March 16th. Along the I-90 corridor, a period of heavy sleet manifested for the morning hours which was accompanied by thunder at times before switching to snow by late morning. North of I-90, a band of heavy snow set up during the morning hours on March 15th resulting in rapid snowfall accumulations with locations receiving upwards of 18 to 26 inches of snow. As the evening approached on March 15th, a secondary round of snow moved into the area with increasing winds leading to localized whiteout conditions at times before the winter storm exited the area towards daybreak. Numerous vehicles were stranded on I-94 as a result of the heavy snow near Osseo, WI.",This winter storm brought snowfall totals of 5 to 11 inches across La Crosse County during this period. The highest reported snowfall total was 3 miles north-northeast  of New Amsterdam where 11 inches of snow was measured.,CSV
202603,14,1600,202603,16,800,211748,1324945,WISCONSIN,55,2026,March,Winter Storm,Z,42,MONROE,ARX,14-MAR-26 16:00:00,CST-6,16-MAR-26 08:00:00,0,0,0,0,0.00K,0.00K,Public,,,,,,,,,,,,,,,,,,,,,,"A historic and complex winter storm moved into western Wisconsin during the late evening hours on March 14th and continued through the morning on March 16th. Along the I-90 corridor, a period of heavy sleet manifested for the morning hours which was accompanied by thunder at times before switching to snow by late morning. North of I-90, a band of heavy snow set up during the morning hours on March 15th resulting in rapid snowfall accumulations with locations receiving upwards of 18 to 26 inches of snow. As the evening approached on March 15th, a secondary round of snow moved into the area with increasing winds leading to localized whiteout conditions at times before the winter storm exited the area towards daybreak. Numerous vehicles were stranded on I-94 as a result of the heavy snow near Osseo, WI.",This winter storm brought heavy snowfall to Monroe County where snowfall totals ranged from 9 to 17 inches. The highest snowfall total in the county was reported in Warrens where 17 inches of snow was measured.,CSV
202603,14,1600,202603,16,400,211748,1325209,WISCONSIN,55,2026,March,Winter Storm,Z,33,TREMPEALEAU,ARX,14-MAR-26 16:00:00,CST-6,16-MAR-26 04:00:00,0,0,0,0,100.00K,0.00K,Public,,,,,,,,,,,,,,,,,,,,,,"A historic and complex winter storm moved into western Wisconsin during the late evening hours on March 14th and continued through the morning on March 16th. Along the I-90 corridor, a period of heavy sleet manifested for the morning hours which was accompanied by thunder at times before switching to snow by late morning. North of I-90, a band of heavy snow set up during the morning hours on March 15th resulting in rapid snowfall accumulations with locations receiving upwards of 18 to 26 inches of snow. As the evening approached on March 15th, a secondary round of snow moved into the area with increasing winds leading to localized whiteout conditions at times before the winter storm exited the area towards daybreak. Numerous vehicles were stranded on I-94 as a result of the heavy snow near Osseo, WI.","This winter storm brought heavy snowfall to Trempealeau County with snowfall totals ranging from 8 to 25 inches. The highest snowfall total report in the county was in Strum where 25 inches of snow was measured. Additionally, the heavy snowfall totals resulted in numerous vehicles becoming stranded on Interstate 94 near Osseo resulting in a closure of the interstate.",CSV
202603,14,1700,202603,16,800,211748,1324667,WISCONSIN,55,2026,March,Winter Storm,Z,44,ADAMS,ARX,14-MAR-26 17:00:00,CST-6,16-MAR-26 08:00:00,0,0,0,0,0.00K,0.00K,COOP Observer,,,,,,,,,,,,,,,,,,,,,,"A historic and complex winter storm moved into western Wisconsin during the late evening hours on March 14th and continued through the morning on March 16th. Along the I-90 corridor, a period of heavy sleet manifested for the morning hours which was accompanied by thunder at times before switching to snow by late morning. North of I-90, a band of heavy snow set up during the morning hours on March 15th resulting in rapid snowfall accumulations with locations receiving upwards of 18 to 26 inches of snow. As the evening approached on March 15th, a secondary round of snow moved into the area with increasing winds leading to localized whiteout conditions at times before the winter storm exited the area towards daybreak. Numerous vehicles were stranded on I-94 as a result of the heavy snow near Osseo, WI.",This winter storm brought heavy snowfall totals to Adams County over this period with snowfall reports in the county ranging from 9 to just under 17 inches with the highest reported snowfall total in the county being 16.7 inches 1 mile west-northwest of Friendship.,CSV
202603,14,1700,202603,15,2000,211748,1324669,WISCONSIN,55,2026,March,Winter Storm,Z,32,BUFFALO,ARX,14-MAR-26 17:00:00,CST-6,15-MAR-26 20:00:00,0,0,0,0,0.00K,0.00K,CoCoRaHS,,,,,,,,,,,,,,,,,,,,,,"A historic and complex winter storm moved into western Wisconsin during the late evening hours on March 14th and continued through the morning on March 16th. Along the I-90 corridor, a period of heavy sleet manifested for the morning hours which was accompanied by thunder at times before switching to snow by late morning. North of I-90, a band of heavy snow set up during the morning hours on March 15th resulting in rapid snowfall accumulations with locations receiving upwards of 18 to 26 inches of snow. As the evening approached on March 15th, a secondary round of snow moved into the area with increasing winds leading to localized whiteout conditions at times before the winter storm exited the area towards daybreak. Numerous vehicles were stranded on I-94 as a result of the heavy snow near Osseo, WI.",This winter storm brought very heavy snowfall totals to Buffalo County with numerous totals between 18 to 27 inches in the county. The highest reported total in the county was 26.6 inches 5 miles northeast of Montana.,CSV
202603,16,100,202603,16,1100,212236,1327454,WISCONSIN,55,2026,March,Blizzard,Z,65,WAUKESHA,MKX,16-MAR-26 01:00:00,CST-6,16-MAR-26 11:00:00,0,0,0,0,0.00K,0.00K,Trained Spotter,,,,,,,,,,,,,,,,,,,,,,"A band of moderate to heavy snow moved across southern Wisconsin on the back side of a strong low pressure system moving into Lower Michigan, bringing a wide range of 4 to 16 inches of snow accumulation to southern Wisconsin. Snow was accompanied by frequent wind gusts of 35 to 60 mph and white-out conditions with visibilities down to 1/4 to 3/4 mile for an eight to twelve hour period of time.",Snowfall totals of 6 to 9 inches and winds of 35 to 45 mph caused frequent white-out conditions across the county. The Waukesha County Communications Center reported a total of 81 vehicles in the ditch or disabled or in an accident. All schools were closed.,CSV
202603,15,2100,202603,16,1300,212236,1327394,WISCONSIN,55,2026,March,Blizzard,Z,47,GREEN LAKE,MKX,15-MAR-26 21:00:00,CST-6,16-MAR-26 13:00:00,0,0,0,0,0.00K,0.00K,Trained Spotter,,,,,,,,,,,,,,,,,,,,,,"A band of moderate to heavy snow moved across southern Wisconsin on the back side of a strong low pressure system moving into Lower Michigan, bringing a wide range of 4 to 16 inches of snow accumulation to southern Wisconsin. Snow was accompanied by frequent wind gusts of 35 to 60 mph and white-out conditions with visibilities down to 1/4 to 3/4 mile for an eight to twelve hour period of time.","Snowfall totals of 14 to 20 inches and winds of 35 to 45 mph caused frequent white-out conditions across the county. All schools were closed. The Government Center closed, which was a rare occasion.",CSV
202603,14,1700,202603,16,600,211748,1324860,WISCONSIN,55,2026,March,Winter Storm,Z,29,CLARK,ARX,14-MAR-26 17:00:00,CST-6,16-MAR-26 06:00:00,0,0,0,0,0.00K,0.00K,Public,,,,,,,,,,,,,,,,,,,,,,"A historic and complex winter storm moved into western Wisconsin during the late evening hours on March 14th and continued through the morning on March 16th. Along the I-90 corridor, a period of heavy sleet manifested for the morning hours which was accompanied by thunder at times before switching to snow by late morning. North of I-90, a band of heavy snow set up during the morning hours on March 15th resulting in rapid snowfall accumulations with locations receiving upwards of 18 to 26 inches of snow. As the evening approached on March 15th, a secondary round of snow moved into the area with increasing winds leading to localized whiteout conditions at times before the winter storm exited the area towards daybreak. Numerous vehicles were stranded on I-94 as a result of the heavy snow near Osseo, WI.",This snowstorm brought significant snowfall totals to Clark County with snowfall totals ranging from 18 to 25 inches across the county with the highest snowfall total being 25 inches in Granton.,CSV
202603,14,1700,202603,16,700,211748,1324885,WISCONSIN,55,2026,March,Winter Storm,Z,34,JACKSON,ARX,14-MAR-26 17:00:00,CST-6,16-MAR-26 07:00:00,0,0,0,0,50.00K,0.00K,Public,,,,,,,,,,,,,,,,,,,,,,"A historic and complex winter storm moved into western Wisconsin during the late evening hours on March 14th and continued through the morning on March 16th. Along the I-90 corridor, a period of heavy sleet manifested for the morning hours which was accompanied by thunder at times before switching to snow by late morning. North of I-90, a band of heavy snow set up during the morning hours on March 15th resulting in rapid snowfall accumulations with locations receiving upwards of 18 to 26 inches of snow. As the evening approached on March 15th, a secondary round of snow moved into the area with increasing winds leading to localized whiteout conditions at times before the winter storm exited the area towards daybreak. Numerous vehicles were stranded on I-94 as a result of the heavy snow near Osseo, WI.","This winter storm brought heavy snow to Jackson County with snowfall totals ranging from 11 to 17 inches across the county. The highest reported total was in Hatfield where 17 inches was measured. Additionally, the heavy snowfall totals resulted in numerous vehicles becoming stranded on Interstate 94 near Osseo resulting in a closure of the interstate.",CSV
202603,1,0,202603,17,700,211724,1323223,WISCONSIN,55,2026,March,Drought,Z,1,DOUGLAS,DLH,01-MAR-26 00:00:00,CST-6,17-MAR-26 07:00:00,0,0,0,0,0.00K,0.00K,Drought Monitor,,,,,,,,,,,,,,,,,,,,,,"D2 Severe Drought conditions persisted across parts of northwestern Wisconsin to begin the month of March. Precipitation for the month was around 0.25 to 1 inches above normal in the area with most of that occurring over the first half of the month. This led to the complete removal of D2 Severe Drought conditions across northwestern Wisconsin with the update on the 17th, leaving a mix of D1 Moderate Drought and D0 Abnormally Dry conditions in place.","D2 Severe Drought conditions covered roughly the southwestern half of the county at the start of March. Precipitation for the month was around 0.5 to 1 inches above normal across the county, with much of that falling over the first half of the month. This led to the complete removal of D2 Severe Drought conditions in the county with the update on the 17th leaving a mix of D1 Moderate Drought and D0 Abnormally Dry conditions across the county.",CSV
202603,15,2200,202603,16,1300,212236,1327384,WISCONSIN,55,2026,March,Blizzard,Z,51,FOND DU LAC,MKX,15-MAR-26 22:00:00,CST-6,16-MAR-26 13:00:00,0,0,0,0,0.00K,0.00K,Trained Spotter,,,,,,,,,,,,,,,,,,,,,,"A band of moderate to heavy snow moved across southern Wisconsin on the back side of a strong low pressure system moving into Lower Michigan, bringing a wide range of 4 to 16 inches of snow accumulation to southern Wisconsin. Snow was accompanied by frequent wind gusts of 35 to 60 mph and white-out conditions with visibilities down to 1/4 to 3/4 mile for an eight to twelve hour period of time.",Snowfall totals of 8 to 16 inches and winds of 45 to 60 mph caused frequent white-out conditions across the county. Many rural roads were impassable until the late afternoon due to blowing and drifting snow. All schools were closed. The Fond du Lac Airport ASOS measured a peak wind gust of 60 mph toward the end of the storm.,CSV
202603,15,2200,202603,16,1300,212236,1327429,WISCONSIN,55,2026,March,Blizzard,Z,46,MARQUETTE,MKX,15-MAR-26 22:00:00,CST-6,16-MAR-26 13:00:00,0,0,0,0,0.00K,0.00K,Trained Spotter,,,,,,,,,,,,,,,,,,,,,,"A band of moderate to heavy snow moved across southern Wisconsin on the back side of a strong low pressure system moving into Lower Michigan, bringing a wide range of 4 to 16 inches of snow accumulation to southern Wisconsin. Snow was accompanied by frequent wind gusts of 35 to 60 mph and white-out conditions with visibilities down to 1/4 to 3/4 mile for an eight to twelve hour period of time.",Snowfall totals of 12 to 15 inches and winds of 35 to 45 mph caused frequent white-out conditions across the county. All schools were closed.,CSV
202603,15,2200,202603,16,1300,212236,1327448,WISCONSIN,55,2026,March,Blizzard,Z,52,SHEBOYGAN,MKX,15-MAR-26 22:00:00,CST-6,16-MAR-26 13:00:00,0,0,0,0,0.00K,0.00K,Trained Spotter,,,,,,,,,,,,,,,,,,,,,,"A band of moderate to heavy snow moved across southern Wisconsin on the back side of a strong low pressure system moving into Lower Michigan, bringing a wide range of 4 to 16 inches of snow accumulation to southern Wisconsin. Snow was accompanied by frequent wind gusts of 35 to 60 mph and white-out conditions with visibilities down to 1/4 to 3/4 mile for an eight to twelve hour period of time.",Snowfall totals of 7 to 12 inches and winds of 45 to 60 mph caused frequent white-out conditions across the county. The Sheboygan Airport ASOS measured a peak wind gust of 59 mph toward the end of the storm. All schools were closed.,CSV
202603,15,2300,202603,16,700,212236,1327393,WISCONSIN,55,2026,March,Blizzard,Z,68,GREEN,MKX,15-MAR-26 23:00:00,CST-6,16-MAR-26 07:00:00,0,0,0,0,0.00K,0.00K,Trained Spotter,,,,,,,,,,,,,,,,,,,,,,"A band of moderate to heavy snow moved across southern Wisconsin on the back side of a strong low pressure system moving into Lower Michigan, bringing a wide range of 4 to 16 inches of snow accumulation to southern Wisconsin. Snow was accompanied by frequent wind gusts of 35 to 60 mph and white-out conditions with visibilities down to 1/4 to 3/4 mile for an eight to twelve hour period of time.",Snowfall totals of 6 to 9 inches and winds of 35 to 50 mph caused frequent white-out conditions across the county. All schools were closed. The highway department for the Town of Cadiz reported that the slush followed by blowing and drifting snow made it difficult to keep the hilly North/South roads open. There were around six trees down in southwest Green County due to the winds.,CSV
202603,14,1800,202603,16,800,211748,1324892,WISCONSIN,55,2026,March,Winter Storm,Z,43,JUNEAU,ARX,14-MAR-26 18:00:00,CST-6,16-MAR-26 08:00:00,0,0,0,0,0.00K,0.00K,Public,,,,,,,,,,,,,,,,,,,,,,"A historic and complex winter storm moved into western Wisconsin during the late evening hours on March 14th and continued through the morning on March 16th. Along the I-90 corridor, a period of heavy sleet manifested for the morning hours which was accompanied by thunder at times before switching to snow by late morning. North of I-90, a band of heavy snow set up during the morning hours on March 15th resulting in rapid snowfall accumulations with locations receiving upwards of 18 to 26 inches of snow. As the evening approached on March 15th, a secondary round of snow moved into the area with increasing winds leading to localized whiteout conditions at times before the winter storm exited the area towards daybreak. Numerous vehicles were stranded on I-94 as a result of the heavy snow near Osseo, WI.",This snowstorm brought 9 to 14 inches of snow across portions of Juneau County with the highest reported snowfall total being 14.4 inches in New Lisbon. Radar and observational datasets would suggest even higher totals than this were possible in the northern half of the county.,CSV
202603,14,2300,202603,16,500,211748,1325190,WISCONSIN,55,2026,March,Winter Storm,Z,17,TAYLOR,ARX,14-MAR-26 23:00:00,CST-6,16-MAR-26 05:00:00,0,0,0,0,0.00K,0.00K,Broadcast Media,,,,,,,,,,,,,,,,,,,,,,"A historic and complex winter storm moved into western Wisconsin during the late evening hours on March 14th and continued through the morning on March 16th. Along the I-90 corridor, a period of heavy sleet manifested for the morning hours which was accompanied by thunder at times before switching to snow by late morning. North of I-90, a band of heavy snow set up during the morning hours on March 15th resulting in rapid snowfall accumulations with locations receiving upwards of 18 to 26 inches of snow. As the evening approached on March 15th, a secondary round of snow moved into the area with increasing winds leading to localized whiteout conditions at times before the winter storm exited the area towards daybreak. Numerous vehicles were stranded on I-94 as a result of the heavy snow near Osseo, WI.",This winter storm brought heavy snowfall to Taylor County with snowfall totals ranging from 8 to 15 inches across the county. The highest reported snowfall total in the county was 2 miles north of Dorchester where 14.8 inches was measured.,CSV
202603,1,0,202603,17,700,211724,1323224,WISCONSIN,55,2026,March,Drought,Z,6,BURNETT,DLH,01-MAR-26 00:00:00,CST-6,17-MAR-26 07:00:00,0,0,0,0,0.00K,0.00K,Drought Monitor,,,,,,,,,,,,,,,,,,,,,,"D2 Severe Drought conditions persisted across parts of northwestern Wisconsin to begin the month of March. Precipitation for the month was around 0.25 to 1 inches above normal in the area with most of that occurring over the first half of the month. This led to the complete removal of D2 Severe Drought conditions across northwestern Wisconsin with the update on the 17th, leaving a mix of D1 Moderate Drought and D0 Abnormally Dry conditions in place.","D2 Severe Drought conditions covered the northern 1/3rd of the county at the start of March. Precipitation for the month was around 0.25 to 0.75 inches above normal across the county, with much of that falling over the first half of the month. This led to the complete removal of D2 Severe Drought conditions in the county with the update on the 17th leaving a mix of D1 Moderate Drought and D0 Abnormally Dry conditions across the county.",CSV
202603,1,0,202603,17,700,211724,1323225,WISCONSIN,55,2026,March,Drought,Z,7,WASHBURN,DLH,01-MAR-26 00:00:00,CST-6,17-MAR-26 07:00:00,0,0,0,0,0.00K,0.00K,Drought Monitor,,,,,,,,,,,,,,,,,,,,,,"D2 Severe Drought conditions persisted across parts of northwestern Wisconsin to begin the month of March. Precipitation for the month was around 0.25 to 1 inches above normal in the area with most of that occurring over the first half of the month. This led to the complete removal of D2 Severe Drought conditions across northwestern Wisconsin with the update on the 17th, leaving a mix of D1 Moderate Drought and D0 Abnormally Dry conditions in place.","D2 Severe Drought conditions persisted across the far northwestern corner of the county at the start of March. Precipitation for the month was around 0.25 to 0.75 inches above normal across the county, with much of that falling over the first half of the month. This led to the complete removal of D2 Severe Drought conditions in the county with the update on the 17th leaving a mix of D1 Moderate Drought and D0 Abnormally Dry conditions across the county.",CSV
202603,15,2300,202603,16,1100,212236,1327433,WISCONSIN,55,2026,March,Blizzard,Z,66,MILWAUKEE,MKX,15-MAR-26 23:00:00,CST-6,16-MAR-26 11:00:00,0,0,0,0,0.00K,0.00K,Trained Spotter,,,,,,,,,,,,,,,,,,,,,,"A band of moderate to heavy snow moved across southern Wisconsin on the back side of a strong low pressure system moving into Lower Michigan, bringing a wide range of 4 to 16 inches of snow accumulation to southern Wisconsin. Snow was accompanied by frequent wind gusts of 35 to 60 mph and white-out conditions with visibilities down to 1/4 to 3/4 mile for an eight to twelve hour period of time.",Snowfall totals of 4 to 10 inches and winds of 45 to 60 mph caused frequent white-out conditions across the county. Highest snowfall totals were in the northwest portion of the county.  The General Mitchell International Airport ASOS measured a peak wind gust of 60 mph toward the end of the storm. All schools were closed. The Interstates had difficult travel conditions and bus delays which caused the Public Libraries to be under-staffed.,CSV
202603,15,2300,202603,16,1000,212236,1327439,WISCONSIN,55,2026,March,Blizzard,Z,71,RACINE,MKX,15-MAR-26 23:00:00,CST-6,16-MAR-26 10:00:00,0,0,0,0,0.00K,0.00K,Trained Spotter,,,,,,,,,,,,,,,,,,,,,,"A band of moderate to heavy snow moved across southern Wisconsin on the back side of a strong low pressure system moving into Lower Michigan, bringing a wide range of 4 to 16 inches of snow accumulation to southern Wisconsin. Snow was accompanied by frequent wind gusts of 35 to 60 mph and white-out conditions with visibilities down to 1/4 to 3/4 mile for an eight to twelve hour period of time.",Snowfall totals of 3 to 7 inches and winds of 40 to 60 mph caused frequent white-out conditions across the county. Highest snowfall totals were in the northwest portions of the county. The Racine Airport ASOS measured a peak wind gust of 63 mph toward the beginning of the storm. All schools were closed.,CSV
202603,16,0,202603,16,900,212236,1327374,WISCONSIN,55,2026,March,Blizzard,Z,58,DODGE,MKX,16-MAR-26 00:00:00,CST-6,16-MAR-26 09:00:00,0,0,0,0,0.00K,0.00K,Trained Spotter,,,,,,,,,,,,,,,,,,,,,,"A band of moderate to heavy snow moved across southern Wisconsin on the back side of a strong low pressure system moving into Lower Michigan, bringing a wide range of 4 to 16 inches of snow accumulation to southern Wisconsin. Snow was accompanied by frequent wind gusts of 35 to 60 mph and white-out conditions with visibilities down to 1/4 to 3/4 mile for an eight to twelve hour period of time.",Snowfall totals of 7 to 13 inches and winds of 35 to 45 mph caused frequent white-out conditions across the county. Many rural roads were impassable until the afternoon due to blowing and drifting snow. All schools were closed.,CSV
202603,16,0,202603,16,500,212236,1327409,WISCONSIN,55,2026,March,Blizzard,Z,67,LAFAYETTE,MKX,16-MAR-26 00:00:00,CST-6,16-MAR-26 05:00:00,0,0,0,0,0.00K,0.00K,Trained Spotter,,,,,,,,,,,,,,,,,,,,,,"A band of moderate to heavy snow moved across southern Wisconsin on the back side of a strong low pressure system moving into Lower Michigan, bringing a wide range of 4 to 16 inches of snow accumulation to southern Wisconsin. Snow was accompanied by frequent wind gusts of 35 to 60 mph and white-out conditions with visibilities down to 1/4 to 3/4 mile for an eight to twelve hour period of time.",Snowfall totals of 6 to 10 inches and winds of 35 to 45 mph caused frequent white-out conditions across the county. All schools were closed.,CSV
202603,16,100,202603,16,900,212236,1327042,WISCONSIN,55,2026,March,Blizzard,Z,57,COLUMBIA,MKX,16-MAR-26 01:00:00,CST-6,16-MAR-26 09:00:00,0,0,0,0,0.00K,0.00K,Trained Spotter,,,,,,,,,,,,,,,,,,,,,,"A band of moderate to heavy snow moved across southern Wisconsin on the back side of a strong low pressure system moving into Lower Michigan, bringing a wide range of 4 to 16 inches of snow accumulation to southern Wisconsin. Snow was accompanied by frequent wind gusts of 35 to 60 mph and white-out conditions with visibilities down to 1/4 to 3/4 mile for an eight to twelve hour period of time.",Snowfall totals of 10 to 11 inches and winds of 35 to 40 mph caused frequent white-out conditions across the county. Many rural roads were impassable until the afternoon due to blowing and drifting snow. All schools were closed.,CSV
202603,16,100,202603,16,900,212236,1327372,WISCONSIN,55,2026,March,Blizzard,Z,63,DANE,MKX,16-MAR-26 01:00:00,CST-6,16-MAR-26 09:00:00,0,0,0,0,0.00K,0.00K,Trained Spotter,,,,,,,,,,,,,,,,,,,,,,"A band of moderate to heavy snow moved across southern Wisconsin on the back side of a strong low pressure system moving into Lower Michigan, bringing a wide range of 4 to 16 inches of snow accumulation to southern Wisconsin. Snow was accompanied by frequent wind gusts of 35 to 60 mph and white-out conditions with visibilities down to 1/4 to 3/4 mile for an eight to twelve hour period of time.",Snowfall totals of 7 to 13 inches and winds of 40 to 50 mph caused frequent white-out conditions across the county. There were several reports of disabled vehicle and slide-off calls reported through the county dispatch center. All schools were closed. There were 335 customers without power for a few hours in Cross Plains.,CSV
202603,16,100,202603,16,700,212236,1327401,WISCONSIN,55,2026,March,Blizzard,Z,62,IOWA,MKX,16-MAR-26 01:00:00,CST-6,16-MAR-26 07:00:00,0,0,0,0,0.00K,0.00K,Trained Spotter,,,,,,,,,,,,,,,,,,,,,,"A band of moderate to heavy snow moved across southern Wisconsin on the back side of a strong low pressure system moving into Lower Michigan, bringing a wide range of 4 to 16 inches of snow accumulation to southern Wisconsin. Snow was accompanied by frequent wind gusts of 35 to 60 mph and white-out conditions with visibilities down to 1/4 to 3/4 mile for an eight to twelve hour period of time.",Snowfall totals of 7 to 10 inches and winds of 35 to 45 mph caused frequent white-out conditions across the county. All schools were closed.,CSV
202603,16,100,202603,16,900,212236,1327404,WISCONSIN,55,2026,March,Blizzard,Z,64,JEFFERSON,MKX,16-MAR-26 01:00:00,CST-6,16-MAR-26 09:00:00,0,0,0,0,0.00K,0.00K,Trained Spotter,,,,,,,,,,,,,,,,,,,,,,"A band of moderate to heavy snow moved across southern Wisconsin on the back side of a strong low pressure system moving into Lower Michigan, bringing a wide range of 4 to 16 inches of snow accumulation to southern Wisconsin. Snow was accompanied by frequent wind gusts of 35 to 60 mph and white-out conditions with visibilities down to 1/4 to 3/4 mile for an eight to twelve hour period of time.",Snowfall totals of 7 to 10 inches and winds of 35 to 45 mph caused frequent white-out conditions across the county. Two-foot drifts quickly developed after plowing the streets. All schools were closed. There was minor tree damage in southern portions of the county.,CSV
202603,10,2003,202603,10,2003,211747,1323409,WISCONSIN,55,2026,March,Hail,C,43,GRANT,ARX,10-MAR-26 20:03:00,CST-6,10-MAR-26 20:03:00,0,0,0,0,0.00K,0.00K,Public,1.00,,,,,,,,,,,1.52,E,CORNELIA,1.52,E,CORNELIA,42.68,-90.54,42.68,-90.54,"During the early evening hours on March 10th, a lone storm cell moved through portions of Grant County and produced quarter sized hail southwest of Platteville.",The public reported quarter sized hail roughly 2 miles east of Cornelia.,CSV
202603,15,1600,202603,16,700,211748,1324865,WISCONSIN,55,2026,March,Winter Storm,Z,54,CRAWFORD,ARX,15-MAR-26 16:00:00,CST-6,16-MAR-26 07:00:00,0,0,0,0,0.00K,0.00K,CoCoRaHS,,,,,,,,,,,,,,,,,,,,,,"A historic and complex winter storm moved into western Wisconsin during the late evening hours on March 14th and continued through the morning on March 16th. Along the I-90 corridor, a period of heavy sleet manifested for the morning hours which was accompanied by thunder at times before switching to snow by late morning. North of I-90, a band of heavy snow set up during the morning hours on March 15th resulting in rapid snowfall accumulations with locations receiving upwards of 18 to 26 inches of snow. As the evening approached on March 15th, a secondary round of snow moved into the area with increasing winds leading to localized whiteout conditions at times before the winter storm exited the area towards daybreak. Numerous vehicles were stranded on I-94 as a result of the heavy snow near Osseo, WI.",Heavy snowfall begun in Crawford County during the afternoon on March 15th bringing snowfall totals between 5 and 9 inches across the county. The highest snowfall report in the county was 1 mile north-northeast of Gays Mills where 8.5 inches was measured.,CSV
202603,16,100,202603,16,1100,212236,1327436,WISCONSIN,55,2026,March,Blizzard,Z,60,OZAUKEE,MKX,16-MAR-26 01:00:00,CST-6,16-MAR-26 11:00:00,0,0,0,0,0.00K,0.00K,Trained Spotter,,,,,,,,,,,,,,,,,,,,,,"A band of moderate to heavy snow moved across southern Wisconsin on the back side of a strong low pressure system moving into Lower Michigan, bringing a wide range of 4 to 16 inches of snow accumulation to southern Wisconsin. Snow was accompanied by frequent wind gusts of 35 to 60 mph and white-out conditions with visibilities down to 1/4 to 3/4 mile for an eight to twelve hour period of time.","Snowfall totals of 7 to 9 inches and winds of 40 to 50 mph caused frequent white-out conditions across the county, especially on north-south roads and open areas. Highest snowfall totals were in the northwest half of the county. All schools were closed.",CSV
202603,16,100,202603,16,1000,212236,1327440,WISCONSIN,55,2026,March,Blizzard,Z,69,ROCK,MKX,16-MAR-26 01:00:00,CST-6,16-MAR-26 10:00:00,0,0,0,0,0.00K,0.00K,Trained Spotter,,,,,,,,,,,,,,,,,,,,,,"A band of moderate to heavy snow moved across southern Wisconsin on the back side of a strong low pressure system moving into Lower Michigan, bringing a wide range of 4 to 16 inches of snow accumulation to southern Wisconsin. Snow was accompanied by frequent wind gusts of 35 to 60 mph and white-out conditions with visibilities down to 1/4 to 3/4 mile for an eight to twelve hour period of time.",Snowfall totals of 6 to 10 inches and winds of 35 to 45 mph caused heavy drifting and frequent white-out conditions across the county. All schools were closed.,CSV
202603,16,100,202603,16,700,212236,1327442,WISCONSIN,55,2026,March,Blizzard,Z,56,SAUK,MKX,16-MAR-26 01:00:00,CST-6,16-MAR-26 07:00:00,0,0,0,0,0.00K,0.00K,Trained Spotter,,,,,,,,,,,,,,,,,,,,,,"A band of moderate to heavy snow moved across southern Wisconsin on the back side of a strong low pressure system moving into Lower Michigan, bringing a wide range of 4 to 16 inches of snow accumulation to southern Wisconsin. Snow was accompanied by frequent wind gusts of 35 to 60 mph and white-out conditions with visibilities down to 1/4 to 3/4 mile for an eight to twelve hour period of time.","Snowfall totals of 8 to 11 inches and winds of 35 to 45 mph caused frequent white-out conditions across the county, especially in open areas. All schools were closed.",CSV
202603,16,100,202603,16,1100,212236,1327452,WISCONSIN,55,2026,March,Blizzard,Z,59,WASHINGTON,MKX,16-MAR-26 01:00:00,CST-6,16-MAR-26 11:00:00,0,0,0,0,0.00K,0.00K,Trained Spotter,,,,,,,,,,,,,,,,,,,,,,"A band of moderate to heavy snow moved across southern Wisconsin on the back side of a strong low pressure system moving into Lower Michigan, bringing a wide range of 4 to 16 inches of snow accumulation to southern Wisconsin. Snow was accompanied by frequent wind gusts of 35 to 60 mph and white-out conditions with visibilities down to 1/4 to 3/4 mile for an eight to twelve hour period of time.",Snowfall totals of 7 to 9 inches and winds of 35 to 45 mph caused frequent white-out conditions across the county. All schools were closed.,CSV
202604,17,1630,202604,17,1815,211095,1319839,WISCONSIN,55,2026,April,Flash Flood,C,141,WOOD,GRB,17-APR-26 16:30:00,CST-6,17-APR-26 18:15:00,0,0,0,0,0.00K,0.00K,911 Call Center,,,Heavy Rain,,,,,,,,,3.25,WNW,MARSHFIELD,.7,WNW,BAKERVILLE,44.6839,-90.2332,44.6346,-90.2326,"A severe weather outbreak unfolded across central and north-central Wisconsin during the afternoon and early evening of Friday (4/17). The event was triggered by a surface low-pressure system and cold front across the upper Midwest. ||NWS storm surveys confirmed 2 tornadoes that resulted in structural damage. A tornado formed 3 miles northwest of Glandon around 4:44 PM CDT and tracked into southeast Lincoln County producing EF-1 damage before dissipating around 4:55 PM CDT. Another tornado formed 3 miles west-southwest of Ringle in Marathon County around 4:46 PM CDT and dissipated around 5:03 PM CDT 5 miles southwest of Hogarty. This tornado produced EF-3 damage and destroyed 13 homes, produced major damage to 25 homes, with 101 homes reporting minor damage or affected by the tornado. An estimated $8.2 million worth of damage was reported from the tornado. ||Beyond the tornadic threat, the storms produced isolated large hail up to half dollar size and damaging winds. Heavy rainfall was another impact, with localized totals ranging from 1 to 4 inches. These torrential downpours caused flash flooding, particularly in Marshfield where 2.65 inches of rain fell and multiple vehicles were reported stranded in deep water.",Rainfall amounts of 2 to 3 inches in a short time caused cars to get stuck in water on several streets in Marshfield due to flash flooding.,CSV
202604,17,1730,202604,17,2000,211095,1319840,WISCONSIN,55,2026,April,Flash Flood,C,73,MARATHON,GRB,17-APR-26 17:30:00,CST-6,17-APR-26 20:00:00,0,0,0,0,0.00K,0.00K,Trained Spotter,,,Heavy Rain,,,,,,,,,2.89,WNW,WAUSAU,2.71,ENE,HALDER,44.9843,-89.6855,44.8093,-89.8163,"A severe weather outbreak unfolded across central and north-central Wisconsin during the afternoon and early evening of Friday (4/17). The event was triggered by a surface low-pressure system and cold front across the upper Midwest. ||NWS storm surveys confirmed 2 tornadoes that resulted in structural damage. A tornado formed 3 miles northwest of Glandon around 4:44 PM CDT and tracked into southeast Lincoln County producing EF-1 damage before dissipating around 4:55 PM CDT. Another tornado formed 3 miles west-southwest of Ringle in Marathon County around 4:46 PM CDT and dissipated around 5:03 PM CDT 5 miles southwest of Hogarty. This tornado produced EF-3 damage and destroyed 13 homes, produced major damage to 25 homes, with 101 homes reporting minor damage or affected by the tornado. An estimated $8.2 million worth of damage was reported from the tornado. ||Beyond the tornadic threat, the storms produced isolated large hail up to half dollar size and damaging winds. Heavy rainfall was another impact, with localized totals ranging from 1 to 4 inches. These torrential downpours caused flash flooding, particularly in Marshfield where 2.65 inches of rain fell and multiple vehicles were reported stranded in deep water.",Rainfall amounts of 1 to 2 inches in a short time caused street flooding in Wausau and flooding near Moon where a culvert was washed out.,CSV
202604,17,1629,202604,17,1631,211095,1319841,WISCONSIN,55,2026,April,Thunderstorm Wind,C,125,VILAS,GRB,17-APR-26 16:29:00,CST-6,17-APR-26 16:31:00,0,0,0,0,0.00K,0.00K,Public,52.00,EG,,,,,,,,,,4.53,ESE,CONOVER,4.53,ESE,CONOVER,46.03,-89.16,46.03,-89.16,"A severe weather outbreak unfolded across central and north-central Wisconsin during the afternoon and early evening of Friday (4/17). The event was triggered by a surface low-pressure system and cold front across the upper Midwest. ||NWS storm surveys confirmed 2 tornadoes that resulted in structural damage. A tornado formed 3 miles northwest of Glandon around 4:44 PM CDT and tracked into southeast Lincoln County producing EF-1 damage before dissipating around 4:55 PM CDT. Another tornado formed 3 miles west-southwest of Ringle in Marathon County around 4:46 PM CDT and dissipated around 5:03 PM CDT 5 miles southwest of Hogarty. This tornado produced EF-3 damage and destroyed 13 homes, produced major damage to 25 homes, with 101 homes reporting minor damage or affected by the tornado. An estimated $8.2 million worth of damage was reported from the tornado. ||Beyond the tornadic threat, the storms produced isolated large hail up to half dollar size and damaging winds. Heavy rainfall was another impact, with localized totals ranging from 1 to 4 inches. These torrential downpours caused flash flooding, particularly in Marshfield where 2.65 inches of rain fell and multiple vehicles were reported stranded in deep water.",Thunderstorm winds downed trees and power lines southwest of Phelps. The time of this report is an estimate based on radar data.,CSV
202604,2,300,202604,2,1300,210754,1319353,WISCONSIN,55,2026,April,Winter Storm,Z,19,LANGLADE,GRB,02-APR-26 03:00:00,CST-6,02-APR-26 13:00:00,0,0,0,0,0.00K,0.00K,Public,,,,,,,,,,,,,,,,,,,,,,"A low-pressure system tracking through southern Wisconsin and northern Michigan brought a wintry mix of freezing rain and sleet to the region from the early morning through around midday on Thursday (4/02) before changing over to rain by the afternoon. Around 1 to 1.5 inches of sleet fell across much of north-central Wisconsin with one quarter to one half of an inch of freezing rain accumulation across central and portions of east-central Wisconsin. Over 65,000 customers were reported without power during the worst part of the storm. A 56 year old man died on the interstate in Brown County as a result of the slippery roadways.",The highest sleet total in Langlade County was 1 inch in Antigo.,CSV
202604,3,2200,202604,4,600,210755,1319365,WISCONSIN,55,2026,April,Ice Storm,Z,74,SOUTHERN OCONTO,GRB,03-APR-26 22:00:00,CST-6,04-APR-26 06:00:00,0,0,0,0,0.00K,0.00K,Public,,,,,,,,,,,,,,,,,,,,,,A low-pressure system lifting northeast through northern Illinois brought a wintry mix of freezing rain and sleet to the region from the late evening on Friday (4/03) through the morning on Saturday (4/04). Around 1 inch of sleet fell across far north-central Wisconsin with one quarter of an inch of freezing rain accumulation across portions of central and north-central Wisconsin.,The highest ice total in southern Oconto County was 0.25 inches in Suring.,CSV
202604,3,2200,202604,4,630,210755,1319364,WISCONSIN,55,2026,April,Ice Storm,Z,13,NORTHERN MARINETTE,GRB,03-APR-26 22:00:00,CST-6,04-APR-26 06:30:00,0,0,0,0,0.00K,0.00K,Law Enforcement,,,,,,,,,,,,,,,,,,,,,,A low-pressure system lifting northeast through northern Illinois brought a wintry mix of freezing rain and sleet to the region from the late evening on Friday (4/03) through the morning on Saturday (4/04). Around 1 inch of sleet fell across far north-central Wisconsin with one quarter of an inch of freezing rain accumulation across portions of central and north-central Wisconsin.,The highest ice total in northern Marinette County was 0.25 inches in Pembine as well as Athelstane.,CSV
202604,2,300,202604,2,1300,210754,1319355,WISCONSIN,55,2026,April,Winter Storm,Z,21,NORTHERN OCONTO,GRB,02-APR-26 03:00:00,CST-6,02-APR-26 13:00:00,0,0,0,0,0.00K,0.00K,CoCoRaHS,,,,,,,,,,,,,,,,,,,,,,"A low-pressure system tracking through southern Wisconsin and northern Michigan brought a wintry mix of freezing rain and sleet to the region from the early morning through around midday on Thursday (4/02) before changing over to rain by the afternoon. Around 1 to 1.5 inches of sleet fell across much of north-central Wisconsin with one quarter to one half of an inch of freezing rain accumulation across central and portions of east-central Wisconsin. Over 65,000 customers were reported without power during the worst part of the storm. A 56 year old man died on the interstate in Brown County as a result of the slippery roadways.",The highest sleet total in northern Oconto County was 1.6 inches near Townsend. 0.25 inches of ice was also measured in Mountain.,CSV
202604,15,2100,202604,15,2300,212207,1330633,WISCONSIN,55,2026,April,Flash Flood,C,127,WALWORTH,MKX,15-APR-26 21:00:00,CST-6,15-APR-26 23:00:00,0,0,0,0,5.00K,0.00K,911 Call Center,,,Heavy Rain,,,,,,,,,.86,SE,BOWERS,1,SE,BOWERS,42.67,-88.44,42.6693,-88.4367,An organized area of low pressure tracked along a stationary over the region and brought lines and clusters of strong thunderstorms and heavy rainfall to southern WI. Flash flooding occurred in spots from Rock County to the Milwaukee area. One storm produced a tornado in Walworth county with a brief path.,Loveland Road is completely washed out just west of Bowers Road due to the flash flooding of Ore Creek.,CSV
202604,15,1847,202604,21,817,212520,1332917,WISCONSIN,55,2026,April,Flood,C,133,WAUKESHA,MKX,15-APR-26 18:47:00,CST-6,21-APR-26 08:17:00,0,0,0,0,1.00K,0.00K,River/Stream Gage,,,Heavy Rain,,,,,,,,,.5,W,WAUKESHA CO ARPT,2.02,W,DOWNTOWN WAUKESHA,43.04,-88.24,43.02,-88.26,"There was extensive river flooding along the Wisconsin River, Fox River, and Rock River in southern Wisconsin in April. The river levels were above normal after 5 inches of rain fell over the 5 days, and then another episode of heavy rain of 3 to 5 inches occurred on April 17th. In addition, vegetation was still fairly dormant so the grass was not able to soak up much of the rainfall.","The Fox River in Waukesha rose to a Moderate flood stage. Water touched the base of Barstow St bridge and Bank St bridge. Corrina Blvd, Buckley St, W Main St, Riverwalk Dr, and parts of Dunbar Ave flooded. Grede Park, Glacial Drumlin Trail, Fox Riverwalk, and Frame Park flooded. Floodwaters affected yards of homes near Bethesda Park.",CSV
202604,1,2230,202604,2,1000,211659,1322713,WISCONSIN,55,2026,April,Winter Weather,Z,57,COLUMBIA,MKX,01-APR-26 22:30:00,CST-6,02-APR-26 10:00:00,0,0,0,0,0.00K,0.00K,911 Call Center,,,,,,,,,,,,,,,,,,,,,,"Developing low pressure over the central Great Plains and an approaching warm front resulted in widespread rain and freezing rain. Areas of slick roads occurred, in addition to  a thin layer of ice that accumulated on trees and power lines. There was a small number of power outages. One school was cancelled in Marquette County due to the icy conditions.","A glaze of ice on trees, power lines and some roads from light freezing rain, mainly over the northern portion of the county.",CSV
202604,15,1545,202604,30,1245,212520,1332926,WISCONSIN,55,2026,April,Flood,C,59,KENOSHA,MKX,15-APR-26 15:45:00,CST-6,30-APR-26 12:45:00,0,0,0,0,1.00K,0.00K,River/Stream Gage,,,Heavy Rain,,,,,,,,,2.94,NNW,SLADES CORNERS,.51,W,BASSETT,42.62,-88.3,42.55,-88.24,"There was extensive river flooding along the Wisconsin River, Fox River, and Rock River in southern Wisconsin in April. The river levels were above normal after 5 inches of rain fell over the 5 days, and then another episode of heavy rain of 3 to 5 inches occurred on April 17th. In addition, vegetation was still fairly dormant so the grass was not able to soak up much of the rainfall.","The Fox River near New Munster in northern Kenosha County rose to Major flood stage.  Highway 50 was closed at the Fox River crossing near Hwy W. There was water on Hwy W north and south of Hwy 50. Widespread flooding occurred in the Town of Wheatland, Silver Lake and Village of Salem Lakes. Flooded roads included S 6th St, Oak St, 318th Ave, 317th Ave, 71st St, south end of 312th and 313th St, and 314th Ave. Floodwaters were into the lower levels of some homes in the Town of Wheatland, Silver Lake and Village of Salem Lakes  areas along N Riverside Drive, Shorewood Drive, 101st Street and Shorewood Terrace.",CSV
202604,16,1315,202604,30,2245,212520,1332545,WISCONSIN,55,2026,April,Flood,C,105,ROCK,MKX,16-APR-26 13:15:00,CST-6,30-APR-26 22:45:00,0,0,0,0,1.00K,0.00K,River/Stream Gage,,,Heavy Rain,,,,,,,,,1.67,ENE,LEYDEN,1.23,NW,AFTON,42.74,-89.1,42.61,-89.09,"There was extensive river flooding along the Wisconsin River, Fox River, and Rock River in southern Wisconsin in April. The river levels were above normal after 5 inches of rain fell over the 5 days, and then another episode of heavy rain of 3 to 5 inches occurred on April 17th. In addition, vegetation was still fairly dormant so the grass was not able to soak up much of the rainfall.","The Rock River at Afton rose to Moderate flood stage. Floodwaters affected Riverside Park and several blocks of Joseph and Charles Streets on the north side of Janesville and South River Road on the south side of Janesville. Traxler Park off of Memorial Drive in Janesville was flooded, including a boat ramp, and the bleachers were surrounded by water. Floodwaters surrounded a home on South Christian Rd on the east side of the river and another across the river and along W Bass Creek Rd in the Afton area. Numerous secondary roads in the Afton area were closed to traffic, and a portion of the railroad tracks near W Tripp Rd flooded. There was extensive lowland and agricultural land flooding in the Afton and Janesville areas.",CSV
202604,19,700,202604,30,300,212520,1332913,WISCONSIN,55,2026,April,Flood,C,105,ROCK,MKX,19-APR-26 07:00:00,CST-6,30-APR-26 03:00:00,0,0,0,0,1.00K,0.00K,River/Stream Gage,,,Heavy Rain,,,,,,,,,1.47,SSW,CHARLIE BLUFF,2.62,ENE,EDGERTON ALBION ARPT,42.81,-88.98,42.88,-89.03,"There was extensive river flooding along the Wisconsin River, Fox River, and Rock River in southern Wisconsin in April. The river levels were above normal after 5 inches of rain fell over the 5 days, and then another episode of heavy rain of 3 to 5 inches occurred on April 17th. In addition, vegetation was still fairly dormant so the grass was not able to soak up much of the rainfall.",The Rock River at Newville rose to Moderate flood stage. Flood waters surrounded some homes near East Mallwood Drive and were into yards and roads across eastern Newville. Floodwaters affected a riverside restaurant and its parking lot on the south side of the river.,CSV
202604,17,100,202604,30,2315,212520,1332916,WISCONSIN,55,2026,April,Flood,C,55,JEFFERSON,MKX,17-APR-26 01:00:00,CST-6,30-APR-26 23:15:00,0,0,0,0,1.00K,0.00K,River/Stream Gage,,,Heavy Rain,,,,,,,,,1.71,NW,FT ATKINSON,2.62,WNW,FT ATKINSON,42.95,-88.87,42.94,-88.9,"There was extensive river flooding along the Wisconsin River, Fox River, and Rock River in southern Wisconsin in April. The river levels were above normal after 5 inches of rain fell over the 5 days, and then another episode of heavy rain of 3 to 5 inches occurred on April 17th. In addition, vegetation was still fairly dormant so the grass was not able to soak up much of the rainfall.","The Rock River at Fort Atkinson rose to Moderate flood stage. Floodwaters partially covered low spots on Highway 106 near Rock River Park. A riverside walkway near South Water Street in downtown Fort Atkinson was closed. A few homes and businesses were surrounded by water at the end of Vets lane near the intersection of Highway 106 and Blackhawk Island Road about 1 mile southwest of Fort Atkinson. Flooded roads included Sinissippi Drive, Vets Ln, Fox Hill Rd, Bark River Road from Kutz Road to Rock River Road, Rock River Rd from Milwaukee Ave E to Hwy 106, and Ralph Rd. North Shore Road about 1 mile southwest of Fort Atkinson was closed. The river walkway in Fort Atkinson, Mechanic St boat launch, parking lot of Purdy St, yards along E Milwaukee Ave, yards on northern end of Rock River Rd, yards on Rodgers St flooded. Water backed up the Bark River into Nature Park and the parking lot. Floodwaters covered fields on the east side of Fort Atkinson.",CSV
202604,3,2100,202604,4,600,212224,1333093,WISCONSIN,55,2026,April,Ice Storm,Z,1,DOUGLAS,DLH,03-APR-26 21:00:00,CST-6,04-APR-26 06:00:00,0,0,0,0,0.00K,0.00K,Public,,,,,,,,,,,,,,,,,,,,,,An area of low pressure moved from the Central Plains to the western Great Lakes the 3rd into the 4th quickly after the previous system. This low tracked more to the south from southern Minnesota into northern Wisconsin. This storm track resulted in heavier snowfall across northern Minnesota and areas of freezing rain across northwest Wisconsin. Ice accumulations across parts of northwest Wisconsin reached into the 0.25 to 0.30 range with a high report of 0.35 in Spooner.,Freezing rain began during the evening of the 3rd and continued through the night along with gusty winds. Upwards of a quarter of an inch of ice accumulation was received by the time rain ended across the far southern part of the county.,CSV
202604,4,0,202604,4,600,212224,1333094,WISCONSIN,55,2026,April,Ice Storm,Z,4,IRON,DLH,04-APR-26 00:00:00,CST-6,04-APR-26 06:00:00,0,0,0,0,0.00K,0.00K,Public,,,,,,,,,,,,,,,,,,,,,,An area of low pressure moved from the Central Plains to the western Great Lakes the 3rd into the 4th quickly after the previous system. This low tracked more to the south from southern Minnesota into northern Wisconsin. This storm track resulted in heavier snowfall across northern Minnesota and areas of freezing rain across northwest Wisconsin. Ice accumulations across parts of northwest Wisconsin reached into the 0.25 to 0.30 range with a high report of 0.35 in Spooner.,Freezing rain occurred during the early morning hours of the 4th and ended shortly before sunrise. Ice accumulations to upwards of a quarter of an inch were seen along the State Route 77 corridor in the north-central part of the county.,CSV
202604,14,758,202604,21,2352,212520,1332930,WISCONSIN,55,2026,April,Flood,C,21,COLUMBIA,MKX,14-APR-26 07:58:00,CST-6,21-APR-26 23:52:00,0,0,0,0,1.00K,0.00K,River/Stream Gage,,,Heavy Rain,,,,,,,,,2.56,NW,LEWISTON,4.58,SW,LEWISTON,43.61,-89.66,43.53,-89.69,"There was extensive river flooding along the Wisconsin River, Fox River, and Rock River in southern Wisconsin in April. The river levels were above normal after 5 inches of rain fell over the 5 days, and then another episode of heavy rain of 3 to 5 inches occurred on April 17th. In addition, vegetation was still fairly dormant so the grass was not able to soak up much of the rainfall.","The Wisconsin River at Portage rose to Major flood stage. Indian trail in Lake Delton area was flooded. Other roads that were flooded included River Oaks Road in the Town of Dekorra, River Shores Road in the Town of Lewiston, Levee Road, Cty V, Cty J, Wood Street, Summit St, Carroll, Conant St, Cty JV, and Thunderbird Road in the Portage area. Water up to Hwy 51 bridge over Duck Creek. Water approached cabins near river along Levee Rd, River Shores Rd, River Mills Rd. Sunset Point-Conant St were under water. Floodwaters affected homes in the Blackhawk Park area.",CSV
202604,18,822,202604,30,2345,212520,1332915,WISCONSIN,55,2026,April,Flood,C,55,JEFFERSON,MKX,18-APR-26 08:22:00,CST-6,30-APR-26 23:45:00,0,0,0,0,1.00K,0.00K,River/Stream Gage,,,Heavy Rain,,,,,,,,,2.9,NE,BUSSEYVILLE,2.02,W,BUSSEYVILLE,42.93,-88.94,42.9,-89.02,"There was extensive river flooding along the Wisconsin River, Fox River, and Rock River in southern Wisconsin in April. The river levels were above normal after 5 inches of rain fell over the 5 days, and then another episode of heavy rain of 3 to 5 inches occurred on April 17th. In addition, vegetation was still fairly dormant so the grass was not able to soak up much of the rainfall.","The Rock River at Lake Koshkonong rose to Moderate flood stage. There was widespread flooding of roads and docks in the Town of Koshkonong and Town of Sumner including Vets Lane, Blackhawk Island Road and Oxbow Bend Road. There was knee-deep water over Blackhawk Island Road. Lamp Road on the west side of the river also became flooded. Lake Koshkonong merged with Mud Lake to the east of Lake Koshkonong.",CSV
202604,24,15,202604,24,300,213087,1333617,WISCONSIN,55,2026,April,Lightning,C,25,DANE,MKX,24-APR-26 00:15:00,CST-6,24-APR-26 03:00:00,0,0,0,0,20.00K,0.00K,Fire Department/Rescue,,,,,,,,,,,,.96,S,NORA,.96,S,NORA,43.0161,-89.1508,43.0161,-89.1508,A lightning strike led to the total loss of two sheds to fire.,The total loss of a small shed and a Tobacco Shed to a fire was attributed to a lightning strike.,CSV
202604,3,2300,202604,4,700,210755,1319361,WISCONSIN,55,2026,April,Winter Storm,Z,5,VILAS,GRB,03-APR-26 23:00:00,CST-6,04-APR-26 07:00:00,0,0,0,0,0.00K,0.00K,Law Enforcement,,,,,,,,,,,,,,,,,,,,,,A low-pressure system lifting northeast through northern Illinois brought a wintry mix of freezing rain and sleet to the region from the late evening on Friday (4/03) through the morning on Saturday (4/04). Around 1 inch of sleet fell across far north-central Wisconsin with one quarter of an inch of freezing rain accumulation across portions of central and north-central Wisconsin.,The highest sleet total in Vilas County was 1 inch in Eagle River.,CSV
202604,3,2300,202604,4,700,210755,1319362,WISCONSIN,55,2026,April,Winter Storm,Z,10,ONEIDA,GRB,03-APR-26 23:00:00,CST-6,04-APR-26 07:00:00,0,0,0,0,0.00K,0.00K,Law Enforcement,,,,,,,,,,,,,,,,,,,,,,A low-pressure system lifting northeast through northern Illinois brought a wintry mix of freezing rain and sleet to the region from the late evening on Friday (4/03) through the morning on Saturday (4/04). Around 1 inch of sleet fell across far north-central Wisconsin with one quarter of an inch of freezing rain accumulation across portions of central and north-central Wisconsin.,The highest sleet total in Oneida County was 1 inch in Rhinelander. 0.20 inches of ice was also measured near Rhinelander.,CSV
202604,3,2200,202604,4,630,210755,1319363,WISCONSIN,55,2026,April,Ice Storm,Z,12,FLORENCE,GRB,03-APR-26 22:00:00,CST-6,04-APR-26 06:30:00,0,0,0,0,0.00K,0.00K,Law Enforcement,,,,,,,,,,,,,,,,,,,,,,A low-pressure system lifting northeast through northern Illinois brought a wintry mix of freezing rain and sleet to the region from the late evening on Friday (4/03) through the morning on Saturday (4/04). Around 1 inch of sleet fell across far north-central Wisconsin with one quarter of an inch of freezing rain accumulation across portions of central and north-central Wisconsin.,The highest ice total in Florence County was 0.25 inches in Florence.,CSV
202604,3,2100,202604,4,530,210755,1319366,WISCONSIN,55,2026,April,Ice Storm,Z,30,MARATHON,GRB,03-APR-26 21:00:00,CST-6,04-APR-26 05:30:00,0,0,0,0,0.00K,0.00K,ASOS,,,,,,,,,,,,,,,,,,,,,,A low-pressure system lifting northeast through northern Illinois brought a wintry mix of freezing rain and sleet to the region from the late evening on Friday (4/03) through the morning on Saturday (4/04). Around 1 inch of sleet fell across far north-central Wisconsin with one quarter of an inch of freezing rain accumulation across portions of central and north-central Wisconsin.,The highest ice total in Marathon County was 0.25 inches in Wausau. 0.3 inches of sleet was also measured.,CSV
202604,3,2030,202604,4,530,210755,1319367,WISCONSIN,55,2026,April,Ice Storm,Z,36,PORTAGE,GRB,03-APR-26 20:30:00,CST-6,04-APR-26 05:30:00,0,0,0,0,0.00K,0.00K,COOP Observer,,,,,,,,,,,,,,,,,,,,,,A low-pressure system lifting northeast through northern Illinois brought a wintry mix of freezing rain and sleet to the region from the late evening on Friday (4/03) through the morning on Saturday (4/04). Around 1 inch of sleet fell across far north-central Wisconsin with one quarter of an inch of freezing rain accumulation across portions of central and north-central Wisconsin.,The highest ice total in Portage County was 0.25 inches in Polonia.,CSV
202604,13,1534,202604,13,1536,210964,1319653,WISCONSIN,55,2026,April,Hail,C,97,PORTAGE,GRB,13-APR-26 15:34:00,CST-6,13-APR-26 15:36:00,0,0,0,0,0.00K,0.00K,Public,1.00,,,,,,,,,,,0,N,ELLIS,0,N,ELLIS,44.58,-89.43,44.58,-89.43,Several rounds of strong to severe thunderstorms moved through the area near a semi-stationary front across central and east-central Wisconsin during the afternoon and evening on Monday (4/13).  The strongest storms produced hail up to 2 inches in diameter.  ||Repeated rounds of showers and thunderstorms from Monday afternoon (4/13) through early Tuesday morning (4/14) caused Flash Flooding as 2 to 4.5 inches of rain fell across central and east-central Wisconsin.,Quarter size hail fell in Ellis.,CSV
202604,13,1617,202604,13,1619,210964,1319654,WISCONSIN,55,2026,April,Hail,C,141,WOOD,GRB,13-APR-26 16:17:00,CST-6,13-APR-26 16:19:00,0,0,0,0,0.00K,0.00K,Trained Spotter,1.00,,,,,,,,,,,.49,E,VESPER,.49,E,VESPER,44.48,-89.96,44.48,-89.96,Several rounds of strong to severe thunderstorms moved through the area near a semi-stationary front across central and east-central Wisconsin during the afternoon and evening on Monday (4/13).  The strongest storms produced hail up to 2 inches in diameter.  ||Repeated rounds of showers and thunderstorms from Monday afternoon (4/13) through early Tuesday morning (4/14) caused Flash Flooding as 2 to 4.5 inches of rain fell across central and east-central Wisconsin.,Quarter size hail fell in Vesper.,CSV
202604,13,1655,202604,13,1657,210964,1319655,WISCONSIN,55,2026,April,Hail,C,73,MARATHON,GRB,13-APR-26 16:55:00,CST-6,13-APR-26 16:57:00,0,0,0,0,0.00K,0.00K,Trained Spotter,1.00,,,,,,,,,,,1.2,SE,WAUSAU,1.2,SE,WAUSAU,44.96,-89.61,44.96,-89.61,Several rounds of strong to severe thunderstorms moved through the area near a semi-stationary front across central and east-central Wisconsin during the afternoon and evening on Monday (4/13).  The strongest storms produced hail up to 2 inches in diameter.  ||Repeated rounds of showers and thunderstorms from Monday afternoon (4/13) through early Tuesday morning (4/14) caused Flash Flooding as 2 to 4.5 inches of rain fell across central and east-central Wisconsin.,Quarter size hail fell in Wausau.,CSV
202604,13,1655,202604,13,1657,210964,1319656,WISCONSIN,55,2026,April,Hail,C,141,WOOD,GRB,13-APR-26 16:55:00,CST-6,13-APR-26 16:57:00,0,0,0,0,0.00K,0.00K,Trained Spotter,1.00,,,,,,,,,,,.85,SE,MARSHFIELD,.85,SE,MARSHFIELD,44.66,-90.16,44.66,-90.16,Several rounds of strong to severe thunderstorms moved through the area near a semi-stationary front across central and east-central Wisconsin during the afternoon and evening on Monday (4/13).  The strongest storms produced hail up to 2 inches in diameter.  ||Repeated rounds of showers and thunderstorms from Monday afternoon (4/13) through early Tuesday morning (4/14) caused Flash Flooding as 2 to 4.5 inches of rain fell across central and east-central Wisconsin.,Quarter size hail fell in Marshfield.,CSV
202604,3,2000,202604,4,800,212224,1333096,WISCONSIN,55,2026,April,Ice Storm,Z,6,BURNETT,DLH,03-APR-26 20:00:00,CST-6,04-APR-26 08:00:00,0,0,0,0,0.00K,0.00K,CoCoRaHS,,,,,,,,,,,,,,,,,,,,,,An area of low pressure moved from the Central Plains to the western Great Lakes the 3rd into the 4th quickly after the previous system. This low tracked more to the south from southern Minnesota into northern Wisconsin. This storm track resulted in heavier snowfall across northern Minnesota and areas of freezing rain across northwest Wisconsin. Ice accumulations across parts of northwest Wisconsin reached into the 0.25 to 0.30 range with a high report of 0.35 in Spooner.,Freezing rain began during the evening of the 3rd and continued through around sunrise on the 4th. Ice accumulations of a quarter of an inch plus were reported across the county with a high report of 0.30 in Grantsburg.,CSV
202604,3,2100,202604,4,800,212224,1333097,WISCONSIN,55,2026,April,Ice Storm,Z,7,WASHBURN,DLH,03-APR-26 21:00:00,CST-6,04-APR-26 08:00:00,0,0,0,0,0.00K,0.00K,Public,,,,,,,,,,,,,,,,,,,,,,An area of low pressure moved from the Central Plains to the western Great Lakes the 3rd into the 4th quickly after the previous system. This low tracked more to the south from southern Minnesota into northern Wisconsin. This storm track resulted in heavier snowfall across northern Minnesota and areas of freezing rain across northwest Wisconsin. Ice accumulations across parts of northwest Wisconsin reached into the 0.25 to 0.30 range with a high report of 0.35 in Spooner.,Freezing rain began during the evening of the 3rd and continued through around sunrise on the 4th. Ice accumulations of a quarter of an inch plus were reported across the county with a high report of 0.35 in Spooner.,CSV
202604,3,2100,202604,4,800,212224,1333098,WISCONSIN,55,2026,April,Ice Storm,Z,8,SAWYER,DLH,03-APR-26 21:00:00,CST-6,04-APR-26 08:00:00,0,0,0,0,0.00K,0.00K,Trained Spotter,,,,,,,,,,,,,,,,,,,,,,An area of low pressure moved from the Central Plains to the western Great Lakes the 3rd into the 4th quickly after the previous system. This low tracked more to the south from southern Minnesota into northern Wisconsin. This storm track resulted in heavier snowfall across northern Minnesota and areas of freezing rain across northwest Wisconsin. Ice accumulations across parts of northwest Wisconsin reached into the 0.25 to 0.30 range with a high report of 0.35 in Spooner.,Freezing rain began during the evening of the 3rd and continued through around sunrise on the 4th. Ice accumulations up to a quarter of an inch were reported across the county.,CSV
202604,3,2200,202604,4,630,210755,1330687,WISCONSIN,55,2026,April,Ice Storm,Z,21,NORTHERN OCONTO,GRB,03-APR-26 22:00:00,CST-6,04-APR-26 06:30:00,0,0,0,0,0.00K,0.00K,COOP Observer,,,,,,,,,,,,,,,,,,,,,,A low-pressure system lifting northeast through northern Illinois brought a wintry mix of freezing rain and sleet to the region from the late evening on Friday (4/03) through the morning on Saturday (4/04). Around 1 inch of sleet fell across far north-central Wisconsin with one quarter of an inch of freezing rain accumulation across portions of central and north-central Wisconsin.,The highest ice total in northern Oconto County was 0.3 inches in Townsend.,CSV
202604,2,200,202604,2,1200,210754,1319344,WISCONSIN,55,2026,April,Ice Storm,Z,39,BROWN,GRB,02-APR-26 02:00:00,CST-6,02-APR-26 12:00:00,0,0,1,0,0.00K,0.00K,Amateur Radio,,,,,,,,,,,,,,,,,,,,,,"A low-pressure system tracking through southern Wisconsin and northern Michigan brought a wintry mix of freezing rain and sleet to the region from the early morning through around midday on Thursday (4/02) before changing over to rain by the afternoon. Around 1 to 1.5 inches of sleet fell across much of north-central Wisconsin with one quarter to one half of an inch of freezing rain accumulation across central and portions of east-central Wisconsin. Over 65,000 customers were reported without power during the worst part of the storm. A 56 year old man died on the interstate in Brown County as a result of the slippery roadways.","The highest ice total in Brown County was 0.25 inches near Howard, near Flintville, as well as near Oneida. A 56-year-old male died in a car crash due to the slippery roadways.",CSV
202604,1,2300,202604,2,1000,210754,1319345,WISCONSIN,55,2026,April,Ice Storm,Z,45,WAUSHARA,GRB,01-APR-26 23:00:00,CST-6,02-APR-26 10:00:00,0,0,0,0,0.00K,0.00K,Public,,,,,,,,,,,,,,,,,,,,,,"A low-pressure system tracking through southern Wisconsin and northern Michigan brought a wintry mix of freezing rain and sleet to the region from the early morning through around midday on Thursday (4/02) before changing over to rain by the afternoon. Around 1 to 1.5 inches of sleet fell across much of north-central Wisconsin with one quarter to one half of an inch of freezing rain accumulation across central and portions of east-central Wisconsin. Over 65,000 customers were reported without power during the worst part of the storm. A 56 year old man died on the interstate in Brown County as a result of the slippery roadways.",The highest ice total in Waushara County was 0.31 inches in Wautoma.,CSV
202604,2,100,202604,2,1200,210754,1319346,WISCONSIN,55,2026,April,Ice Storm,Z,37,WAUPACA,GRB,02-APR-26 01:00:00,CST-6,02-APR-26 12:00:00,0,0,0,0,0.00K,0.00K,Trained Spotter,,,,,,,,,,,,,,,,,,,,,,"A low-pressure system tracking through southern Wisconsin and northern Michigan brought a wintry mix of freezing rain and sleet to the region from the early morning through around midday on Thursday (4/02) before changing over to rain by the afternoon. Around 1 to 1.5 inches of sleet fell across much of north-central Wisconsin with one quarter to one half of an inch of freezing rain accumulation across central and portions of east-central Wisconsin. Over 65,000 customers were reported without power during the worst part of the storm. A 56 year old man died on the interstate in Brown County as a result of the slippery roadways.",The highest ice totals across Waupaca County included 0.31 inches near Sheridan and 0.25 inches in Clintonville.,CSV
202604,17,800,202604,18,1700,211988,1324906,WISCONSIN,55,2026,April,Flood,C,87,OUTAGAMIE,GRB,17-APR-26 08:00:00,CST-6,18-APR-26 17:00:00,0,0,0,0,4.60M,0.00K,Emergency Manager,,,Heavy Rain,,,,,,,,,2.5,SSE,NEW LONDON,2.76,NNW,GREENVILLE,44.3449,-88.7379,44.3385,-88.5448,"A series of heavy precipitation events resulted in record setting and historic flooding on several rivers across northeast Wisconsin from the middle to late part of April. The heavy rainfall especially impacted the Wolf River basin, leading to record setting flooding for the Wolf River at Shiocton and the Wolf River at New London. Record flooding also occurred on other rivers over northeast Wisconsin, including the Embarrass River. ||The river flooding resulted in tremendous disruptions to daily life for those living along and near the Wolf River and Embarrass River. Evacuations occurred in the towns of Shiocton and New London for multiple days. Power and gas were shutoff in these areas as flood waters impacted many homes and businesses. The peak of the flooding along the Wolf River occurred from April 16 through April 21.  Flooding then moved downstream on the Wolf River, impacting the Fremont area. Over 150 homes were affected, with damages estimated over $4 million.","Widespread low-land flooding occurred in Outagamie County, resulting in considerable flood damage along the Wolf River and Embarrass River to 52 homes and $4.6 million of damage. Evacuations occurred in the towns of Shiocton and New London for multiple days.  Power and gas in these areas were shutoff as flood waters impacted many homes and businesses.",CSV
202604,2,1727,202604,2,1727,212464,1328930,WISCONSIN,55,2026,April,Hail,C,105,ROCK,MKX,02-APR-26 17:27:00,CST-6,02-APR-26 17:27:00,0,0,0,0,0.00K,0.00K,Public,0.75,,,,,,,,,,,2.63,ENE,DOWNTOWN JANESVILLE,2.63,ENE,DOWNTOWN JANESVILLE,42.69,-88.97,42.69,-88.97,Low pressure and a warm front brought a round of severe thunderstorms to southern WI during the evening. Large hail and damaging straight-line winds occurred.,,CSV
202604,2,1722,202604,2,1722,212464,1328936,WISCONSIN,55,2026,April,Hail,C,105,ROCK,MKX,02-APR-26 17:22:00,CST-6,02-APR-26 17:22:00,0,0,0,0,,0.00K,Broadcast Media,1.50,,,,,,,,,,,2.15,NNE,DOWNTOWN JANESVILLE,2.15,NNE,DOWNTOWN JANESVILLE,42.7101,-89.0095,42.7101,-89.0095,Low pressure and a warm front brought a round of severe thunderstorms to southern WI during the evening. Large hail and damaging straight-line winds occurred.,,CSV
202604,2,1741,202604,2,1741,212464,1328931,WISCONSIN,55,2026,April,Hail,C,127,WALWORTH,MKX,02-APR-26 17:41:00,CST-6,02-APR-26 17:41:00,0,0,0,0,,0.00K,Broadcast Media,2.00,,,,,,,,,,,2.14,WNW,WHITEWATER,2.14,WNW,WHITEWATER,42.84,-88.77,42.84,-88.77,Low pressure and a warm front brought a round of severe thunderstorms to southern WI during the evening. Large hail and damaging straight-line winds occurred.,,CSV
202604,13,1700,202604,13,1702,210964,1319657,WISCONSIN,55,2026,April,Hail,C,73,MARATHON,GRB,13-APR-26 17:00:00,CST-6,13-APR-26 17:02:00,0,0,0,0,0.00K,0.00K,Public,1.25,,,,,,,,,,,1.47,NNE,MARSHFIELD,1.47,NNE,MARSHFIELD,44.69,-90.16,44.69,-90.16,Several rounds of strong to severe thunderstorms moved through the area near a semi-stationary front across central and east-central Wisconsin during the afternoon and evening on Monday (4/13).  The strongest storms produced hail up to 2 inches in diameter.  ||Repeated rounds of showers and thunderstorms from Monday afternoon (4/13) through early Tuesday morning (4/14) caused Flash Flooding as 2 to 4.5 inches of rain fell across central and east-central Wisconsin.,Half dollar size hail fell north of Marshfield.,CSV
202604,13,1706,202604,13,1708,210964,1319658,WISCONSIN,55,2026,April,Hail,C,73,MARATHON,GRB,13-APR-26 17:06:00,CST-6,13-APR-26 17:08:00,0,0,0,0,0.00K,0.00K,Public,2.00,,,,,,,,,,,1.47,NNE,MARSHFIELD,1.47,NNE,MARSHFIELD,44.69,-90.16,44.69,-90.16,Several rounds of strong to severe thunderstorms moved through the area near a semi-stationary front across central and east-central Wisconsin during the afternoon and evening on Monday (4/13).  The strongest storms produced hail up to 2 inches in diameter.  ||Repeated rounds of showers and thunderstorms from Monday afternoon (4/13) through early Tuesday morning (4/14) caused Flash Flooding as 2 to 4.5 inches of rain fell across central and east-central Wisconsin.,Lime size hail fell north of Marshfield.,CSV
202604,13,1708,202604,13,1710,210964,1319659,WISCONSIN,55,2026,April,Hail,C,73,MARATHON,GRB,13-APR-26 17:08:00,CST-6,13-APR-26 17:10:00,0,0,0,0,0.00K,0.00K,Public,1.25,,,,,,,,,,,.69,S,RIVERSIDE,.69,S,RIVERSIDE,44.71,-90.1,44.71,-90.1,Several rounds of strong to severe thunderstorms moved through the area near a semi-stationary front across central and east-central Wisconsin during the afternoon and evening on Monday (4/13).  The strongest storms produced hail up to 2 inches in diameter.  ||Repeated rounds of showers and thunderstorms from Monday afternoon (4/13) through early Tuesday morning (4/14) caused Flash Flooding as 2 to 4.5 inches of rain fell across central and east-central Wisconsin.,Half dollar size hail fell in Riverside.,CSV
202604,13,1737,202604,13,1739,210964,1319660,WISCONSIN,55,2026,April,Hail,C,135,WAUPACA,GRB,13-APR-26 17:37:00,CST-6,13-APR-26 17:39:00,0,0,0,0,0.00K,0.00K,Amateur Radio,1.25,,,,,,,,,,,3.45,S,NORTHLAND,3.45,S,NORTHLAND,44.55,-89.2,44.55,-89.2,Several rounds of strong to severe thunderstorms moved through the area near a semi-stationary front across central and east-central Wisconsin during the afternoon and evening on Monday (4/13).  The strongest storms produced hail up to 2 inches in diameter.  ||Repeated rounds of showers and thunderstorms from Monday afternoon (4/13) through early Tuesday morning (4/14) caused Flash Flooding as 2 to 4.5 inches of rain fell across central and east-central Wisconsin.,Half dollar size hail fell near Northland.,CSV
202604,13,1815,202604,13,1817,210964,1319661,WISCONSIN,55,2026,April,Hail,C,135,WAUPACA,GRB,13-APR-26 18:15:00,CST-6,13-APR-26 18:17:00,0,0,0,0,0.00K,0.00K,CoCoRaHS,1.00,,,,,,,,,,,1.2,NW,CLINTONVILLE,1.2,NW,CLINTONVILLE,44.63,-88.77,44.63,-88.77,Several rounds of strong to severe thunderstorms moved through the area near a semi-stationary front across central and east-central Wisconsin during the afternoon and evening on Monday (4/13).  The strongest storms produced hail up to 2 inches in diameter.  ||Repeated rounds of showers and thunderstorms from Monday afternoon (4/13) through early Tuesday morning (4/14) caused Flash Flooding as 2 to 4.5 inches of rain fell across central and east-central Wisconsin.,Quarter size hail fell in Clintonville.,CSV
202604,2,200,202604,2,1200,210754,1319348,WISCONSIN,55,2026,April,Ice Storm,Z,31,SHAWANO,GRB,02-APR-26 02:00:00,CST-6,02-APR-26 12:00:00,0,0,0,0,0.00K,0.00K,Trained Spotter,,,,,,,,,,,,,,,,,,,,,,"A low-pressure system tracking through southern Wisconsin and northern Michigan brought a wintry mix of freezing rain and sleet to the region from the early morning through around midday on Thursday (4/02) before changing over to rain by the afternoon. Around 1 to 1.5 inches of sleet fell across much of north-central Wisconsin with one quarter to one half of an inch of freezing rain accumulation across central and portions of east-central Wisconsin. Over 65,000 customers were reported without power during the worst part of the storm. A 56 year old man died on the interstate in Brown County as a result of the slippery roadways.",The highest ice totals across Shawano County included 0.30 inches in Wittenberg and 0.25 inches in Shawano.,CSV
202604,2,0,202604,2,1200,210754,1319349,WISCONSIN,55,2026,April,Ice Storm,Z,35,WOOD,GRB,02-APR-26 00:00:00,CST-6,02-APR-26 12:00:00,0,0,0,0,0.00K,0.00K,COOP Observer,,,,,,,,,,,,,,,,,,,,,,"A low-pressure system tracking through southern Wisconsin and northern Michigan brought a wintry mix of freezing rain and sleet to the region from the early morning through around midday on Thursday (4/02) before changing over to rain by the afternoon. Around 1 to 1.5 inches of sleet fell across much of north-central Wisconsin with one quarter to one half of an inch of freezing rain accumulation across central and portions of east-central Wisconsin. Over 65,000 customers were reported without power during the worst part of the storm. A 56 year old man died on the interstate in Brown County as a result of the slippery roadways.",The highest ice total in Wood County was 0.25 inches in Pittsville.,CSV
202604,2,300,202604,2,1300,210754,1319351,WISCONSIN,55,2026,April,Winter Storm,Z,12,FLORENCE,GRB,02-APR-26 03:00:00,CST-6,02-APR-26 13:00:00,0,0,0,0,0.00K,0.00K,Public,,,,,,,,,,,,,,,,,,,,,,"A low-pressure system tracking through southern Wisconsin and northern Michigan brought a wintry mix of freezing rain and sleet to the region from the early morning through around midday on Thursday (4/02) before changing over to rain by the afternoon. Around 1 to 1.5 inches of sleet fell across much of north-central Wisconsin with one quarter to one half of an inch of freezing rain accumulation across central and portions of east-central Wisconsin. Over 65,000 customers were reported without power during the worst part of the storm. A 56 year old man died on the interstate in Brown County as a result of the slippery roadways.",The highest sleet total in Florence County was 1 inch in Spread Eagle.,CSV
202604,2,300,202604,2,1300,210754,1319352,WISCONSIN,55,2026,April,Winter Storm,Z,11,FOREST,GRB,02-APR-26 03:00:00,CST-6,02-APR-26 13:00:00,0,0,0,0,0.00K,0.00K,Public,,,,,,,,,,,,,,,,,,,,,,"A low-pressure system tracking through southern Wisconsin and northern Michigan brought a wintry mix of freezing rain and sleet to the region from the early morning through around midday on Thursday (4/02) before changing over to rain by the afternoon. Around 1 to 1.5 inches of sleet fell across much of north-central Wisconsin with one quarter to one half of an inch of freezing rain accumulation across central and portions of east-central Wisconsin. Over 65,000 customers were reported without power during the worst part of the storm. A 56 year old man died on the interstate in Brown County as a result of the slippery roadways.",The highest sleet total in Forest County was 1 inch in Crandon.,CSV
202604,16,1000,202604,22,1000,211988,1324910,WISCONSIN,55,2026,April,Flood,C,135,WAUPACA,GRB,16-APR-26 10:00:00,CST-6,22-APR-26 10:00:00,0,0,0,0,0.00K,0.00K,Emergency Manager,,,Heavy Rain,,,,,,,,,3.61,N,NEW LONDON,2.02,SSE,NEW LONDON,44.4318,-88.7403,44.3522,-88.7372,"A series of heavy precipitation events resulted in record setting and historic flooding on several rivers across northeast Wisconsin from the middle to late part of April. The heavy rainfall especially impacted the Wolf River basin, leading to record setting flooding for the Wolf River at Shiocton and the Wolf River at New London. Record flooding also occurred on other rivers over northeast Wisconsin, including the Embarrass River. ||The river flooding resulted in tremendous disruptions to daily life for those living along and near the Wolf River and Embarrass River. Evacuations occurred in the towns of Shiocton and New London for multiple days. Power and gas were shutoff in these areas as flood waters impacted many homes and businesses. The peak of the flooding along the Wolf River occurred from April 16 through April 21.  Flooding then moved downstream on the Wolf River, impacting the Fremont area. Over 150 homes were affected, with damages estimated over $4 million.","Widespread low-land flooding occurred in Waupaca County, resulting in considerable flood damage along the Wolf River from New London to Fremont to 97 homes. Evacuations occurred in the town of New London for multiple days.  Power and gas was shutoff as flood waters impacted many homes and businesses.",CSV
202604,17,1900,202604,20,1900,211988,1324914,WISCONSIN,55,2026,April,Flood,C,139,WINNEBAGO,GRB,17-APR-26 19:00:00,CST-6,20-APR-26 19:00:00,0,0,0,0,0.00K,0.00K,Emergency Manager,,,Heavy Rain,,,,,,,,,1.95,NW,METZ,1.54,N,ORIHULA,44.2426,-88.8935,44.2422,-88.8291,"A series of heavy precipitation events resulted in record setting and historic flooding on several rivers across northeast Wisconsin from the middle to late part of April. The heavy rainfall especially impacted the Wolf River basin, leading to record setting flooding for the Wolf River at Shiocton and the Wolf River at New London. Record flooding also occurred on other rivers over northeast Wisconsin, including the Embarrass River. ||The river flooding resulted in tremendous disruptions to daily life for those living along and near the Wolf River and Embarrass River. Evacuations occurred in the towns of Shiocton and New London for multiple days. Power and gas were shutoff in these areas as flood waters impacted many homes and businesses. The peak of the flooding along the Wolf River occurred from April 16 through April 21.  Flooding then moved downstream on the Wolf River, impacting the Fremont area. Over 150 homes were affected, with damages estimated over $4 million.","Widespread low-land flooding occurred in Winnebago County, resulting in considerable flood damage along the Wolf River south of Fremont to 5 homes.",CSV
202604,13,1834,202604,13,1836,210964,1319662,WISCONSIN,55,2026,April,Hail,C,9,BROWN,GRB,13-APR-26 18:34:00,CST-6,13-APR-26 18:36:00,0,0,0,0,0.00K,0.00K,Public,1.00,,,,,,,,,,,2.09,WSW,GREEN BAY,2.09,WSW,GREEN BAY,44.51,-88.06,44.51,-88.06,Several rounds of strong to severe thunderstorms moved through the area near a semi-stationary front across central and east-central Wisconsin during the afternoon and evening on Monday (4/13).  The strongest storms produced hail up to 2 inches in diameter.  ||Repeated rounds of showers and thunderstorms from Monday afternoon (4/13) through early Tuesday morning (4/14) caused Flash Flooding as 2 to 4.5 inches of rain fell across central and east-central Wisconsin.,Quarter size hail fell in Green Bay.,CSV
202604,13,1835,202604,13,1837,210964,1319663,WISCONSIN,55,2026,April,Hail,C,9,BROWN,GRB,13-APR-26 18:35:00,CST-6,13-APR-26 18:37:00,0,0,0,0,0.00K,0.00K,Broadcast Media,0.88,,,,,,,,,,,2.02,SW,GREEN BAY,2.02,SW,GREEN BAY,44.5,-88.05,44.5,-88.05,Several rounds of strong to severe thunderstorms moved through the area near a semi-stationary front across central and east-central Wisconsin during the afternoon and evening on Monday (4/13).  The strongest storms produced hail up to 2 inches in diameter.  ||Repeated rounds of showers and thunderstorms from Monday afternoon (4/13) through early Tuesday morning (4/14) caused Flash Flooding as 2 to 4.5 inches of rain fell across central and east-central Wisconsin.,Nickel size hail fell in Green Bay.,CSV
202604,13,1835,202604,13,1837,210964,1319664,WISCONSIN,55,2026,April,Hail,C,9,BROWN,GRB,13-APR-26 18:35:00,CST-6,13-APR-26 18:37:00,0,0,0,0,0.00K,0.00K,Public,1.00,,,,,,,,,,,.49,W,GREEN BAY,.49,W,GREEN BAY,44.52,-88.03,44.52,-88.03,Several rounds of strong to severe thunderstorms moved through the area near a semi-stationary front across central and east-central Wisconsin during the afternoon and evening on Monday (4/13).  The strongest storms produced hail up to 2 inches in diameter.  ||Repeated rounds of showers and thunderstorms from Monday afternoon (4/13) through early Tuesday morning (4/14) caused Flash Flooding as 2 to 4.5 inches of rain fell across central and east-central Wisconsin.,Quarter size hail fell in Green Bay.,CSV
202604,13,1837,202604,13,1839,210964,1319665,WISCONSIN,55,2026,April,Hail,C,9,BROWN,GRB,13-APR-26 18:37:00,CST-6,13-APR-26 18:39:00,0,0,0,0,0.00K,0.00K,Trained Spotter,1.25,,,,,,,,,,,.49,W,GREEN BAY,.49,W,GREEN BAY,44.52,-88.03,44.52,-88.03,Several rounds of strong to severe thunderstorms moved through the area near a semi-stationary front across central and east-central Wisconsin during the afternoon and evening on Monday (4/13).  The strongest storms produced hail up to 2 inches in diameter.  ||Repeated rounds of showers and thunderstorms from Monday afternoon (4/13) through early Tuesday morning (4/14) caused Flash Flooding as 2 to 4.5 inches of rain fell across central and east-central Wisconsin.,Half dollar size hail fell in Green Bay.,CSV
202604,13,2023,202604,13,2025,210964,1319666,WISCONSIN,55,2026,April,Hail,C,97,PORTAGE,GRB,13-APR-26 20:23:00,CST-6,13-APR-26 20:25:00,0,0,0,0,0.00K,0.00K,Trained Spotter,1.00,,,,,,,,,,,.85,NW,PLOVER,.85,NW,PLOVER,44.46,-89.54,44.46,-89.54,Several rounds of strong to severe thunderstorms moved through the area near a semi-stationary front across central and east-central Wisconsin during the afternoon and evening on Monday (4/13).  The strongest storms produced hail up to 2 inches in diameter.  ||Repeated rounds of showers and thunderstorms from Monday afternoon (4/13) through early Tuesday morning (4/14) caused Flash Flooding as 2 to 4.5 inches of rain fell across central and east-central Wisconsin.,Quarter size hail fell in Plover.,CSV
202604,17,1518,202604,17,1519,212228,1326984,WISCONSIN,55,2026,April,Hail,C,113,SAWYER,DLH,17-APR-26 15:18:00,CST-6,17-APR-26 15:19:00,0,0,0,0,0.00K,0.00K,Trained Spotter,1.00,,,,,,,,,,,1.6,ESE,MOOSE LAKE,1.6,ESE,MOOSE LAKE,46.02,-91,46.02,-91,"Thunderstorms developed ahead of a cold front across northeastern Minnesota on the afternoon of the 17th. As the storms moved across northwest Wisconsin, they transitioned from mainly hail producing storms to wind producing storms. Multiple reports of tree damage were received from Bayfield, Washburn, Ashland, and Sawyer counties with a roof being removed from a building in Hayward. A gust of 68 mph was recorded near Minong. A few large hail reports were received as well, mainly across Sawyer and Price counties.",,CSV
202604,17,1530,202604,17,1532,212228,1326987,WISCONSIN,55,2026,April,Hail,C,113,SAWYER,DLH,17-APR-26 15:30:00,CST-6,17-APR-26 15:32:00,0,0,0,0,0.00K,0.00K,Trained Spotter,1.00,,,,,,,,,,,5.55,N,WINTER,5.55,N,WINTER,45.9,-91.03,45.9,-91.03,"Thunderstorms developed ahead of a cold front across northeastern Minnesota on the afternoon of the 17th. As the storms moved across northwest Wisconsin, they transitioned from mainly hail producing storms to wind producing storms. Multiple reports of tree damage were received from Bayfield, Washburn, Ashland, and Sawyer counties with a roof being removed from a building in Hayward. A gust of 68 mph was recorded near Minong. A few large hail reports were received as well, mainly across Sawyer and Price counties.",,CSV
202604,17,1600,202604,17,1602,212228,1326988,WISCONSIN,55,2026,April,Hail,C,113,SAWYER,DLH,17-APR-26 16:00:00,CST-6,17-APR-26 16:02:00,0,0,0,0,0.00K,0.00K,Trained Spotter,1.25,,,,,,,,,,,3.95,NNE,STONE LAKE,3.95,NNE,STONE LAKE,45.9,-91.51,45.9,-91.51,"Thunderstorms developed ahead of a cold front across northeastern Minnesota on the afternoon of the 17th. As the storms moved across northwest Wisconsin, they transitioned from mainly hail producing storms to wind producing storms. Multiple reports of tree damage were received from Bayfield, Washburn, Ashland, and Sawyer counties with a roof being removed from a building in Hayward. A gust of 68 mph was recorded near Minong. A few large hail reports were received as well, mainly across Sawyer and Price counties.",Largest hail was half-dollar size with lots of smaller hail.,CSV
202604,17,1602,202604,17,1603,212228,1326989,WISCONSIN,55,2026,April,Hail,C,99,PRICE,DLH,17-APR-26 16:02:00,CST-6,17-APR-26 16:03:00,0,0,0,0,0.00K,0.00K,CoCoRaHS,1.00,,,,,,,,,,,4.21,NW,KAISER,4.21,NW,KAISER,45.97,-90.6,45.97,-90.6,"Thunderstorms developed ahead of a cold front across northeastern Minnesota on the afternoon of the 17th. As the storms moved across northwest Wisconsin, they transitioned from mainly hail producing storms to wind producing storms. Multiple reports of tree damage were received from Bayfield, Washburn, Ashland, and Sawyer counties with a roof being removed from a building in Hayward. A gust of 68 mph was recorded near Minong. A few large hail reports were received as well, mainly across Sawyer and Price counties.",Hail was mainly dime-sized with a few to the size of quarters.,CSV
202604,13,1741,202604,13,1744,213104,1333688,WISCONSIN,55,2026,April,Hail,C,35,EAU CLAIRE,MPX,13-APR-26 17:41:00,CST-6,13-APR-26 17:44:00,0,0,0,0,0.00K,0.00K,Public,1.00,,,,,,,,,,,.49,W,AUGUSTA,.49,W,AUGUSTA,44.68,-91.13,44.68,-91.13,"A southward moving cold front tracked across central MN and northwest WI early Monday morning before stalling near Redwood Falls, MN over to Eau Claire, WI. Morning stratus associated with this frontal boundary aided an increased thermal gradient along this boundary. Later in the afternoon, a surface low centered over eastern Nebraska advected unstable air into much of southern MN west-central WI. This airmass converged on the pre-existing stationary boundary which led to the initiation of several severe thunderstorms across west-central WI. A few thunderstorms produced large hail measuring as large as 1.25 in diameter as well as localized flash flooding in southern Eau Claire County.",,CSV
202604,13,1737,202604,13,1745,213104,1333689,WISCONSIN,55,2026,April,Hail,C,35,EAU CLAIRE,MPX,13-APR-26 17:37:00,CST-6,13-APR-26 17:45:00,0,0,0,0,0.00K,0.00K,Broadcast Media,1.00,,,,,,,,,,,4.97,E,FOSTER,4.97,E,FOSTER,44.62,-91.2,44.62,-91.2,"A southward moving cold front tracked across central MN and northwest WI early Monday morning before stalling near Redwood Falls, MN over to Eau Claire, WI. Morning stratus associated with this frontal boundary aided an increased thermal gradient along this boundary. Later in the afternoon, a surface low centered over eastern Nebraska advected unstable air into much of southern MN west-central WI. This airmass converged on the pre-existing stationary boundary which led to the initiation of several severe thunderstorms across west-central WI. A few thunderstorms produced large hail measuring as large as 1.25 in diameter as well as localized flash flooding in southern Eau Claire County.",,CSV
202604,13,1930,202604,13,2030,213104,1333691,WISCONSIN,55,2026,April,Flash Flood,C,35,EAU CLAIRE,MPX,13-APR-26 19:30:00,CST-6,13-APR-26 20:30:00,0,0,0,0,0.00K,0.00K,Trained Spotter,,,Heavy Rain,,,,,,,,,3.76,SSW,CLEGHORN,3.85,SSW,CLEGHORN,44.63,-91.45,44.6283,-91.449,"A southward moving cold front tracked across central MN and northwest WI early Monday morning before stalling near Redwood Falls, MN over to Eau Claire, WI. Morning stratus associated with this frontal boundary aided an increased thermal gradient along this boundary. Later in the afternoon, a surface low centered over eastern Nebraska advected unstable air into much of southern MN west-central WI. This airmass converged on the pre-existing stationary boundary which led to the initiation of several severe thunderstorms across west-central WI. A few thunderstorms produced large hail measuring as large as 1.25 in diameter as well as localized flash flooding in southern Eau Claire County.",Trained spotter reported water flowing over the roadway along Lowes Creek Rd just west of State Highway 93.,CSV
202604,13,2344,202604,13,2345,212183,1326650,WISCONSIN,55,2026,April,Tornado,C,27,DODGE,MKX,13-APR-26 23:44:00,CST-6,13-APR-26 23:45:00,0,0,0,0,15.00K,0.00K,NWS Storm Survey,,,,,EF0,0.27,50,,,,,2.17,ESE,SOUTH BEAVER DAM,2.44,ESE,SOUTH BEAVER DAM,43.4134,-88.8432,43.4117,-88.8384,"A line of strong to severe storms developed over central Wisconsin as warm, moist and unstable air aloft surged into the region. The line of storms then moved southeast across southern Wisconsin.  Widespread wind damage occurred across much of south central to southeast Wisconsin, with two tornadoes documented along with the high winds.","Brief tornado started south of Beaver Dam and went through a garage near Shaw Hill Rd, west of the Shaw Marsh Wildlife Area.  Other wind damage was noted on the southern side of the tornado path, attributed to downburst winds.",CSV
202604,13,2303,202604,13,2308,212183,1329166,WISCONSIN,55,2026,April,Thunderstorm Wind,C,49,IOWA,MKX,13-APR-26 23:03:00,CST-6,13-APR-26 23:08:00,0,0,0,0,20.00K,0.00K,Emergency Manager,61.00,EG,,,,,,,,,,.34,SE,HIGHLAND,.34,SE,HIGHLAND,43.0465,-90.3752,43.0465,-90.3752,"A line of strong to severe storms developed over central Wisconsin as warm, moist and unstable air aloft surged into the region. The line of storms then moved southeast across southern Wisconsin.  Widespread wind damage occurred across much of south central to southeast Wisconsin, with two tornadoes documented along with the high winds.",Trees down down along Delany St. and Dodgeville St. in Highland. A fallen tree causing substantial damage to the roof of a home.,CSV
202604,13,2256,202604,13,2353,212183,1329167,WISCONSIN,55,2026,April,Thunderstorm Wind,C,49,IOWA,MKX,13-APR-26 22:56:00,CST-6,13-APR-26 23:53:00,0,0,0,0,5.00K,0.00K,Emergency Manager,56.00,EG,,,,,,,,,,7.29,E,AVOCA,4.56,NE,HOLLANDALE,43.1653,-90.3768,42.9234,-89.8769,"A line of strong to severe storms developed over central Wisconsin as warm, moist and unstable air aloft surged into the region. The line of storms then moved southeast across southern Wisconsin.  Widespread wind damage occurred across much of south central to southeast Wisconsin, with two tornadoes documented along with the high winds.",Several trees down throughout the county.,CSV
202604,13,2338,202604,13,2341,212183,1329168,WISCONSIN,55,2026,April,Thunderstorm Wind,C,21,COLUMBIA,MKX,13-APR-26 23:38:00,CST-6,13-APR-26 23:41:00,0,0,0,0,30.00K,0.00K,Trained Spotter,61.00,EG,,,,,,,,,,.5,W,COLUMBUS,.5,W,COLUMBUS,43.33,-89.03,43.33,-89.03,"A line of strong to severe storms developed over central Wisconsin as warm, moist and unstable air aloft surged into the region. The line of storms then moved southeast across southern Wisconsin.  Widespread wind damage occurred across much of south central to southeast Wisconsin, with two tornadoes documented along with the high winds.",Two large trees blown down and a pine tree snapped at 80 feet high in a neighborhood.  Additional trees and tree limbs down in the neighborhood and across Columbus. One tree felled on a home causing roof damage.,CSV
202604,13,2312,202604,13,2316,212183,1329169,WISCONSIN,55,2026,April,Thunderstorm Wind,C,21,COLUMBIA,MKX,13-APR-26 23:12:00,CST-6,13-APR-26 23:16:00,0,0,0,0,35.00K,0.00K,Trained Spotter,61.00,EG,,,,,,,,,,.86,SW,LODI,.86,SW,LODI,43.31,-89.5302,43.31,-89.5302,"A line of strong to severe storms developed over central Wisconsin as warm, moist and unstable air aloft surged into the region. The line of storms then moved southeast across southern Wisconsin.  Widespread wind damage occurred across much of south central to southeast Wisconsin, with two tornadoes documented along with the high winds.","Dozens of trees snapped, uprooted, or downed in Lodi. Powerlines down as well. A small portion of a roof collapsed at a nursing home.",CSV
202604,13,2303,202604,13,2342,212183,1329170,WISCONSIN,55,2026,April,Thunderstorm Wind,C,21,COLUMBIA,MKX,13-APR-26 23:03:00,CST-6,13-APR-26 23:42:00,0,0,0,0,50.00K,0.00K,Trained Spotter,61.00,EG,,,,,,,,,,2.62,SW,PORTAGE,2.69,NNE,FALL RIVER,43.5271,-89.4918,43.4176,-89.0364,"A line of strong to severe storms developed over central Wisconsin as warm, moist and unstable air aloft surged into the region. The line of storms then moved southeast across southern Wisconsin.  Widespread wind damage occurred across much of south central to southeast Wisconsin, with two tornadoes documented along with the high winds.","Multiple barns with roof damage, and scattered trees and powerlines down throughout the county.",CSV
202604,14,330,202604,14,600,212183,1333533,WISCONSIN,55,2026,April,Lightning,C,55,JEFFERSON,MKX,14-APR-26 03:30:00,CST-6,14-APR-26 06:00:00,0,0,0,0,50.00K,0.00K,Fire Department/Rescue,,,,,,,,,,,,.21,E,FT ATKINSON,.21,E,FT ATKINSON,42.93,-88.8458,42.93,-88.8458,"A line of strong to severe storms developed over central Wisconsin as warm, moist and unstable air aloft surged into the region. The line of storms then moved southeast across southern Wisconsin.  Widespread wind damage occurred across much of south central to southeast Wisconsin, with two tornadoes documented along with the high winds.","Home struck by lightning and followed by a fire. The Fort Atkinson Fire Department reported it took 45 minutes to get the fire under control. No injuries, but structural and smoke and water damage displaced the 4 residents from the home.",CSV
202604,13,2346,202604,14,27,212183,1333562,WISCONSIN,55,2026,April,Thunderstorm Wind,C,55,JEFFERSON,MKX,13-APR-26 23:46:00,CST-6,14-APR-26 00:27:00,0,0,0,0,80.00K,0.00K,NWS Storm Survey,70.00,EG,,,,,,,,,,.94,WSW,WATERLOO,1.84,E,CONCORD,43.1726,-88.9958,43.0695,-88.5636,"A line of strong to severe storms developed over central Wisconsin as warm, moist and unstable air aloft surged into the region. The line of storms then moved southeast across southern Wisconsin.  Widespread wind damage occurred across much of south central to southeast Wisconsin, with two tornadoes documented along with the high winds.","A swath of scattered tree, power line, and structural damage across northern Jefferson County. This included many uprooted and snapped trees, power lines down, and fallen trees on vehicles especially in Waterloo and Watertown. Eight power poles were snapped on East Clarkson Rd. in Waterloo.  A farm on highway B east of Johnson Creek suffered severe silo damage, and a grove of trees were knocked down nearby.",CSV
202604,13,2352,202604,14,25,212183,1333564,WISCONSIN,55,2026,April,Thunderstorm Wind,C,55,JEFFERSON,MKX,13-APR-26 23:52:00,CST-6,14-APR-26 00:25:00,0,0,0,0,80.00K,0.00K,NWS Storm Survey,70.00,EG,,,,,,,,,,.7,NNW,CAMBRIDGE,3.7,NE,OAK HILL,43.0097,-89.0038,42.9682,-88.5487,"A line of strong to severe storms developed over central Wisconsin as warm, moist and unstable air aloft surged into the region. The line of storms then moved southeast across southern Wisconsin.  Widespread wind damage occurred across much of south central to southeast Wisconsin, with two tornadoes documented along with the high winds.","A swath of scattered tree, power line, and structural damage across central and southern Jefferson County. This included many uprooted and snapped trees, power lines down, and fallen trees on homes and vehicles especially in Fort Atkinson and Jefferson. The entire roof of a home was removed by the strong winds in Jefferson near the high school. Lakeview Cemetery in Fort Atkinson suffered significant tree damage with trees down on grave sites. An agricultural business near Hellenville sustained damage to fences and shelters built for animals. A 60 mph wind was estimated at the National Weather Service office several miles southeast of Sullivan.",CSV
202604,2,300,202604,2,1300,210754,1319354,WISCONSIN,55,2026,April,Winter Storm,Z,18,LINCOLN,GRB,02-APR-26 03:00:00,CST-6,02-APR-26 13:00:00,0,0,0,0,0.00K,0.00K,CoCoRaHS,,,,,,,,,,,,,,,,,,,,,,"A low-pressure system tracking through southern Wisconsin and northern Michigan brought a wintry mix of freezing rain and sleet to the region from the early morning through around midday on Thursday (4/02) before changing over to rain by the afternoon. Around 1 to 1.5 inches of sleet fell across much of north-central Wisconsin with one quarter to one half of an inch of freezing rain accumulation across central and portions of east-central Wisconsin. Over 65,000 customers were reported without power during the worst part of the storm. A 56 year old man died on the interstate in Brown County as a result of the slippery roadways.",The highest sleet total in Lincoln County was 1.4 inches in Tomahawk.,CSV
202604,2,300,202604,2,1300,210754,1319356,WISCONSIN,55,2026,April,Winter Storm,Z,10,ONEIDA,GRB,02-APR-26 03:00:00,CST-6,02-APR-26 13:00:00,0,0,0,0,0.00K,0.00K,CoCoRaHS,,,,,,,,,,,,,,,,,,,,,,"A low-pressure system tracking through southern Wisconsin and northern Michigan brought a wintry mix of freezing rain and sleet to the region from the early morning through around midday on Thursday (4/02) before changing over to rain by the afternoon. Around 1 to 1.5 inches of sleet fell across much of north-central Wisconsin with one quarter to one half of an inch of freezing rain accumulation across central and portions of east-central Wisconsin. Over 65,000 customers were reported without power during the worst part of the storm. A 56 year old man died on the interstate in Brown County as a result of the slippery roadways.",The highest sleet total in Oneida County was 0.8 inches near Rhinelander.,CSV
202604,2,400,202604,2,1500,210754,1319357,WISCONSIN,55,2026,April,Winter Storm,Z,5,VILAS,GRB,02-APR-26 04:00:00,CST-6,02-APR-26 15:00:00,0,0,0,0,0.00K,0.00K,CoCoRaHS,,,,,,,,,,,,,,,,,,,,,,"A low-pressure system tracking through southern Wisconsin and northern Michigan brought a wintry mix of freezing rain and sleet to the region from the early morning through around midday on Thursday (4/02) before changing over to rain by the afternoon. Around 1 to 1.5 inches of sleet fell across much of north-central Wisconsin with one quarter to one half of an inch of freezing rain accumulation across central and portions of east-central Wisconsin. Over 65,000 customers were reported without power during the worst part of the storm. A 56 year old man died on the interstate in Brown County as a result of the slippery roadways.",The highest sleet total in Vilas County was 1 inch near Conover.,CSV
202604,2,100,202604,2,1200,210754,1319358,WISCONSIN,55,2026,April,Ice Storm,Z,30,MARATHON,GRB,02-APR-26 01:00:00,CST-6,02-APR-26 12:00:00,0,0,0,0,0.00K,0.00K,Broadcast Media,,,,,,,,,,,,,,,,,,,,,,"A low-pressure system tracking through southern Wisconsin and northern Michigan brought a wintry mix of freezing rain and sleet to the region from the early morning through around midday on Thursday (4/02) before changing over to rain by the afternoon. Around 1 to 1.5 inches of sleet fell across much of north-central Wisconsin with one quarter to one half of an inch of freezing rain accumulation across central and portions of east-central Wisconsin. Over 65,000 customers were reported without power during the worst part of the storm. A 56 year old man died on the interstate in Brown County as a result of the slippery roadways.",The highest ice total in Marathon County was 0.50 inches near Knowlton.,CSV
202604,2,1905,202604,2,1911,212464,1329050,WISCONSIN,55,2026,April,Thunderstorm Wind,C,59,KENOSHA,MKX,02-APR-26 19:05:00,CST-6,02-APR-26 19:11:00,0,0,0,0,70.00K,0.00K,NWS Storm Survey,78.00,EG,,,,,,,,,,2.08,WNW,DOWNTOWN KENOSHA,2.04,N,DOWNTOWN KENOSHA,42.5897,-87.8686,42.6094,-87.8272,Low pressure and a warm front brought a round of severe thunderstorms to southern WI during the evening. Large hail and damaging straight-line winds occurred.,"A swath of straight-line wind damage was observed. Dozens of trees were uprooted and widespread large limb damage occurred. A partial loss of roof shingles and fascia on several homes, and a partial loss of siding on some homes. A few small sheds were destroyed and several power lines were downed. 2200 We Energies customers were without power. The greatest concentration of damage was near the intersection of 45th Street and 38th Avenue.",CSV
202604,13,1830,202604,14,100,210964,1319669,WISCONSIN,55,2026,April,Flash Flood,C,135,WAUPACA,GRB,13-APR-26 18:30:00,CST-6,14-APR-26 01:00:00,0,0,0,0,0.00K,0.00K,Law Enforcement,,,Heavy Rain,,,,,,,,,4.94,ENE,EMBARRASS,5.94,ESE,CLINTONVILLE ARPT,44.6869,-88.6022,44.5762,-88.6162,Several rounds of strong to severe thunderstorms moved through the area near a semi-stationary front across central and east-central Wisconsin during the afternoon and evening on Monday (4/13).  The strongest storms produced hail up to 2 inches in diameter.  ||Repeated rounds of showers and thunderstorms from Monday afternoon (4/13) through early Tuesday morning (4/14) caused Flash Flooding as 2 to 4.5 inches of rain fell across central and east-central Wisconsin.,Rainfall amounts of 3 to 5 inches in a short time caused several streets to close in northern Waupaca County due to flash flooding. The time of this report is an estimate based on radar data.,CSV
202604,13,1900,202604,14,100,210964,1319670,WISCONSIN,55,2026,April,Flash Flood,C,115,SHAWANO,GRB,13-APR-26 19:00:00,CST-6,14-APR-26 01:00:00,0,0,0,0,0.00K,0.00K,Law Enforcement,,,Heavy Rain,,,,,,,,,3.69,NNE,GREEN VLY,2.96,W,ELAND,44.8515,-88.2502,44.8794,-89.2605,Several rounds of strong to severe thunderstorms moved through the area near a semi-stationary front across central and east-central Wisconsin during the afternoon and evening on Monday (4/13).  The strongest storms produced hail up to 2 inches in diameter.  ||Repeated rounds of showers and thunderstorms from Monday afternoon (4/13) through early Tuesday morning (4/14) caused Flash Flooding as 2 to 4.5 inches of rain fell across central and east-central Wisconsin.,Rainfall amounts of 3 to 5 inches in a short time caused several streets to close in southern and eastern Shawano County due to flash flooding. The time of this report is an estimate based on radar data.,CSV
202604,13,1900,202604,13,2100,210964,1319671,WISCONSIN,55,2026,April,Flash Flood,C,141,WOOD,GRB,13-APR-26 19:00:00,CST-6,13-APR-26 21:00:00,0,0,0,0,0.00K,0.00K,Law Enforcement,,,Heavy Rain,,,,,,,,,5.22,NNW,AUBURNDALE,3.15,ESE,HEWITT,44.6957,-90.0527,44.6164,-90.0688,Several rounds of strong to severe thunderstorms moved through the area near a semi-stationary front across central and east-central Wisconsin during the afternoon and evening on Monday (4/13).  The strongest storms produced hail up to 2 inches in diameter.  ||Repeated rounds of showers and thunderstorms from Monday afternoon (4/13) through early Tuesday morning (4/14) caused Flash Flooding as 2 to 4.5 inches of rain fell across central and east-central Wisconsin.,Rainfall amounts of around 2 inches in a short time caused several roads to close in the Marshfield area due to flash flooding. The time of this report is an estimate based on radar data.,CSV
202604,13,2200,202604,14,300,210964,1319672,WISCONSIN,55,2026,April,Flash Flood,C,139,WINNEBAGO,GRB,13-APR-26 22:00:00,CST-6,14-APR-26 03:00:00,0,0,0,0,0.00K,0.00K,Law Enforcement,,,Heavy Rain,,,,,,,,,1.64,S,APPLETON,5.05,NNE,LARSEN,44.2465,-88.4054,44.2492,-88.5869,Several rounds of strong to severe thunderstorms moved through the area near a semi-stationary front across central and east-central Wisconsin during the afternoon and evening on Monday (4/13).  The strongest storms produced hail up to 2 inches in diameter.  ||Repeated rounds of showers and thunderstorms from Monday afternoon (4/13) through early Tuesday morning (4/14) caused Flash Flooding as 2 to 4.5 inches of rain fell across central and east-central Wisconsin.,Rainfall amounts of 1.5 to 2.5 inches in a short time caused several street closures in Menasha and Neenah due to flash flooding.  The time of this report is an estimate based on radar data.,CSV
202604,17,1557,202604,17,1559,212228,1327050,WISCONSIN,55,2026,April,Hail,C,99,PRICE,DLH,17-APR-26 15:57:00,CST-6,17-APR-26 15:59:00,0,0,0,0,0.00K,0.00K,Law Enforcement,1.00,,,,,,,,,,,1.41,E,KAISER,1.41,E,KAISER,45.9233,-90.5211,45.9233,-90.5211,"Thunderstorms developed ahead of a cold front across northeastern Minnesota on the afternoon of the 17th. As the storms moved across northwest Wisconsin, they transitioned from mainly hail producing storms to wind producing storms. Multiple reports of tree damage were received from Bayfield, Washburn, Ashland, and Sawyer counties with a roof being removed from a building in Hayward. A gust of 68 mph was recorded near Minong. A few large hail reports were received as well, mainly across Sawyer and Price counties.",Law enforcement reported quarter size hail about 5 miles west of Park Falls near the animal rescue.,CSV
202604,17,1434,202604,17,1436,212228,1327051,WISCONSIN,55,2026,April,Thunderstorm Wind,C,113,SAWYER,DLH,17-APR-26 14:34:00,CST-6,17-APR-26 14:36:00,0,0,0,0,50.00K,0.00K,Emergency Manager,60.00,EG,,,,,,,,,,.84,SW,HAYWARD,.84,SW,HAYWARD,46.01,-91.49,46.01,-91.49,"Thunderstorms developed ahead of a cold front across northeastern Minnesota on the afternoon of the 17th. As the storms moved across northwest Wisconsin, they transitioned from mainly hail producing storms to wind producing storms. Multiple reports of tree damage were received from Bayfield, Washburn, Ashland, and Sawyer counties with a roof being removed from a building in Hayward. A gust of 68 mph was recorded near Minong. A few large hail reports were received as well, mainly across Sawyer and Price counties.",Hayward Laundry on Dakota Ave had its roof torn off by the wind.,CSV
202604,17,1428,202604,17,1428,212228,1327052,WISCONSIN,55,2026,April,Thunderstorm Wind,C,129,WASHBURN,DLH,17-APR-26 14:28:00,CST-6,17-APR-26 14:28:00,0,0,0,0,0.00K,0.00K,RAWS,59.00,MG,,,,,,,,,,4.72,NW,MINONG SUTHERLAND AR,4.72,NW,MINONG SUTHERLAND AR,46.14,-91.98,46.14,-91.98,"Thunderstorms developed ahead of a cold front across northeastern Minnesota on the afternoon of the 17th. As the storms moved across northwest Wisconsin, they transitioned from mainly hail producing storms to wind producing storms. Multiple reports of tree damage were received from Bayfield, Washburn, Ashland, and Sawyer counties with a roof being removed from a building in Hayward. A gust of 68 mph was recorded near Minong. A few large hail reports were received as well, mainly across Sawyer and Price counties.",A gust of 68 mph was recorded by the Minong RAWS station MRZW3.,CSV
202604,17,1515,202604,17,1515,212228,1327053,WISCONSIN,55,2026,April,Thunderstorm Wind,C,3,ASHLAND,DLH,17-APR-26 15:15:00,CST-6,17-APR-26 15:15:00,0,0,0,0,0.00K,0.00K,AWOS,57.00,MG,,,,,,,,,,.67,NNW,LA POINTE MADELINE I,.67,NNW,LA POINTE MADELINE I,46.7887,-90.7559,46.7887,-90.7559,"Thunderstorms developed ahead of a cold front across northeastern Minnesota on the afternoon of the 17th. As the storms moved across northwest Wisconsin, they transitioned from mainly hail producing storms to wind producing storms. Multiple reports of tree damage were received from Bayfield, Washburn, Ashland, and Sawyer counties with a roof being removed from a building in Hayward. A gust of 68 mph was recorded near Minong. A few large hail reports were received as well, mainly across Sawyer and Price counties.",A gust of 66 mph was recorded by the K4R5 AWOS station at the La Pointe Airport.,CSV
202604,13,1606,202604,13,1610,213104,1333684,WISCONSIN,55,2026,April,Hail,C,91,PEPIN,MPX,13-APR-26 16:06:00,CST-6,13-APR-26 16:10:00,0,0,0,0,0.00K,0.00K,Trained Spotter,1.00,,,,,,,,,,,.85,SW,DURAND,.85,SW,DURAND,44.62,-91.98,44.62,-91.98,"A southward moving cold front tracked across central MN and northwest WI early Monday morning before stalling near Redwood Falls, MN over to Eau Claire, WI. Morning stratus associated with this frontal boundary aided an increased thermal gradient along this boundary. Later in the afternoon, a surface low centered over eastern Nebraska advected unstable air into much of southern MN west-central WI. This airmass converged on the pre-existing stationary boundary which led to the initiation of several severe thunderstorms across west-central WI. A few thunderstorms produced large hail measuring as large as 1.25 in diameter as well as localized flash flooding in southern Eau Claire County.",,CSV
202604,13,1621,202604,13,1625,213104,1333685,WISCONSIN,55,2026,April,Hail,C,17,CHIPPEWA,MPX,13-APR-26 16:21:00,CST-6,13-APR-26 16:25:00,0,0,0,0,0.00K,0.00K,Public,1.25,,,,,,,,,,,1.19,SW,CORNELL,1.19,SW,CORNELL,45.16,-91.15,45.16,-91.15,"A southward moving cold front tracked across central MN and northwest WI early Monday morning before stalling near Redwood Falls, MN over to Eau Claire, WI. Morning stratus associated with this frontal boundary aided an increased thermal gradient along this boundary. Later in the afternoon, a surface low centered over eastern Nebraska advected unstable air into much of southern MN west-central WI. This airmass converged on the pre-existing stationary boundary which led to the initiation of several severe thunderstorms across west-central WI. A few thunderstorms produced large hail measuring as large as 1.25 in diameter as well as localized flash flooding in southern Eau Claire County.",,CSV
202604,13,1623,202604,13,1627,213104,1333686,WISCONSIN,55,2026,April,Hail,C,17,CHIPPEWA,MPX,13-APR-26 16:23:00,CST-6,13-APR-26 16:27:00,0,0,0,0,0.00K,0.00K,Public,1.00,,,,,,,,,,,1.19,SE,CORNELL,1.19,SE,CORNELL,45.16,-91.11,45.16,-91.11,"A southward moving cold front tracked across central MN and northwest WI early Monday morning before stalling near Redwood Falls, MN over to Eau Claire, WI. Morning stratus associated with this frontal boundary aided an increased thermal gradient along this boundary. Later in the afternoon, a surface low centered over eastern Nebraska advected unstable air into much of southern MN west-central WI. This airmass converged on the pre-existing stationary boundary which led to the initiation of several severe thunderstorms across west-central WI. A few thunderstorms produced large hail measuring as large as 1.25 in diameter as well as localized flash flooding in southern Eau Claire County.",,CSV
202604,13,1624,202604,13,1628,213104,1333687,WISCONSIN,55,2026,April,Hail,C,17,CHIPPEWA,MPX,13-APR-26 16:24:00,CST-6,13-APR-26 16:28:00,0,0,0,0,0.00K,0.00K,Broadcast Media,1.25,,,,,,,,,,,.85,NW,CORNELL,.85,NW,CORNELL,45.18,-91.14,45.18,-91.14,"A southward moving cold front tracked across central MN and northwest WI early Monday morning before stalling near Redwood Falls, MN over to Eau Claire, WI. Morning stratus associated with this frontal boundary aided an increased thermal gradient along this boundary. Later in the afternoon, a surface low centered over eastern Nebraska advected unstable air into much of southern MN west-central WI. This airmass converged on the pre-existing stationary boundary which led to the initiation of several severe thunderstorms across west-central WI. A few thunderstorms produced large hail measuring as large as 1.25 in diameter as well as localized flash flooding in southern Eau Claire County.",,CSV
202604,13,2345,202604,13,2349,212183,1326657,WISCONSIN,55,2026,April,Tornado,C,25,DANE,MKX,13-APR-26 23:45:00,CST-6,13-APR-26 23:49:00,0,0,0,0,160.00K,0.00K,NWS Storm Survey,,,,,EF1,5.23,75,MKX,WI,055,JEFFERSON,1.36,SSE,UTICA,2.83,SSE,ROCKDALE,42.9511,-89.1126,42.931,-89.013,"A line of strong to severe storms developed over central Wisconsin as warm, moist and unstable air aloft surged into the region. The line of storms then moved southeast across southern Wisconsin.  Widespread wind damage occurred across much of south central to southeast Wisconsin, with two tornadoes documented along with the high winds.",Tornado appears to have started west of I-39 along Church Rd where it tracked to the north side before hitting a farmstead along Highway 73.  Two metal barn structures were completely destroyed with sheet metal from these buildings found in the trees in the far farm hill to the east.  A cement silo was also lifted up and had 3 large chunks of the cap broken off of it.  The tornado appears to have gone southeast toward County Road A before ending near Woodside School Rd.  Extensive straight line/rear flank downdraft wind damage occurred about a mile or two to the south of the tornado with one farm shed destroyed along Highway 73 south of Thornson Rd.  Sheet metal from this building appeared to be tumbled into the nearby field to the east.,CSV
202604,13,2349,202604,13,2350,212183,1326661,WISCONSIN,55,2026,April,Tornado,C,55,JEFFERSON,MKX,13-APR-26 23:49:00,CST-6,13-APR-26 23:50:00,0,0,0,0,1.00K,0.00K,NWS Storm Survey,,,,,EF0,0.44,50,,,,,2.72,NW,BUSSEYVILLE,2.36,NNW,BUSSEYVILLE,42.931,-89.013,42.929,-89.0048,"A line of strong to severe storms developed over central Wisconsin as warm, moist and unstable air aloft surged into the region. The line of storms then moved southeast across southern Wisconsin.  Widespread wind damage occurred across much of south central to southeast Wisconsin, with two tornadoes documented along with the high winds.",Continuation of the Dane County/Rockdale tornado.  Only briefly went into Jefferson county with a field tree line hit.,CSV
202604,13,2244,202604,13,2244,212183,1329133,WISCONSIN,55,2026,April,Thunderstorm Wind,C,111,SAUK,MKX,13-APR-26 22:44:00,CST-6,13-APR-26 22:44:00,0,0,0,0,30.00K,0.00K,Public,61.00,EG,,,,,,,,,,.5,W,LOGANVILLE,.5,W,LOGANVILLE,43.43,-90.04,43.43,-90.04,"A line of strong to severe storms developed over central Wisconsin as warm, moist and unstable air aloft surged into the region. The line of storms then moved southeast across southern Wisconsin.  Widespread wind damage occurred across much of south central to southeast Wisconsin, with two tornadoes documented along with the high winds.",An outbuilding destroyed and multiple trees down.,CSV
202604,13,2247,202604,13,2250,212183,1329140,WISCONSIN,55,2026,April,Thunderstorm Wind,C,111,SAUK,MKX,13-APR-26 22:47:00,CST-6,13-APR-26 22:50:00,0,0,0,0,100.00K,0.00K,Law Enforcement,70.00,EG,,,,,,,,,,.69,S,NORTH FREEDOM,.69,S,NORTH FREEDOM,43.46,-89.87,43.46,-89.87,"A line of strong to severe storms developed over central Wisconsin as warm, moist and unstable air aloft surged into the region. The line of storms then moved southeast across southern Wisconsin.  Widespread wind damage occurred across much of south central to southeast Wisconsin, with two tornadoes documented along with the high winds.",A portion of the Fire Department's roof torn off in North Freedom. A few mobile homes with roof damage. Several trees uprooted and many tree limbs and powerlines down. Some trees down on homes.,CSV
202604,13,2320,202604,13,2324,212183,1329182,WISCONSIN,55,2026,April,Thunderstorm Wind,C,25,DANE,MKX,13-APR-26 23:20:00,CST-6,13-APR-26 23:24:00,0,0,0,0,40.00K,0.00K,Law Enforcement,65.00,EG,,,,,,,,,,.08,NE,CROSS PLAINS,.08,NE,CROSS PLAINS,43.1207,-89.6286,43.1207,-89.6286,"A line of strong to severe storms developed over central Wisconsin as warm, moist and unstable air aloft surged into the region. The line of storms then moved southeast across southern Wisconsin.  Widespread wind damage occurred across much of south central to southeast Wisconsin, with two tornadoes documented along with the high winds.","Numerous trees snapped, uprooted, or downed on the north side of Cross Plains. Powerlines also down. Trees down on vehicles and homes.",CSV
202604,13,2323,202604,13,2331,212183,1329200,WISCONSIN,55,2026,April,Thunderstorm Wind,C,25,DANE,MKX,13-APR-26 23:23:00,CST-6,13-APR-26 23:31:00,0,0,0,0,50.00K,0.00K,Law Enforcement,70.00,EG,,,,,,,,,,1.01,W,DE FOREST,1.01,W,DE FOREST,43.25,-89.35,43.25,-89.35,"A line of strong to severe storms developed over central Wisconsin as warm, moist and unstable air aloft surged into the region. The line of storms then moved southeast across southern Wisconsin.  Widespread wind damage occurred across much of south central to southeast Wisconsin, with two tornadoes documented along with the high winds.",Many trees uprooted and snapped in DeForest. Power poles and powerlines down. A tree down on a house. Roof damage and siding damage to some homes from the strong winds.,CSV
202604,13,2327,202604,13,2331,212183,1329203,WISCONSIN,55,2026,April,Thunderstorm Wind,C,25,DANE,MKX,13-APR-26 23:27:00,CST-6,13-APR-26 23:31:00,0,0,0,0,10.00K,0.00K,Trained Spotter,56.00,EG,,,,,,,,,,2.05,SW,DOWNTOWN MADISON,2.05,SW,DOWNTOWN MADISON,43.05,-89.45,43.05,-89.45,"A line of strong to severe storms developed over central Wisconsin as warm, moist and unstable air aloft surged into the region. The line of storms then moved southeast across southern Wisconsin.  Widespread wind damage occurred across much of south central to southeast Wisconsin, with two tornadoes documented along with the high winds.",Snapped pine tree falling onto a home.,CSV
202604,13,2333,202604,13,2337,212183,1329204,WISCONSIN,55,2026,April,Thunderstorm Wind,C,25,DANE,MKX,13-APR-26 23:33:00,CST-6,13-APR-26 23:37:00,0,0,0,0,15.00K,0.00K,Trained Spotter,56.00,EG,,,,,,,,,,1.47,NNE,TOKEN CREEK,1.47,NNE,TOKEN CREEK,43.22,-89.27,43.22,-89.27,"A line of strong to severe storms developed over central Wisconsin as warm, moist and unstable air aloft surged into the region. The line of storms then moved southeast across southern Wisconsin.  Widespread wind damage occurred across much of south central to southeast Wisconsin, with two tornadoes documented along with the high winds.","Numerous trees snapped about 10 to 15 feet above the ground. A felled tree onto a fiber glass roof shed, causing damage.",CSV
202604,13,2337,202604,13,2341,212183,1329205,WISCONSIN,55,2026,April,Thunderstorm Wind,C,25,DANE,MKX,13-APR-26 23:37:00,CST-6,13-APR-26 23:41:00,0,0,0,0,30.00K,0.00K,Trained Spotter,61.00,EG,,,,,,,,,,1.01,W,MC FARLAND,1.01,W,MC FARLAND,43.02,-89.3,43.02,-89.3,"A line of strong to severe storms developed over central Wisconsin as warm, moist and unstable air aloft surged into the region. The line of storms then moved southeast across southern Wisconsin.  Widespread wind damage occurred across much of south central to southeast Wisconsin, with two tornadoes documented along with the high winds.",Multiple trees down with some down on homes and vehicles.,CSV
202604,14,14,202604,14,53,212183,1333571,WISCONSIN,55,2026,April,Thunderstorm Wind,C,133,WAUKESHA,MKX,14-APR-26 00:14:00,CST-6,14-APR-26 00:53:00,0,0,0,0,60.00K,0.00K,NWS Storm Survey,70.00,EG,,,,,,,,,,1.77,WSW,OCONOMOWOC LAKE,.86,NE,ELM GROVE,43.0701,-88.5324,43.0595,-88.0689,"A line of strong to severe storms developed over central Wisconsin as warm, moist and unstable air aloft surged into the region. The line of storms then moved southeast across southern Wisconsin.  Widespread wind damage occurred across much of south central to southeast Wisconsin, with two tornadoes documented along with the high winds.","A swath of scattered tree and powerline damage across the county, but with heavier concentrations of damage in some areas. There was widespread tree damage on the west side of Lake Okauchee, and also a concentration of uprooted and snapped trees, including some felled on homes, near North Prairie. Another concentration of many snapped pine trees near the intersection of Waterville Rd. and Robinhood Dr. Another concentration of trees and powerlines down near Big Bend and yet another in the Sussex area.",CSV
202604,14,45,202604,14,47,212183,1333572,WISCONSIN,55,2026,April,Thunderstorm Wind,C,79,MILWAUKEE,MKX,14-APR-26 00:45:00,CST-6,14-APR-26 00:47:00,0,0,0,0,0.00K,0.00K,AWOS,53.00,MG,,,,,,,,,,.5,W,MILWAUKEE TIMMERMAN AIRPORT,.5,W,MILWAUKEE TIMMERMAN AIRPORT,43.11,-88.04,43.11,-88.04,"A line of strong to severe storms developed over central Wisconsin as warm, moist and unstable air aloft surged into the region. The line of storms then moved southeast across southern Wisconsin.  Widespread wind damage occurred across much of south central to southeast Wisconsin, with two tornadoes documented along with the high winds.",Timmerman Airport AWOS measured a 61 mph wind gust.,CSV
202604,14,40,202604,14,40,212183,1333577,WISCONSIN,55,2026,April,Thunderstorm Wind,C,79,MILWAUKEE,MKX,14-APR-26 00:40:00,CST-6,14-APR-26 00:40:00,0,0,0,0,30.00K,0.00K,Broadcast Media,50.00,EG,,,,,,,,,,.63,ESE,WEST MILWAUKEE,.63,ESE,WEST MILWAUKEE,43.017,-87.9381,43.017,-87.9381,"A line of strong to severe storms developed over central Wisconsin as warm, moist and unstable air aloft surged into the region. The line of storms then moved southeast across southern Wisconsin.  Widespread wind damage occurred across much of south central to southeast Wisconsin, with two tornadoes documented along with the high winds.",A large tree down on cars at the intersection of 20th St. and West Greenfield Ave.,CSV
202604,14,43,202604,14,100,212183,1333580,WISCONSIN,55,2026,April,Thunderstorm Wind,C,79,MILWAUKEE,MKX,14-APR-26 00:43:00,CST-6,14-APR-26 01:00:00,0,0,0,0,15.00K,0.00K,Public,43.00,EG,,,,,,,,,,1.75,SSE,BUTLER,1.39,SW,UW-MILWAUKEE CAMPUS,43.0554,-88.062,43.0667,-87.9008,"A line of strong to severe storms developed over central Wisconsin as warm, moist and unstable air aloft surged into the region. The line of storms then moved southeast across southern Wisconsin.  Widespread wind damage occurred across much of south central to southeast Wisconsin, with two tornadoes documented along with the high winds.",Multiple social media reports of tree limbs and trees down in northern and western Milwaukee.,CSV
202604,14,44,202604,14,46,212183,1333584,WISCONSIN,55,2026,April,Thunderstorm Wind,C,79,MILWAUKEE,MKX,14-APR-26 00:44:00,CST-6,14-APR-26 00:46:00,0,0,0,0,10.00K,0.00K,Public,50.00,EG,,,,,,,,,,.86,SE,WEST ALLIS,.86,SE,WEST ALLIS,42.99,-87.96,42.99,-87.96,"A line of strong to severe storms developed over central Wisconsin as warm, moist and unstable air aloft surged into the region. The line of storms then moved southeast across southern Wisconsin.  Widespread wind damage occurred across much of south central to southeast Wisconsin, with two tornadoes documented along with the high winds.",Multiple social media reports of trees and tree limbs down in southwest Milwaukee.,CSV
202604,13,2330,202604,14,20,212183,1333613,WISCONSIN,55,2026,April,Thunderstorm Wind,C,27,DODGE,MKX,13-APR-26 23:30:00,CST-6,14-APR-26 00:20:00,0,0,0,0,80.00K,0.00K,Emergency Manager,65.00,EG,,,,,,,,,,1.3,SW,FOX LAKE,1.83,NE,ALDERLEY,43.5591,-88.9211,43.2408,-88.4273,"A line of strong to severe storms developed over central Wisconsin as warm, moist and unstable air aloft surged into the region. The line of storms then moved southeast across southern Wisconsin.  Widespread wind damage occurred across much of south central to southeast Wisconsin, with two tornadoes documented along with the high winds.","Widespread reports of tree and powerline damage across the county. A barn 3 miles north of Lowell had the north wall blown in, while the barn door in the south end was torn off and blown into a field. There was a greater concentration of uprooted and snapped trees southeast of Neosho and near Ashippun, extending to the Washington County line. Some structural damage reported to small buildings.",CSV
202604,14,15,202604,14,20,212183,1333615,WISCONSIN,55,2026,April,Thunderstorm Wind,C,131,WASHINGTON,MKX,14-APR-26 00:15:00,CST-6,14-APR-26 00:20:00,0,0,0,0,20.00K,0.00K,Public,61.00,EG,,,,,,,,,,3.69,WNW,HOLY HILL,3.69,WNW,HOLY HILL,43.2521,-88.4014,43.2521,-88.4014,"A line of strong to severe storms developed over central Wisconsin as warm, moist and unstable air aloft surged into the region. The line of storms then moved southeast across southern Wisconsin.  Widespread wind damage occurred across much of south central to southeast Wisconsin, with two tornadoes documented along with the high winds.",Many trees and some small building damage from Erin toward the Dodge County line.,CSV
202604,13,2320,202604,13,2325,212183,1333692,WISCONSIN,55,2026,April,Thunderstorm Wind,C,25,DANE,MKX,13-APR-26 23:20:00,CST-6,13-APR-26 23:25:00,0,0,0,0,5.00K,0.00K,Public,61.00,EG,,,,,,,,,,0,N,WAUNAKEE,0,N,WAUNAKEE,43.18,-89.45,43.18,-89.45,"A line of strong to severe storms developed over central Wisconsin as warm, moist and unstable air aloft surged into the region. The line of storms then moved southeast across southern Wisconsin.  Widespread wind damage occurred across much of south central to southeast Wisconsin, with two tornadoes documented along with the high winds.",Some trees uprooted and snapped.,CSV
202604,13,2350,202604,13,2355,212183,1333704,WISCONSIN,55,2026,April,Thunderstorm Wind,C,25,DANE,MKX,13-APR-26 23:50:00,CST-6,13-APR-26 23:55:00,0,0,0,0,50.00K,0.00K,NWS Storm Survey,56.00,EG,,,,,,,,,,3.03,N,ALBION,3.03,N,ALBION,42.9235,-89.0618,42.9235,-89.0618,"A line of strong to severe storms developed over central Wisconsin as warm, moist and unstable air aloft surged into the region. The line of storms then moved southeast across southern Wisconsin.  Widespread wind damage occurred across much of south central to southeast Wisconsin, with two tornadoes documented along with the high winds.",A 100 year old barn collapsed.,CSV
202604,27,1145,202604,27,1205,213105,1335062,WISCONSIN,55,2026,April,High Wind,Z,70,WALWORTH,MKX,27-APR-26 11:45:00,CST-6,27-APR-26 12:05:00,0,0,0,0,4.00K,0.00K,Public,50.00,EG,,,,,,,,,,,,,,,,,,,,High winds caused by pressure differences in the wake of showers and thunderstorms gusted up to 77 mph in Milwaukee. Numerous trees were downed along with structural damage.,A few areas of fallen and split trees in Lake Geneva.,CSV
202604,14,1724,202604,14,1730,212188,1326729,WISCONSIN,55,2026,April,Tornado,C,133,WAUKESHA,MKX,14-APR-26 17:24:00,CST-6,14-APR-26 17:30:00,0,0,0,0,7.40M,0.00K,NWS Storm Survey,,,,,EF2,3.78,150,,,,,1.89,E,MERTON,.88,NE,SUSSEX,43.1466,-88.2828,43.1395,-88.2084,"Numerous severe thunderstorms developed across southern Wisconsin during the afternoon and evening hours as a wave of low pressure moved across a stationary front over the region. Two main supercell thunderstorms developed along and north of Interstate 94 between Madison and Milwaukee, which produced softball sized hail and an EF-2 tornado.  These storms would later merge while a squall line developed in south central Wisconsin which would then track through southeast Wisconsin.  Elsewhere, a few storms had brief rotations show up, producing a tornado near Endeavor. The supercell thunderstorms and squall line trained over the same locations producing flash flooding mainly in urban areas.","Tornado appeared to develop in the Lisbon Oaks subdivision, causing mainly tree damage before intensifying closer to Highway 164.  The tornado was at it's most intense near Indian Grass Lane where it caused damage to multiple businesses.  The strongest damage was to an insurance car shop port that had a well anchored roof that was completely blown off and found approximated 3 to 4 blocks to the east near Highway 164.  Damage then occurred to a church near Wildwood Way and multiple homes along Conservancy Court.  Tornado appeared to end near Waukesha Ave along Linda Dr.",CSV
202604,14,1726,202604,14,1734,212188,1326735,WISCONSIN,55,2026,April,Tornado,C,77,MARQUETTE,MKX,14-APR-26 17:26:00,CST-6,14-APR-26 17:34:00,0,0,0,0,51.00K,0.00K,NWS Storm Survey,,,,,EF1,4.65,50,,,,,2.04,E,BRIGGSVILLE,.67,SSE,ENDEAVOR,43.6504,-89.5391,43.691,-89.465,"Numerous severe thunderstorms developed across southern Wisconsin during the afternoon and evening hours as a wave of low pressure moved across a stationary front over the region. Two main supercell thunderstorms developed along and north of Interstate 94 between Madison and Milwaukee, which produced softball sized hail and an EF-2 tornado.  These storms would later merge while a squall line developed in south central Wisconsin which would then track through southeast Wisconsin.  Elsewhere, a few storms had brief rotations show up, producing a tornado near Endeavor. The supercell thunderstorms and squall line trained over the same locations producing flash flooding mainly in urban areas.",The tornado started near Grouse Rd east of Briggsville and then tracked to the northeast.  The worst damage was to an onion farm south of County Road O.  The tornado crossed Interstate 39 and dissipated near County Road CX.  Storm chaser videos and photos along with security camera footage from the onion farm confirm the tornado.,CSV
202604,1,2200,202604,2,1000,211659,1322714,WISCONSIN,55,2026,April,Winter Weather,Z,56,SAUK,MKX,01-APR-26 22:00:00,CST-6,02-APR-26 10:00:00,0,0,0,0,0.00K,0.00K,911 Call Center,,,,,,,,,,,,,,,,,,,,,,"Developing low pressure over the central Great Plains and an approaching warm front resulted in widespread rain and freezing rain. Areas of slick roads occurred, in addition to  a thin layer of ice that accumulated on trees and power lines. There was a small number of power outages. One school was cancelled in Marquette County due to the icy conditions.","A glaze of ice on trees, power lines and some roads from light freezing rain, mainly over the northern portion of the county.",CSV
202604,1,2230,202604,2,1000,211659,1322715,WISCONSIN,55,2026,April,Winter Weather,Z,46,MARQUETTE,MKX,01-APR-26 22:30:00,CST-6,02-APR-26 10:00:00,0,0,0,0,0.00K,0.00K,911 Call Center,,,,,,,,,,,,,,,,,,,,,,"Developing low pressure over the central Great Plains and an approaching warm front resulted in widespread rain and freezing rain. Areas of slick roads occurred, in addition to  a thin layer of ice that accumulated on trees and power lines. There was a small number of power outages. One school was cancelled in Marquette County due to the icy conditions.","A glaze of ice on trees, power lines and some roads from light freezing rain.",CSV
202604,1,2300,202604,2,1000,211659,1322716,WISCONSIN,55,2026,April,Winter Weather,Z,47,GREEN LAKE,MKX,01-APR-26 23:00:00,CST-6,02-APR-26 10:00:00,0,0,0,0,0.00K,0.00K,911 Call Center,,,,,,,,,,,,,,,,,,,,,,"Developing low pressure over the central Great Plains and an approaching warm front resulted in widespread rain and freezing rain. Areas of slick roads occurred, in addition to  a thin layer of ice that accumulated on trees and power lines. There was a small number of power outages. One school was cancelled in Marquette County due to the icy conditions.","A glaze of ice on trees, power lines and some roads from light freezing rain.",CSV
202604,2,100,202604,2,1200,210754,1319359,WISCONSIN,55,2026,April,Ice Storm,Z,38,OUTAGAMIE,GRB,02-APR-26 01:00:00,CST-6,02-APR-26 12:00:00,0,0,0,0,0.00K,0.00K,Emergency Manager,,,,,,,,,,,,,,,,,,,,,,"A low-pressure system tracking through southern Wisconsin and northern Michigan brought a wintry mix of freezing rain and sleet to the region from the early morning through around midday on Thursday (4/02) before changing over to rain by the afternoon. Around 1 to 1.5 inches of sleet fell across much of north-central Wisconsin with one quarter to one half of an inch of freezing rain accumulation across central and portions of east-central Wisconsin. Over 65,000 customers were reported without power during the worst part of the storm. A 56 year old man died on the interstate in Brown County as a result of the slippery roadways.",The highest ice totals across Outagamie County included 0.36 inches near New London and 0.25 inches in Little Chute.,CSV
202604,2,100,202604,2,1200,210754,1319360,WISCONSIN,55,2026,April,Ice Storm,Z,36,PORTAGE,GRB,02-APR-26 01:00:00,CST-6,02-APR-26 12:00:00,0,0,0,0,0.00K,0.00K,Trained Spotter,,,,,,,,,,,,,,,,,,,,,,"A low-pressure system tracking through southern Wisconsin and northern Michigan brought a wintry mix of freezing rain and sleet to the region from the early morning through around midday on Thursday (4/02) before changing over to rain by the afternoon. Around 1 to 1.5 inches of sleet fell across much of north-central Wisconsin with one quarter to one half of an inch of freezing rain accumulation across central and portions of east-central Wisconsin. Over 65,000 customers were reported without power during the worst part of the storm. A 56 year old man died on the interstate in Brown County as a result of the slippery roadways.",The highest ice totals across Portage County included 0.50 inches near Polonia and 0.40 inches in Plover.,CSV
202604,2,300,202604,2,1300,210754,1330686,WISCONSIN,55,2026,April,Ice Storm,Z,13,NORTHERN MARINETTE,GRB,02-APR-26 03:00:00,CST-6,02-APR-26 13:00:00,0,0,0,0,0.00K,0.00K,COOP Observer,,,,,,,,,,,,,,,,,,,,,,"A low-pressure system tracking through southern Wisconsin and northern Michigan brought a wintry mix of freezing rain and sleet to the region from the early morning through around midday on Thursday (4/02) before changing over to rain by the afternoon. Around 1 to 1.5 inches of sleet fell across much of north-central Wisconsin with one quarter to one half of an inch of freezing rain accumulation across central and portions of east-central Wisconsin. Over 65,000 customers were reported without power during the worst part of the storm. A 56 year old man died on the interstate in Brown County as a result of the slippery roadways.",The highest ice total in northern Marinette County was 0.25 inches in Athelstane.,CSV
202604,13,2200,202604,14,200,210964,1319674,WISCONSIN,55,2026,April,Flash Flood,C,71,MANITOWOC,GRB,13-APR-26 22:00:00,CST-6,14-APR-26 02:00:00,0,0,0,0,0.00K,0.00K,Law Enforcement,,,Heavy Rain,,,,,,,,,5.42,ENE,TWO CREEKS,9.99,WNW,ROSECRANS,44.3289,-87.468,44.3438,-88.0036,Several rounds of strong to severe thunderstorms moved through the area near a semi-stationary front across central and east-central Wisconsin during the afternoon and evening on Monday (4/13).  The strongest storms produced hail up to 2 inches in diameter.  ||Repeated rounds of showers and thunderstorms from Monday afternoon (4/13) through early Tuesday morning (4/14) caused Flash Flooding as 2 to 4.5 inches of rain fell across central and east-central Wisconsin.,"Rainfall amounts of 1 to 3 inches in a short time caused several road closures in northern Manitowoc County due to flash flooding. The river washed out Devils River Campground near Maribel, taking multiple campers downstream. The time of these reports is an estimate based on radar data.",CSV
202604,13,1945,202604,14,300,210964,1319675,WISCONSIN,55,2026,April,Flash Flood,C,9,BROWN,GRB,13-APR-26 19:45:00,CST-6,14-APR-26 03:00:00,0,0,0,0,0.00K,0.00K,Law Enforcement,,,Heavy Rain,,,,,,,,,1.28,N,GLENMORE,7.59,NNW,CHAMPION,44.3983,-87.9332,44.6818,-87.8581,Several rounds of strong to severe thunderstorms moved through the area near a semi-stationary front across central and east-central Wisconsin during the afternoon and evening on Monday (4/13).  The strongest storms produced hail up to 2 inches in diameter.  ||Repeated rounds of showers and thunderstorms from Monday afternoon (4/13) through early Tuesday morning (4/14) caused Flash Flooding as 2 to 4.5 inches of rain fell across central and east-central Wisconsin.,Rainfall amounts of 2 to 3.5 inches in a short time caused numerous roads in Brown County to close due to flash flooding. The time of this report is an estimate based on radar data.,CSV
202604,13,1552,202604,13,1553,210964,1323226,WISCONSIN,55,2026,April,Hail,C,73,MARATHON,GRB,13-APR-26 15:52:00,CST-6,13-APR-26 15:53:00,0,0,0,0,0.00K,0.00K,Amateur Radio,0.75,,,,,,,,,,,.69,S,SPENCER,.69,S,SPENCER,44.76,-90.28,44.76,-90.28,Several rounds of strong to severe thunderstorms moved through the area near a semi-stationary front across central and east-central Wisconsin during the afternoon and evening on Monday (4/13).  The strongest storms produced hail up to 2 inches in diameter.  ||Repeated rounds of showers and thunderstorms from Monday afternoon (4/13) through early Tuesday morning (4/14) caused Flash Flooding as 2 to 4.5 inches of rain fell across central and east-central Wisconsin.,Penny size hail fell in Spencer.,CSV
202604,14,1900,202604,14,2300,211232,1319827,WISCONSIN,55,2026,April,Flash Flood,C,9,BROWN,GRB,14-APR-26 19:00:00,CST-6,14-APR-26 23:00:00,0,0,0,0,0.00K,0.00K,Law Enforcement,,,Heavy Rain,,,,,,,,,1.18,SE,CORMIER,2.22,NNW,ASHWAUBENON,44.5561,-88.0559,44.4973,-88.104,"A round of moderate to heavy rain developed during the evening hours on Tuesday (4/14) north of a semi-stationary front located across southern Wisconsin. Rainfall amounts of 1 to 2 inches in a short period of time, combined with heavy rainfall the previous night, caused additional flash flooding across portions of central and east-central Wisconsin.",Rainfall amounts of a little over an inch in a little over an hour caused closed roadways due to flash flooding in the city of Green Bay.,CSV
202604,17,1458,202604,17,1500,212228,1327055,WISCONSIN,55,2026,April,Thunderstorm Wind,C,7,BAYFIELD,DLH,17-APR-26 14:58:00,CST-6,17-APR-26 15:00:00,0,0,0,0,0.00K,0.00K,Trained Spotter,60.00,EG,,,,,,,,,,1.66,SSE,MOQUAH,1.66,SSE,MOQUAH,46.5491,-91.0629,46.5491,-91.0629,"Thunderstorms developed ahead of a cold front across northeastern Minnesota on the afternoon of the 17th. As the storms moved across northwest Wisconsin, they transitioned from mainly hail producing storms to wind producing storms. Multiple reports of tree damage were received from Bayfield, Washburn, Ashland, and Sawyer counties with a roof being removed from a building in Hayward. A gust of 68 mph was recorded near Minong. A few large hail reports were received as well, mainly across Sawyer and Price counties.",Numerous trees were down in the vicinity of Fish Creek Hill on Old US 2. Some of the trees were tall pine trees.,CSV
202604,17,1453,202604,17,1455,212228,1327056,WISCONSIN,55,2026,April,Thunderstorm Wind,C,7,BAYFIELD,DLH,17-APR-26 14:53:00,CST-6,17-APR-26 14:55:00,0,0,0,0,0.00K,0.00K,Trained Spotter,50.00,EG,,,,,,,,,,3.15,NW,ASHLAND JCT,3.15,NW,ASHLAND JCT,46.61,-91.03,46.61,-91.03,"Thunderstorms developed ahead of a cold front across northeastern Minnesota on the afternoon of the 17th. As the storms moved across northwest Wisconsin, they transitioned from mainly hail producing storms to wind producing storms. Multiple reports of tree damage were received from Bayfield, Washburn, Ashland, and Sawyer counties with a roof being removed from a building in Hayward. A gust of 68 mph was recorded near Minong. A few large hail reports were received as well, mainly across Sawyer and Price counties.",Many dead branches were down that were approximately 2 inches in diameter.,CSV
202604,17,1417,202604,17,1420,212228,1327058,WISCONSIN,55,2026,April,Thunderstorm Wind,C,129,WASHBURN,DLH,17-APR-26 14:17:00,CST-6,17-APR-26 14:20:00,0,0,0,0,0.00K,0.00K,Public,50.00,EG,,,,,,,,,,.48,E,EARL,.48,E,EARL,45.92,-91.74,45.92,-91.74,"Thunderstorms developed ahead of a cold front across northeastern Minnesota on the afternoon of the 17th. As the storms moved across northwest Wisconsin, they transitioned from mainly hail producing storms to wind producing storms. Multiple reports of tree damage were received from Bayfield, Washburn, Ashland, and Sawyer counties with a roof being removed from a building in Hayward. A gust of 68 mph was recorded near Minong. A few large hail reports were received as well, mainly across Sawyer and Price counties.",Photos were received of trees snapped around six feet above the ground between Earl and Springbrook.,CSV
202604,17,1448,202604,17,1450,212228,1327059,WISCONSIN,55,2026,April,Thunderstorm Wind,C,7,BAYFIELD,DLH,17-APR-26 14:48:00,CST-6,17-APR-26 14:50:00,0,0,0,0,0.00K,0.00K,Public,60.00,EG,,,,,,,,,,1.62,SW,WASHBURN,1.62,SW,WASHBURN,46.6521,-90.922,46.6521,-90.922,"Thunderstorms developed ahead of a cold front across northeastern Minnesota on the afternoon of the 17th. As the storms moved across northwest Wisconsin, they transitioned from mainly hail producing storms to wind producing storms. Multiple reports of tree damage were received from Bayfield, Washburn, Ashland, and Sawyer counties with a roof being removed from a building in Hayward. A gust of 68 mph was recorded near Minong. A few large hail reports were received as well, mainly across Sawyer and Price counties.",Nevers Road reported impassable with photos of trees completely blocking the road. Several trees were also damaged at corner of Nevers Road and Highway 13.,CSV
202604,13,2244,202604,13,2246,212183,1329144,WISCONSIN,55,2026,April,Thunderstorm Wind,C,111,SAUK,MKX,13-APR-26 22:44:00,CST-6,13-APR-26 22:46:00,0,0,0,0,40.00K,0.00K,Public,65.00,EG,,,,,,,,,,1.83,NW,ROCK SPGS,1.83,NW,ROCK SPGS,43.4979,-89.9468,43.4979,-89.9468,"A line of strong to severe storms developed over central Wisconsin as warm, moist and unstable air aloft surged into the region. The line of storms then moved southeast across southern Wisconsin.  Widespread wind damage occurred across much of south central to southeast Wisconsin, with two tornadoes documented along with the high winds.",One silo destroyed and another heavily damaged on a farmstead. A tensile structure damaged and many trees or limbs down.,CSV
202604,13,2254,202604,13,2258,212183,1329145,WISCONSIN,55,2026,April,Thunderstorm Wind,C,111,SAUK,MKX,13-APR-26 22:54:00,CST-6,13-APR-26 22:58:00,0,0,0,0,10.00K,0.00K,Public,56.00,EG,,,,,,,,,,.82,WNW,BARABOO,.82,WNW,BARABOO,43.4724,-89.746,43.4724,-89.746,"A line of strong to severe storms developed over central Wisconsin as warm, moist and unstable air aloft surged into the region. The line of storms then moved southeast across southern Wisconsin.  Widespread wind damage occurred across much of south central to southeast Wisconsin, with two tornadoes documented along with the high winds.",Trees down in Baraboo including on at least one home.,CSV
202604,13,2245,202604,13,2246,212183,1329150,WISCONSIN,55,2026,April,Thunderstorm Wind,C,111,SAUK,MKX,13-APR-26 22:45:00,CST-6,13-APR-26 22:46:00,0,0,0,0,15.00K,0.00K,Public,57.00,EG,,,,,,,,,,.02,ENE,ROCK SPGS,.02,ENE,ROCK SPGS,43.4801,-89.9197,43.4801,-89.9197,"A line of strong to severe storms developed over central Wisconsin as warm, moist and unstable air aloft surged into the region. The line of storms then moved southeast across southern Wisconsin.  Widespread wind damage occurred across much of south central to southeast Wisconsin, with two tornadoes documented along with the high winds.",A pole shed down in Rock Springs.,CSV
202604,13,2305,202604,13,2308,212183,1329156,WISCONSIN,55,2026,April,Thunderstorm Wind,C,111,SAUK,MKX,13-APR-26 23:05:00,CST-6,13-APR-26 23:08:00,0,0,0,0,100.00K,0.00K,NWS Storm Survey,70.00,EG,,,,,,,,,,.75,ESE,PRAIRIE DU SAC ARPT,.75,ESE,PRAIRIE DU SAC ARPT,43.297,-89.7357,43.297,-89.7357,"A line of strong to severe storms developed over central Wisconsin as warm, moist and unstable air aloft surged into the region. The line of storms then moved southeast across southern Wisconsin.  Widespread wind damage occurred across much of south central to southeast Wisconsin, with two tornadoes documented along with the high winds.","Numerous trees and powerlines down on the north side of Prairie Du Sac including uprooted trees. Some trees down on homes, garages and apartment buildings causing structural damage. Sheet metal removed from a portion of a roof of an industrial building.",CSV
202604,13,2306,202604,13,2307,212183,1329165,WISCONSIN,55,2026,April,Thunderstorm Wind,C,111,SAUK,MKX,13-APR-26 23:06:00,CST-6,13-APR-26 23:07:00,0,0,0,0,15.00K,0.00K,Public,61.00,EG,,,,,,,,,,.29,NNW,MERRIMAC,.29,NNW,MERRIMAC,43.374,-89.622,43.374,-89.622,"A line of strong to severe storms developed over central Wisconsin as warm, moist and unstable air aloft surged into the region. The line of storms then moved southeast across southern Wisconsin.  Widespread wind damage occurred across much of south central to southeast Wisconsin, with two tornadoes documented along with the high winds.",Trees and powerlines down including some trees down on homes.,CSV
202604,13,2336,202604,13,2341,212183,1329206,WISCONSIN,55,2026,April,Thunderstorm Wind,C,25,DANE,MKX,13-APR-26 23:36:00,CST-6,13-APR-26 23:41:00,0,0,0,0,50.00K,0.00K,Broadcast Media,70.00,EG,,,,,,,,,,0,N,EAST BRISTOL,0,N,EAST BRISTOL,43.27,-89.15,43.27,-89.15,"A line of strong to severe storms developed over central Wisconsin as warm, moist and unstable air aloft surged into the region. The line of storms then moved southeast across southern Wisconsin.  Widespread wind damage occurred across much of south central to southeast Wisconsin, with two tornadoes documented along with the high winds.","Around one half of the roof removed from a large church. Some roof material collapsed into the church. Across the street, a pine tree was uprooted. Another pine tree snapped halfway up and landed on a machine shed.",CSV
202604,13,2315,202604,13,2322,212183,1329207,WISCONSIN,55,2026,April,Thunderstorm Wind,C,25,DANE,MKX,13-APR-26 23:15:00,CST-6,13-APR-26 23:22:00,0,0,0,0,25.00K,0.00K,Public,65.00,EG,,,,,,,,,,2.13,SSE,DANE,2.13,SSE,DANE,43.22,-89.49,43.22,-89.49,"A line of strong to severe storms developed over central Wisconsin as warm, moist and unstable air aloft surged into the region. The line of storms then moved southeast across southern Wisconsin.  Widespread wind damage occurred across much of south central to southeast Wisconsin, with two tornadoes documented along with the high winds.",Some sheet metal roofing and siding torn off a barn.,CSV
202604,13,2320,202604,13,2325,212183,1329208,WISCONSIN,55,2026,April,Thunderstorm Wind,C,25,DANE,MKX,13-APR-26 23:20:00,CST-6,13-APR-26 23:25:00,0,0,0,0,20.00K,0.00K,Public,70.00,EG,,,,,,,,,,2.13,WSW,MADISON MOREY ARPT,2.13,WSW,MADISON MOREY ARPT,43.11,-89.57,43.11,-89.57,"A line of strong to severe storms developed over central Wisconsin as warm, moist and unstable air aloft surged into the region. The line of storms then moved southeast across southern Wisconsin.  Widespread wind damage occurred across much of south central to southeast Wisconsin, with two tornadoes documented along with the high winds.",Portions of a roof and beams lifted off a home.,CSV
202604,13,2337,202604,13,2341,212183,1329219,WISCONSIN,55,2026,April,Thunderstorm Wind,C,25,DANE,MKX,13-APR-26 23:37:00,CST-6,13-APR-26 23:41:00,0,0,0,0,20.00K,0.00K,Local Official,70.00,EG,,,,,,,,,,.55,WSW,BLOOMING GROVE,.55,WSW,BLOOMING GROVE,43.0462,-89.3795,43.0462,-89.3795,"A line of strong to severe storms developed over central Wisconsin as warm, moist and unstable air aloft surged into the region. The line of storms then moved southeast across southern Wisconsin.  Widespread wind damage occurred across much of south central to southeast Wisconsin, with two tornadoes documented along with the high winds.",A 1500 pound cattle gate blown over a concrete barrier at the Alliant Energy Center. A dumpster was flipped and moved a short distance. A large tensile structure was destroyed 4-5 trees blown down and 5 golf carts windshields were shattered. An AC unit was blown off the roof of a nearby hotel. Some minor roof damage to a nearby credit union.,CSV
202604,13,2338,202604,13,2342,212183,1329227,WISCONSIN,55,2026,April,Thunderstorm Wind,C,25,DANE,MKX,13-APR-26 23:38:00,CST-6,13-APR-26 23:42:00,0,0,0,0,50.00K,0.00K,Public,65.00,EG,,,,,,,,,,.93,S,BLOOMING GROVE,.93,S,BLOOMING GROVE,43.0366,-89.3684,43.0366,-89.3684,"A line of strong to severe storms developed over central Wisconsin as warm, moist and unstable air aloft surged into the region. The line of storms then moved southeast across southern Wisconsin.  Widespread wind damage occurred across much of south central to southeast Wisconsin, with two tornadoes documented along with the high winds.",Many trees uprooted and snapped with some falling on homes and garages. One garage was demolished.,CSV
202604,14,28,202604,14,31,212183,1333593,WISCONSIN,55,2026,April,Thunderstorm Wind,C,127,WALWORTH,MKX,14-APR-26 00:28:00,CST-6,14-APR-26 00:31:00,0,0,0,0,3.00K,0.00K,Public,56.00,EG,,,,,,,,,,1.52,W,LAKE BEULAH,1.52,W,LAKE BEULAH,42.82,-88.35,42.82,-88.35,"A line of strong to severe storms developed over central Wisconsin as warm, moist and unstable air aloft surged into the region. The line of storms then moved southeast across southern Wisconsin.  Widespread wind damage occurred across much of south central to southeast Wisconsin, with two tornadoes documented along with the high winds.",Several large tree downs. Another tree down on County Highway L just to the south.,CSV
202604,14,7,202604,14,9,212183,1333594,WISCONSIN,55,2026,April,Thunderstorm Wind,C,127,WALWORTH,MKX,14-APR-26 00:07:00,CST-6,14-APR-26 00:09:00,0,0,0,0,2.00K,0.00K,911 Call Center,50.00,EG,,,,,,,,,,.86,NW,WHITEWATER,.86,NW,WHITEWATER,42.84,-88.74,42.84,-88.74,"A line of strong to severe storms developed over central Wisconsin as warm, moist and unstable air aloft surged into the region. The line of storms then moved southeast across southern Wisconsin.  Widespread wind damage occurred across much of south central to southeast Wisconsin, with two tornadoes documented along with the high winds.",A couple trees down on the north side of Whitewater.,CSV
202604,14,39,202604,14,41,212183,1333596,WISCONSIN,55,2026,April,Thunderstorm Wind,C,101,RACINE,MKX,14-APR-26 00:39:00,CST-6,14-APR-26 00:41:00,0,0,0,0,7.00K,0.00K,Public,61.00,EG,,,,,,,,,,.86,SE,BURLINGTON AIRPORT,.86,SE,BURLINGTON AIRPORT,42.68,-88.29,42.68,-88.29,"A line of strong to severe storms developed over central Wisconsin as warm, moist and unstable air aloft surged into the region. The line of storms then moved southeast across southern Wisconsin.  Widespread wind damage occurred across much of south central to southeast Wisconsin, with two tornadoes documented along with the high winds.",Some siding damage.,CSV
202604,14,56,202604,14,124,212183,1333605,WISCONSIN,55,2026,April,Thunderstorm Wind,C,59,KENOSHA,MKX,14-APR-26 00:56:00,CST-6,14-APR-26 01:24:00,0,0,0,0,6.00K,0.00K,Emergency Manager,50.00,EG,,,,,,,,,,1.05,NNW,NEW MUNSTER,.26,W,CAROL BEACH,42.5949,-88.2342,42.5207,-87.8249,"A line of strong to severe storms developed over central Wisconsin as warm, moist and unstable air aloft surged into the region. The line of storms then moved southeast across southern Wisconsin.  Widespread wind damage occurred across much of south central to southeast Wisconsin, with two tornadoes documented along with the high winds.",A total of six trees down across the county and one tree down on a powerline.,CSV
202604,13,2259,202604,13,2259,212183,1333608,WISCONSIN,55,2026,April,Thunderstorm Wind,C,39,FOND DU LAC,MKX,13-APR-26 22:59:00,CST-6,13-APR-26 22:59:00,0,0,0,0,50.00K,0.00K,Law Enforcement,52.00,EG,,,,,,,,,,1.49,NNE,LADOGA,1.49,NNE,LADOGA,43.7408,-88.6719,43.7408,-88.6719,"A line of strong to severe storms developed over central Wisconsin as warm, moist and unstable air aloft surged into the region. The line of storms then moved southeast across southern Wisconsin.  Widespread wind damage occurred across much of south central to southeast Wisconsin, with two tornadoes documented along with the high winds.",A barn collapsed while being occupied by 30 to 40 cattle. Some deceased cattle reported.,CSV
202604,14,10,202604,14,13,212183,1333611,WISCONSIN,55,2026,April,Thunderstorm Wind,C,27,DODGE,MKX,14-APR-26 00:10:00,CST-6,14-APR-26 00:13:00,0,0,0,0,15.00K,0.00K,Trained Spotter,65.00,EG,,,,,,,,,,2.81,S,RUBICON,2.81,S,RUBICON,43.29,-88.46,43.29,-88.46,"A line of strong to severe storms developed over central Wisconsin as warm, moist and unstable air aloft surged into the region. The line of storms then moved southeast across southern Wisconsin.  Widespread wind damage occurred across much of south central to southeast Wisconsin, with two tornadoes documented along with the high winds.",Dozens of trees uprooted or snapped.,CSV
202604,14,1926,202604,14,1934,212188,1326755,WISCONSIN,55,2026,April,Tornado,C,127,WALWORTH,MKX,14-APR-26 19:26:00,CST-6,14-APR-26 19:34:00,0,0,0,0,392.00K,0.00K,NWS Storm Survey,,,,,EF1,7.31,75,,,,,2.82,S,TROY,1.2,WSW,HONEY CREEK,42.7395,-88.4862,42.7443,-88.3423,"Numerous severe thunderstorms developed across southern Wisconsin during the afternoon and evening hours as a wave of low pressure moved across a stationary front over the region. Two main supercell thunderstorms developed along and north of Interstate 94 between Madison and Milwaukee, which produced softball sized hail and an EF-2 tornado.  These storms would later merge while a squall line developed in south central Wisconsin which would then track through southeast Wisconsin.  Elsewhere, a few storms had brief rotations show up, producing a tornado near Endeavor. The supercell thunderstorms and squall line trained over the same locations producing flash flooding mainly in urban areas.","The tornado started northwest of County Road ES, west of Interstate 43, south of East Troy where it heavily damaged two barns.  Corn stubble was noted to be deposited from the corn field to the west all along a path through a cemetery up to Interstate 43.  Some tree damage was noted along Alpine Valley Golf Course.  The tornado then moved along County Road D and caused additional damage to some barns and outbuildings along with numerous trees.  The tornado ended somewhere south of County Road D and northwest of Valley View Road.",CSV
202604,14,1938,202604,14,1944,212188,1326759,WISCONSIN,55,2026,April,Tornado,C,101,RACINE,MKX,14-APR-26 19:38:00,CST-6,14-APR-26 19:44:00,0,0,0,0,349.00K,0.00K,NWS Storm Survey,,,,,EF1,5.17,75,,,,,3.45,NW,ROCHESTER FOX RVR AR,.97,ESE,WATERFORD,42.7822,-88.302,42.763,-88.2034,"Numerous severe thunderstorms developed across southern Wisconsin during the afternoon and evening hours as a wave of low pressure moved across a stationary front over the region. Two main supercell thunderstorms developed along and north of Interstate 94 between Madison and Milwaukee, which produced softball sized hail and an EF-2 tornado.  These storms would later merge while a squall line developed in south central Wisconsin which would then track through southeast Wisconsin.  Elsewhere, a few storms had brief rotations show up, producing a tornado near Endeavor. The supercell thunderstorms and squall line trained over the same locations producing flash flooding mainly in urban areas.","The tornado developed northwest of Honey Creek Road and then hit a barn along the road, shifting it off of its foundation.  The tornado then continued southeast toward Waterford, removing sheet metal from a shed along Buena Park Rd. The tornado then continued through the north side and downtown Waterford where most of the damage was to trees and houses from the trees falling on them.  A few trees were noted to have been lofted and dropped into the Fox River.  The tornado then continued through the east side of Waterford before ending near Highway 36.",CSV
202604,14,1517,202604,14,1517,212188,1329413,WISCONSIN,55,2026,April,Hail,C,49,IOWA,MKX,14-APR-26 15:17:00,CST-6,14-APR-26 15:17:00,0,0,0,0,0.00K,0.00K,Public,1.00,,,,,,,,,,,0,N,BARNEVELD,0,N,BARNEVELD,43.02,-89.9,43.02,-89.9,"Numerous severe thunderstorms developed across southern Wisconsin during the afternoon and evening hours as a wave of low pressure moved across a stationary front over the region. Two main supercell thunderstorms developed along and north of Interstate 94 between Madison and Milwaukee, which produced softball sized hail and an EF-2 tornado.  These storms would later merge while a squall line developed in south central Wisconsin which would then track through southeast Wisconsin.  Elsewhere, a few storms had brief rotations show up, producing a tornado near Endeavor. The supercell thunderstorms and squall line trained over the same locations producing flash flooding mainly in urban areas.",Public report of 1 inch diameter hail in Barneveld. Time confirmed via radar data.,CSV
202604,14,1518,202604,14,1518,212188,1329414,WISCONSIN,55,2026,April,Hail,C,49,IOWA,MKX,14-APR-26 15:18:00,CST-6,14-APR-26 15:18:00,0,0,0,0,0.00K,0.00K,Public,1.50,,,,,,,,,,,1.52,W,BARNEVELD,1.52,W,BARNEVELD,43.02,-89.93,43.02,-89.93,"Numerous severe thunderstorms developed across southern Wisconsin during the afternoon and evening hours as a wave of low pressure moved across a stationary front over the region. Two main supercell thunderstorms developed along and north of Interstate 94 between Madison and Milwaukee, which produced softball sized hail and an EF-2 tornado.  These storms would later merge while a squall line developed in south central Wisconsin which would then track through southeast Wisconsin.  Elsewhere, a few storms had brief rotations show up, producing a tornado near Endeavor. The supercell thunderstorms and squall line trained over the same locations producing flash flooding mainly in urban areas.",Public report of 1.50 inch diameter hail near Barneveld. Time confirmed via radar data.,CSV
202604,14,1514,202604,14,1514,212188,1329415,WISCONSIN,55,2026,April,Hail,C,49,IOWA,MKX,14-APR-26 15:14:00,CST-6,14-APR-26 15:14:00,0,0,0,0,0.00K,0.00K,Public,1.00,,,,,,,,,,,.86,NE,RIDGEWAY,.86,NE,RIDGEWAY,43.01,-89.97,43.01,-89.97,"Numerous severe thunderstorms developed across southern Wisconsin during the afternoon and evening hours as a wave of low pressure moved across a stationary front over the region. Two main supercell thunderstorms developed along and north of Interstate 94 between Madison and Milwaukee, which produced softball sized hail and an EF-2 tornado.  These storms would later merge while a squall line developed in south central Wisconsin which would then track through southeast Wisconsin.  Elsewhere, a few storms had brief rotations show up, producing a tornado near Endeavor. The supercell thunderstorms and squall line trained over the same locations producing flash flooding mainly in urban areas.",Public report of 1 inch diameter hail near Ridgeway. Time confirmed via radar data.,CSV
202604,14,1538,202604,14,1538,212188,1329422,WISCONSIN,55,2026,April,Hail,C,25,DANE,MKX,14-APR-26 15:38:00,CST-6,14-APR-26 15:38:00,0,0,0,0,0.00K,0.00K,Trained Spotter,2.50,,,,,,,,,,,.5,E,MAZOMANIE,.5,E,MAZOMANIE,43.17,-89.77,43.17,-89.77,"Numerous severe thunderstorms developed across southern Wisconsin during the afternoon and evening hours as a wave of low pressure moved across a stationary front over the region. Two main supercell thunderstorms developed along and north of Interstate 94 between Madison and Milwaukee, which produced softball sized hail and an EF-2 tornado.  These storms would later merge while a squall line developed in south central Wisconsin which would then track through southeast Wisconsin.  Elsewhere, a few storms had brief rotations show up, producing a tornado near Endeavor. The supercell thunderstorms and squall line trained over the same locations producing flash flooding mainly in urban areas.",Trained spotter reports 2.5 inch diameter hail near Mazomanie. Time confirmed via radar data.,CSV
202604,14,1539,202604,14,1539,212188,1329423,WISCONSIN,55,2026,April,Hail,C,25,DANE,MKX,14-APR-26 15:39:00,CST-6,14-APR-26 15:39:00,0,0,0,0,0.00K,0.00K,Public,1.00,,,,,,,,,,,.69,N,BLACK EARTH,.69,N,BLACK EARTH,43.14,-89.75,43.14,-89.75,"Numerous severe thunderstorms developed across southern Wisconsin during the afternoon and evening hours as a wave of low pressure moved across a stationary front over the region. Two main supercell thunderstorms developed along and north of Interstate 94 between Madison and Milwaukee, which produced softball sized hail and an EF-2 tornado.  These storms would later merge while a squall line developed in south central Wisconsin which would then track through southeast Wisconsin.  Elsewhere, a few storms had brief rotations show up, producing a tornado near Endeavor. The supercell thunderstorms and squall line trained over the same locations producing flash flooding mainly in urban areas.",Public report of 1 inch diameter hail in Black Earth. Time confirmed via radar data.,CSV
202604,14,1544,202604,14,1544,212188,1329424,WISCONSIN,55,2026,April,Hail,C,25,DANE,MKX,14-APR-26 15:44:00,CST-6,14-APR-26 15:44:00,0,0,0,0,0.00K,0.00K,Public,1.75,,,,,,,,,,,1.38,S,MADISON MOREY ARPT,1.38,S,MADISON MOREY ARPT,43.1,-89.53,43.1,-89.53,"Numerous severe thunderstorms developed across southern Wisconsin during the afternoon and evening hours as a wave of low pressure moved across a stationary front over the region. Two main supercell thunderstorms developed along and north of Interstate 94 between Madison and Milwaukee, which produced softball sized hail and an EF-2 tornado.  These storms would later merge while a squall line developed in south central Wisconsin which would then track through southeast Wisconsin.  Elsewhere, a few storms had brief rotations show up, producing a tornado near Endeavor. The supercell thunderstorms and squall line trained over the same locations producing flash flooding mainly in urban areas.",Public report of 1.75 inch diameter hail near Middleton. Time confirmed via radar data.,CSV
202604,14,1549,202604,14,1549,212188,1329431,WISCONSIN,55,2026,April,Hail,C,25,DANE,MKX,14-APR-26 15:49:00,CST-6,14-APR-26 15:49:00,0,0,0,0,0.00K,0.00K,Trained Spotter,1.25,,,,,,,,,,,3.15,NNW,LONDON,3.15,NNW,LONDON,43.09,-89.03,43.09,-89.03,"Numerous severe thunderstorms developed across southern Wisconsin during the afternoon and evening hours as a wave of low pressure moved across a stationary front over the region. Two main supercell thunderstorms developed along and north of Interstate 94 between Madison and Milwaukee, which produced softball sized hail and an EF-2 tornado.  These storms would later merge while a squall line developed in south central Wisconsin which would then track through southeast Wisconsin.  Elsewhere, a few storms had brief rotations show up, producing a tornado near Endeavor. The supercell thunderstorms and squall line trained over the same locations producing flash flooding mainly in urban areas.",Trained spotter reports 1.25 inch diameter hail to the northeast of Deerfield. Time confirmed via radar data.,CSV
202604,14,1536,202604,14,1536,212188,1329432,WISCONSIN,55,2026,April,Hail,C,25,DANE,MKX,14-APR-26 15:36:00,CST-6,14-APR-26 15:36:00,0,0,0,0,0.00K,0.00K,Public,1.00,,,,,,,,,,,.86,NW,RILEY,.86,NW,RILEY,43.03,-89.63,43.03,-89.63,"Numerous severe thunderstorms developed across southern Wisconsin during the afternoon and evening hours as a wave of low pressure moved across a stationary front over the region. Two main supercell thunderstorms developed along and north of Interstate 94 between Madison and Milwaukee, which produced softball sized hail and an EF-2 tornado.  These storms would later merge while a squall line developed in south central Wisconsin which would then track through southeast Wisconsin.  Elsewhere, a few storms had brief rotations show up, producing a tornado near Endeavor. The supercell thunderstorms and squall line trained over the same locations producing flash flooding mainly in urban areas.",Public report of 1 inch diameter hail near the community of Riley. Time confirmed via radar data.,CSV
202604,14,1550,202604,14,1550,212188,1329433,WISCONSIN,55,2026,April,Hail,C,25,DANE,MKX,14-APR-26 15:50:00,CST-6,14-APR-26 15:50:00,0,0,0,0,0.00K,0.00K,Trained Spotter,2.00,,,,,,,,,,,2.13,SSW,MIDDLETON,2.13,SSW,MIDDLETON,43.07,-89.51,43.07,-89.51,"Numerous severe thunderstorms developed across southern Wisconsin during the afternoon and evening hours as a wave of low pressure moved across a stationary front over the region. Two main supercell thunderstorms developed along and north of Interstate 94 between Madison and Milwaukee, which produced softball sized hail and an EF-2 tornado.  These storms would later merge while a squall line developed in south central Wisconsin which would then track through southeast Wisconsin.  Elsewhere, a few storms had brief rotations show up, producing a tornado near Endeavor. The supercell thunderstorms and squall line trained over the same locations producing flash flooding mainly in urban areas.",Trained spotter reports 2 inch diameter hail near Middleton. Time confirmed via radar data.,CSV
202604,14,1550,202604,14,1550,212188,1329440,WISCONSIN,55,2026,April,Hail,C,25,DANE,MKX,14-APR-26 15:50:00,CST-6,14-APR-26 15:50:00,0,0,0,0,0.00K,0.00K,Public,1.25,,,,,,,,,,,1.66,WSW,DOWNTOWN MADISON,1.66,WSW,DOWNTOWN MADISON,43.06,-89.45,43.06,-89.45,"Numerous severe thunderstorms developed across southern Wisconsin during the afternoon and evening hours as a wave of low pressure moved across a stationary front over the region. Two main supercell thunderstorms developed along and north of Interstate 94 between Madison and Milwaukee, which produced softball sized hail and an EF-2 tornado.  These storms would later merge while a squall line developed in south central Wisconsin which would then track through southeast Wisconsin.  Elsewhere, a few storms had brief rotations show up, producing a tornado near Endeavor. The supercell thunderstorms and squall line trained over the same locations producing flash flooding mainly in urban areas.",Public report of 1.25 inch diameter hail in Shorewood Hills. Time confirmed via radar data.,CSV
202604,14,1616,202604,14,1616,212188,1329441,WISCONSIN,55,2026,April,Funnel Cloud,C,25,DANE,MKX,14-APR-26 16:16:00,CST-6,14-APR-26 16:16:00,0,0,0,0,0.00K,0.00K,Trained Spotter,,,,,,,,,,,,.41,SE,NORTH MADISON,.41,SE,NORTH MADISON,43.1166,-89.3233,43.1166,-89.3233,"Numerous severe thunderstorms developed across southern Wisconsin during the afternoon and evening hours as a wave of low pressure moved across a stationary front over the region. Two main supercell thunderstorms developed along and north of Interstate 94 between Madison and Milwaukee, which produced softball sized hail and an EF-2 tornado.  These storms would later merge while a squall line developed in south central Wisconsin which would then track through southeast Wisconsin.  Elsewhere, a few storms had brief rotations show up, producing a tornado near Endeavor. The supercell thunderstorms and squall line trained over the same locations producing flash flooding mainly in urban areas.",Trained spotter reports a funnel cloud to the south of their location in Maple Bluff. Time confirmed via radar data.,CSV
202604,14,1558,202604,14,1558,212188,1330321,WISCONSIN,55,2026,April,Hail,C,25,DANE,MKX,14-APR-26 15:58:00,CST-6,14-APR-26 15:58:00,0,0,0,0,0.00K,0.00K,Public,1.75,,,,,,,,,,,.86,NW,MIDDLETON,.86,NW,MIDDLETON,43.11,-89.51,43.11,-89.51,"Numerous severe thunderstorms developed across southern Wisconsin during the afternoon and evening hours as a wave of low pressure moved across a stationary front over the region. Two main supercell thunderstorms developed along and north of Interstate 94 between Madison and Milwaukee, which produced softball sized hail and an EF-2 tornado.  These storms would later merge while a squall line developed in south central Wisconsin which would then track through southeast Wisconsin.  Elsewhere, a few storms had brief rotations show up, producing a tornado near Endeavor. The supercell thunderstorms and squall line trained over the same locations producing flash flooding mainly in urban areas.",Public report of 1.75 inch diameter hail near Middleton.,CSV
202604,14,1606,202604,14,1606,212188,1330328,WISCONSIN,55,2026,April,Hail,C,25,DANE,MKX,14-APR-26 16:06:00,CST-6,14-APR-26 16:06:00,0,0,0,0,0.00K,0.00K,Trained Spotter,2.00,,,,,,,,,,,.5,W,PHEASANT BRANCH,.5,W,PHEASANT BRANCH,43.1,-89.49,43.1,-89.49,"Numerous severe thunderstorms developed across southern Wisconsin during the afternoon and evening hours as a wave of low pressure moved across a stationary front over the region. Two main supercell thunderstorms developed along and north of Interstate 94 between Madison and Milwaukee, which produced softball sized hail and an EF-2 tornado.  These storms would later merge while a squall line developed in south central Wisconsin which would then track through southeast Wisconsin.  Elsewhere, a few storms had brief rotations show up, producing a tornado near Endeavor. The supercell thunderstorms and squall line trained over the same locations producing flash flooding mainly in urban areas.",Trained spotter reports near Middleton.,CSV
202604,14,1607,202604,14,1607,212188,1330329,WISCONSIN,55,2026,April,Hail,C,25,DANE,MKX,14-APR-26 16:07:00,CST-6,14-APR-26 16:07:00,0,0,0,0,0.00K,0.00K,Public,1.50,,,,,,,,,,,1.38,N,MONONA,1.38,N,MONONA,43.09,-89.32,43.09,-89.32,"Numerous severe thunderstorms developed across southern Wisconsin during the afternoon and evening hours as a wave of low pressure moved across a stationary front over the region. Two main supercell thunderstorms developed along and north of Interstate 94 between Madison and Milwaukee, which produced softball sized hail and an EF-2 tornado.  These storms would later merge while a squall line developed in south central Wisconsin which would then track through southeast Wisconsin.  Elsewhere, a few storms had brief rotations show up, producing a tornado near Endeavor. The supercell thunderstorms and squall line trained over the same locations producing flash flooding mainly in urban areas.",Public report of 1.5 inch diameter hail east of Maple Bluff.,CSV
202604,14,1607,202604,14,1607,212188,1330330,WISCONSIN,55,2026,April,Hail,C,25,DANE,MKX,14-APR-26 16:07:00,CST-6,14-APR-26 16:07:00,0,0,0,0,0.00K,0.00K,Trained Spotter,1.00,,,,,,,,,,,.5,E,MAPLE BLUFF,.5,E,MAPLE BLUFF,43.1,-89.34,43.1,-89.34,"Numerous severe thunderstorms developed across southern Wisconsin during the afternoon and evening hours as a wave of low pressure moved across a stationary front over the region. Two main supercell thunderstorms developed along and north of Interstate 94 between Madison and Milwaukee, which produced softball sized hail and an EF-2 tornado.  These storms would later merge while a squall line developed in south central Wisconsin which would then track through southeast Wisconsin.  Elsewhere, a few storms had brief rotations show up, producing a tornado near Endeavor. The supercell thunderstorms and squall line trained over the same locations producing flash flooding mainly in urban areas.",Trained spotter reports 1 inch diameter hail near Maple Bluff.,CSV
202604,14,2100,202604,14,2300,211232,1319830,WISCONSIN,55,2026,April,Flash Flood,C,115,SHAWANO,GRB,14-APR-26 21:00:00,CST-6,14-APR-26 23:00:00,0,0,0,0,0.00K,0.00K,Public,,,Heavy Rain,,,,,,,,,1.57,W,NAVARINO,1.78,WSW,NAVARINO,44.6177,-88.5118,44.6066,-88.511,"A round of moderate to heavy rain developed during the evening hours on Tuesday (4/14) north of a semi-stationary front located across southern Wisconsin. Rainfall amounts of 1 to 2 inches in a short period of time, combined with heavy rainfall the previous night, caused additional flash flooding across portions of central and east-central Wisconsin.",Highway 156 closed due to high water after 1 inch of rain fell in a short time in Navarino. Water level is high enough to hit and deflect off the support beams on the underside of the bridge.,CSV
202604,14,1900,202604,14,2140,211232,1319835,WISCONSIN,55,2026,April,Flash Flood,C,61,KEWAUNEE,GRB,14-APR-26 19:00:00,CST-6,14-APR-26 21:40:00,0,0,0,0,0.00K,0.00K,Law Enforcement,,,Heavy Rain,,,,,,,,,2.19,SSE,LUXEMBURG,1.69,SSE,KEWAUNEE,44.5215,-87.6806,44.4282,-87.4843,"A round of moderate to heavy rain developed during the evening hours on Tuesday (4/14) north of a semi-stationary front located across southern Wisconsin. Rainfall amounts of 1 to 2 inches in a short period of time, combined with heavy rainfall the previous night, caused additional flash flooding across portions of central and east-central Wisconsin.",Rainfall amounts of 1 to 2 inches in a short period of time caused closed roadways due to flash flooding in Kewaunee and near Luxemburg.,CSV
202604,17,1544,202604,17,1546,211095,1319061,WISCONSIN,55,2026,April,Tornado,C,73,MARATHON,GRB,17-APR-26 15:44:00,CST-6,17-APR-26 15:46:00,0,0,0,0,0.00K,0.00K,NWS Storm Survey,,,,,EF1,1.14,100,GRB,WI,069,LINCOLN,6.43,NW,KALINKE,7.08,NNW,KALINKE,45.1036,-89.4805,45.119,-89.472,"A severe weather outbreak unfolded across central and north-central Wisconsin during the afternoon and early evening of Friday (4/17). The event was triggered by a surface low-pressure system and cold front across the upper Midwest. ||NWS storm surveys confirmed 2 tornadoes that resulted in structural damage. A tornado formed 3 miles northwest of Glandon around 4:44 PM CDT and tracked into southeast Lincoln County producing EF-1 damage before dissipating around 4:55 PM CDT. Another tornado formed 3 miles west-southwest of Ringle in Marathon County around 4:46 PM CDT and dissipated around 5:03 PM CDT 5 miles southwest of Hogarty. This tornado produced EF-3 damage and destroyed 13 homes, produced major damage to 25 homes, with 101 homes reporting minor damage or affected by the tornado. An estimated $8.2 million worth of damage was reported from the tornado. ||Beyond the tornadic threat, the storms produced isolated large hail up to half dollar size and damaging winds. Heavy rainfall was another impact, with localized totals ranging from 1 to 4 inches. These torrential downpours caused flash flooding, particularly in Marshfield where 2.65 inches of rain fell and multiple vehicles were reported stranded in deep water.","A tornado developed about 3 miles northwest of Glandon, at the end of Pine Haven Road, about 4:44 PM CDT in Marathon County.  The tornado produced significant damage to a barn by collapsing the entire top floor of half of the barn, pushed a silo off its foundation, and damaged a metal outbuilding by tearing off most of the roof and some exterior walls.  The tornado moved north-northeast, crossing the Lincoln County line around 4:46 PM CDT.  Total path length is estimated to be 4.33 miles long, with a width of 100 yards. Peak wind estimated to be around 110 mph.",CSV
202604,17,1452,202604,17,1455,212228,1327060,WISCONSIN,55,2026,April,Thunderstorm Wind,C,7,BAYFIELD,DLH,17-APR-26 14:52:00,CST-6,17-APR-26 14:55:00,0,0,0,0,0.00K,0.00K,Public,55.00,EG,,,,,,,,,,.63,S,BAYFIELD,.63,S,BAYFIELD,46.811,-90.8177,46.811,-90.8177,"Thunderstorms developed ahead of a cold front across northeastern Minnesota on the afternoon of the 17th. As the storms moved across northwest Wisconsin, they transitioned from mainly hail producing storms to wind producing storms. Multiple reports of tree damage were received from Bayfield, Washburn, Ashland, and Sawyer counties with a roof being removed from a building in Hayward. A gust of 68 mph was recorded near Minong. A few large hail reports were received as well, mainly across Sawyer and Price counties.",Numerous reports were received of several tall pine trees uprooted in Washburn including several that blocked Highway 13.,CSV
202604,17,1337,202604,17,1339,212228,1327067,WISCONSIN,55,2026,April,Hail,C,31,DOUGLAS,DLH,17-APR-26 13:37:00,CST-6,17-APR-26 13:39:00,0,0,0,0,0.00K,0.00K,Public,1.00,,,,,,,,,,,.69,S,ITASCA,.69,S,ITASCA,46.67,-92,46.67,-92,"Thunderstorms developed ahead of a cold front across northeastern Minnesota on the afternoon of the 17th. As the storms moved across northwest Wisconsin, they transitioned from mainly hail producing storms to wind producing storms. Multiple reports of tree damage were received from Bayfield, Washburn, Ashland, and Sawyer counties with a roof being removed from a building in Hayward. A gust of 68 mph was recorded near Minong. A few large hail reports were received as well, mainly across Sawyer and Price counties.",,CSV
202604,14,1942,202604,14,1948,212188,1326760,WISCONSIN,55,2026,April,Tornado,C,101,RACINE,MKX,14-APR-26 19:42:00,CST-6,14-APR-26 19:48:00,0,0,0,0,24.00K,0.00K,NWS Storm Survey,,,,,EF0,3.77,50,,,,,1.67,SE,ROCHESTER,3.31,N,KANSASVILLE,42.7152,-88.1939,42.7279,-88.1217,"Numerous severe thunderstorms developed across southern Wisconsin during the afternoon and evening hours as a wave of low pressure moved across a stationary front over the region. Two main supercell thunderstorms developed along and north of Interstate 94 between Madison and Milwaukee, which produced softball sized hail and an EF-2 tornado.  These storms would later merge while a squall line developed in south central Wisconsin which would then track through southeast Wisconsin.  Elsewhere, a few storms had brief rotations show up, producing a tornado near Endeavor. The supercell thunderstorms and squall line trained over the same locations producing flash flooding mainly in urban areas.",Sporadic damage path along Plank Road with mainly tree damage.  Some barn/outbuildings had damage to their roofs with sheet metal panels missing/lofted in 2 locations.,CSV
202604,14,2002,202604,14,2008,212188,1326761,WISCONSIN,55,2026,April,Tornado,C,59,KENOSHA,MKX,14-APR-26 20:02:00,CST-6,14-APR-26 20:08:00,0,0,0,0,209.00K,0.00K,NWS Storm Survey,,,,,EF1,3.98,150,,,,,1.56,W,SOMERS,2.66,SE,SOMERS,42.6538,-87.9302,42.6206,-87.8663,"Numerous severe thunderstorms developed across southern Wisconsin during the afternoon and evening hours as a wave of low pressure moved across a stationary front over the region. Two main supercell thunderstorms developed along and north of Interstate 94 between Madison and Milwaukee, which produced softball sized hail and an EF-2 tornado.  These storms would later merge while a squall line developed in south central Wisconsin which would then track through southeast Wisconsin.  Elsewhere, a few storms had brief rotations show up, producing a tornado near Endeavor. The supercell thunderstorms and squall line trained over the same locations producing flash flooding mainly in urban areas.","The tornado began northwest of Somers, east of Interstate 94.  It went through the north and east side of the city, through the fire department and near Somers Elementary School.  Numerous trees were uprooted along the path, some falling into houses.",CSV
202604,14,1452,202604,14,1452,212188,1329412,WISCONSIN,55,2026,April,Hail,C,49,IOWA,MKX,14-APR-26 14:52:00,CST-6,14-APR-26 14:52:00,0,0,0,0,0.00K,0.00K,Public,1.00,,,,,,,,,,,2.94,NNE,MINERAL PT,2.94,NNE,MINERAL PT,42.89,-90.16,42.89,-90.16,"Numerous severe thunderstorms developed across southern Wisconsin during the afternoon and evening hours as a wave of low pressure moved across a stationary front over the region. Two main supercell thunderstorms developed along and north of Interstate 94 between Madison and Milwaukee, which produced softball sized hail and an EF-2 tornado.  These storms would later merge while a squall line developed in south central Wisconsin which would then track through southeast Wisconsin.  Elsewhere, a few storms had brief rotations show up, producing a tornado near Endeavor. The supercell thunderstorms and squall line trained over the same locations producing flash flooding mainly in urban areas.",Public report of 1 inch diameter hail near Mineral Point. Time confirmed via radar data.,CSV
202604,14,1529,202604,14,1529,212188,1329416,WISCONSIN,55,2026,April,Hail,C,49,IOWA,MKX,14-APR-26 15:29:00,CST-6,14-APR-26 15:29:00,0,0,0,0,0.00K,0.00K,Public,2.00,,,,,,,,,,,4.27,NNW,BLUE MOUND STATE PARK,4.27,NNW,BLUE MOUND STATE PARK,43.09,-89.87,43.09,-89.87,"Numerous severe thunderstorms developed across southern Wisconsin during the afternoon and evening hours as a wave of low pressure moved across a stationary front over the region. Two main supercell thunderstorms developed along and north of Interstate 94 between Madison and Milwaukee, which produced softball sized hail and an EF-2 tornado.  These storms would later merge while a squall line developed in south central Wisconsin which would then track through southeast Wisconsin.  Elsewhere, a few storms had brief rotations show up, producing a tornado near Endeavor. The supercell thunderstorms and squall line trained over the same locations producing flash flooding mainly in urban areas.",Public report of 2 inch diameter hail southeast of Arena. Time confirmed via radar data.,CSV
202604,14,1531,202604,14,1531,212188,1329417,WISCONSIN,55,2026,April,Hail,C,25,DANE,MKX,14-APR-26 15:31:00,CST-6,14-APR-26 15:31:00,0,0,0,0,0.00K,0.00K,Public,1.75,,,,,,,,,,,3.79,WSW,BLACK EARTH,3.79,WSW,BLACK EARTH,43.11,-89.82,43.11,-89.82,"Numerous severe thunderstorms developed across southern Wisconsin during the afternoon and evening hours as a wave of low pressure moved across a stationary front over the region. Two main supercell thunderstorms developed along and north of Interstate 94 between Madison and Milwaukee, which produced softball sized hail and an EF-2 tornado.  These storms would later merge while a squall line developed in south central Wisconsin which would then track through southeast Wisconsin.  Elsewhere, a few storms had brief rotations show up, producing a tornado near Endeavor. The supercell thunderstorms and squall line trained over the same locations producing flash flooding mainly in urban areas.",Public report of 1.75 inch diameter hail west of Black Earth. Time confirmed via radar data.,CSV
202604,14,1520,202604,14,1520,212188,1329418,WISCONSIN,55,2026,April,Hail,C,49,IOWA,MKX,14-APR-26 15:20:00,CST-6,14-APR-26 15:20:00,0,0,0,0,0.00K,0.00K,Public,1.00,,,,,,,,,,,.86,SE,BARNEVELD,.86,SE,BARNEVELD,43.01,-89.89,43.01,-89.89,"Numerous severe thunderstorms developed across southern Wisconsin during the afternoon and evening hours as a wave of low pressure moved across a stationary front over the region. Two main supercell thunderstorms developed along and north of Interstate 94 between Madison and Milwaukee, which produced softball sized hail and an EF-2 tornado.  These storms would later merge while a squall line developed in south central Wisconsin which would then track through southeast Wisconsin.  Elsewhere, a few storms had brief rotations show up, producing a tornado near Endeavor. The supercell thunderstorms and squall line trained over the same locations producing flash flooding mainly in urban areas.",Public report of 1 inch diameter hail near Barneveld. Time confirmed via radar data.,CSV
202604,14,1544,202604,14,1544,212188,1329425,WISCONSIN,55,2026,April,Hail,C,25,DANE,MKX,14-APR-26 15:44:00,CST-6,14-APR-26 15:44:00,0,0,0,0,0.00K,0.00K,Trained Spotter,2.75,,,,,,,,,,,4,SSW,MADISON MOREY ARPT,4,SSW,MADISON MOREY ARPT,43.07,-89.57,43.07,-89.57,"Numerous severe thunderstorms developed across southern Wisconsin during the afternoon and evening hours as a wave of low pressure moved across a stationary front over the region. Two main supercell thunderstorms developed along and north of Interstate 94 between Madison and Milwaukee, which produced softball sized hail and an EF-2 tornado.  These storms would later merge while a squall line developed in south central Wisconsin which would then track through southeast Wisconsin.  Elsewhere, a few storms had brief rotations show up, producing a tornado near Endeavor. The supercell thunderstorms and squall line trained over the same locations producing flash flooding mainly in urban areas.",Trained spotter reports 2.75 inch diameter hail to the southwest of Middleton. Time confirmed via radar data.,CSV
202604,14,1538,202604,14,1538,212188,1329426,WISCONSIN,55,2026,April,Hail,C,25,DANE,MKX,14-APR-26 15:38:00,CST-6,14-APR-26 15:38:00,0,0,0,0,0.00K,0.00K,Public,1.50,,,,,,,,,,,.86,NW,MAZOMANIE,.86,NW,MAZOMANIE,43.18,-89.79,43.18,-89.79,"Numerous severe thunderstorms developed across southern Wisconsin during the afternoon and evening hours as a wave of low pressure moved across a stationary front over the region. Two main supercell thunderstorms developed along and north of Interstate 94 between Madison and Milwaukee, which produced softball sized hail and an EF-2 tornado.  These storms would later merge while a squall line developed in south central Wisconsin which would then track through southeast Wisconsin.  Elsewhere, a few storms had brief rotations show up, producing a tornado near Endeavor. The supercell thunderstorms and squall line trained over the same locations producing flash flooding mainly in urban areas.",Public report of 1.5 inch diameter hail in Mazomanie. Time confirmed via radar data.,CSV
202604,14,1547,202604,14,1547,212188,1329427,WISCONSIN,55,2026,April,Hail,C,25,DANE,MKX,14-APR-26 15:47:00,CST-6,14-APR-26 15:47:00,0,0,0,0,0.00K,0.00K,Public,1.00,,,,,,,,,,,0,N,DEERFIELD,0,N,DEERFIELD,43.05,-89.07,43.05,-89.07,"Numerous severe thunderstorms developed across southern Wisconsin during the afternoon and evening hours as a wave of low pressure moved across a stationary front over the region. Two main supercell thunderstorms developed along and north of Interstate 94 between Madison and Milwaukee, which produced softball sized hail and an EF-2 tornado.  These storms would later merge while a squall line developed in south central Wisconsin which would then track through southeast Wisconsin.  Elsewhere, a few storms had brief rotations show up, producing a tornado near Endeavor. The supercell thunderstorms and squall line trained over the same locations producing flash flooding mainly in urban areas.",Public report of 1 inch diameter hail in Deerfield. Time confirmed via radar data.,CSV
202604,14,1554,202604,14,1554,212188,1329434,WISCONSIN,55,2026,April,Hail,C,25,DANE,MKX,14-APR-26 15:54:00,CST-6,14-APR-26 15:54:00,0,0,0,0,0.00K,0.00K,Public,1.00,,,,,,,,,,,1.66,WSW,DOWNTOWN MADISON,1.66,WSW,DOWNTOWN MADISON,43.06,-89.45,43.06,-89.45,"Numerous severe thunderstorms developed across southern Wisconsin during the afternoon and evening hours as a wave of low pressure moved across a stationary front over the region. Two main supercell thunderstorms developed along and north of Interstate 94 between Madison and Milwaukee, which produced softball sized hail and an EF-2 tornado.  These storms would later merge while a squall line developed in south central Wisconsin which would then track through southeast Wisconsin.  Elsewhere, a few storms had brief rotations show up, producing a tornado near Endeavor. The supercell thunderstorms and squall line trained over the same locations producing flash flooding mainly in urban areas.",Public report of 1 inch diameter hail near Shorewood Hills. Time confirmed via radar data.,CSV
202604,14,1554,202604,14,1554,212188,1329435,WISCONSIN,55,2026,April,Hail,C,25,DANE,MKX,14-APR-26 15:54:00,CST-6,14-APR-26 15:54:00,0,0,0,0,0.00K,0.00K,Public,1.50,,,,,,,,,,,.86,SW,MIDDLETON,.86,SW,MIDDLETON,43.09,-89.51,43.09,-89.51,"Numerous severe thunderstorms developed across southern Wisconsin during the afternoon and evening hours as a wave of low pressure moved across a stationary front over the region. Two main supercell thunderstorms developed along and north of Interstate 94 between Madison and Milwaukee, which produced softball sized hail and an EF-2 tornado.  These storms would later merge while a squall line developed in south central Wisconsin which would then track through southeast Wisconsin.  Elsewhere, a few storms had brief rotations show up, producing a tornado near Endeavor. The supercell thunderstorms and squall line trained over the same locations producing flash flooding mainly in urban areas.",Public report of 1.5 inch diameter hail near Middleton. Time confirmed via radar data.,CSV
202604,14,1544,202604,14,1544,212188,1329436,WISCONSIN,55,2026,April,Hail,C,25,DANE,MKX,14-APR-26 15:44:00,CST-6,14-APR-26 15:44:00,0,0,0,0,0.00K,0.00K,Public,1.50,,,,,,,,,,,4.1,SW,SHOREWOOD HILLS,4.1,SW,SHOREWOOD HILLS,43.04,-89.53,43.04,-89.53,"Numerous severe thunderstorms developed across southern Wisconsin during the afternoon and evening hours as a wave of low pressure moved across a stationary front over the region. Two main supercell thunderstorms developed along and north of Interstate 94 between Madison and Milwaukee, which produced softball sized hail and an EF-2 tornado.  These storms would later merge while a squall line developed in south central Wisconsin which would then track through southeast Wisconsin.  Elsewhere, a few storms had brief rotations show up, producing a tornado near Endeavor. The supercell thunderstorms and squall line trained over the same locations producing flash flooding mainly in urban areas.",Public report of 1.5 inch diameter hail north of Verona. Time confirmed via radar data.,CSV
202604,14,1559,202604,14,1559,212188,1330322,WISCONSIN,55,2026,April,Hail,C,25,DANE,MKX,14-APR-26 15:59:00,CST-6,14-APR-26 15:59:00,0,0,0,0,0.00K,0.00K,Trained Spotter,2.00,,,,,,,,,,,2.31,NNE,PHEASANT BRANCH,2.31,NNE,PHEASANT BRANCH,43.13,-89.46,43.13,-89.46,"Numerous severe thunderstorms developed across southern Wisconsin during the afternoon and evening hours as a wave of low pressure moved across a stationary front over the region. Two main supercell thunderstorms developed along and north of Interstate 94 between Madison and Milwaukee, which produced softball sized hail and an EF-2 tornado.  These storms would later merge while a squall line developed in south central Wisconsin which would then track through southeast Wisconsin.  Elsewhere, a few storms had brief rotations show up, producing a tornado near Endeavor. The supercell thunderstorms and squall line trained over the same locations producing flash flooding mainly in urban areas.",Trained spotter reports 2.00 inch diameter hail northeast of Middleton.,CSV
202604,14,1600,202604,14,1600,212188,1330323,WISCONSIN,55,2026,April,Hail,C,25,DANE,MKX,14-APR-26 16:00:00,CST-6,14-APR-26 16:00:00,0,0,0,0,0.00K,0.00K,Public,1.00,,,,,,,,,,,0,N,MAPLE BLUFF,0,N,MAPLE BLUFF,43.1,-89.35,43.1,-89.35,"Numerous severe thunderstorms developed across southern Wisconsin during the afternoon and evening hours as a wave of low pressure moved across a stationary front over the region. Two main supercell thunderstorms developed along and north of Interstate 94 between Madison and Milwaukee, which produced softball sized hail and an EF-2 tornado.  These storms would later merge while a squall line developed in south central Wisconsin which would then track through southeast Wisconsin.  Elsewhere, a few storms had brief rotations show up, producing a tornado near Endeavor. The supercell thunderstorms and squall line trained over the same locations producing flash flooding mainly in urban areas.",Public report of 1 inch diameter hail near Maple Bluff.,CSV
202604,14,1552,202604,14,1552,212188,1330324,WISCONSIN,55,2026,April,Hail,C,25,DANE,MKX,14-APR-26 15:52:00,CST-6,14-APR-26 15:52:00,0,0,0,0,0.00K,0.00K,Trained Spotter,2.00,,,,,,,,,,,2.05,SW,CROSS PLAINS,2.05,SW,CROSS PLAINS,43.1,-89.66,43.1,-89.66,"Numerous severe thunderstorms developed across southern Wisconsin during the afternoon and evening hours as a wave of low pressure moved across a stationary front over the region. Two main supercell thunderstorms developed along and north of Interstate 94 between Madison and Milwaukee, which produced softball sized hail and an EF-2 tornado.  These storms would later merge while a squall line developed in south central Wisconsin which would then track through southeast Wisconsin.  Elsewhere, a few storms had brief rotations show up, producing a tornado near Endeavor. The supercell thunderstorms and squall line trained over the same locations producing flash flooding mainly in urban areas.",Trained spotter reports 2 inch diameter hail near Cross Plains.,CSV
202604,14,1607,202604,14,1607,212188,1330331,WISCONSIN,55,2026,April,Hail,C,25,DANE,MKX,14-APR-26 16:07:00,CST-6,14-APR-26 16:07:00,0,0,0,0,0.00K,0.00K,Trained Spotter,2.00,,,,,,,,,,,2.13,SSW,MARSHALL,2.13,SSW,MARSHALL,43.14,-89.06,43.14,-89.06,"Numerous severe thunderstorms developed across southern Wisconsin during the afternoon and evening hours as a wave of low pressure moved across a stationary front over the region. Two main supercell thunderstorms developed along and north of Interstate 94 between Madison and Milwaukee, which produced softball sized hail and an EF-2 tornado.  These storms would later merge while a squall line developed in south central Wisconsin which would then track through southeast Wisconsin.  Elsewhere, a few storms had brief rotations show up, producing a tornado near Endeavor. The supercell thunderstorms and squall line trained over the same locations producing flash flooding mainly in urban areas.",Trained spotter reports 2 inch diameter hail near Marshall.,CSV
202604,14,1600,202604,14,1600,212188,1330332,WISCONSIN,55,2026,April,Hail,C,25,DANE,MKX,14-APR-26 16:00:00,CST-6,14-APR-26 16:00:00,0,0,0,0,0.00K,0.00K,Public,2.00,,,,,,,,,,,.69,S,MIDDLETON,.69,S,MIDDLETON,43.09,-89.5,43.09,-89.5,"Numerous severe thunderstorms developed across southern Wisconsin during the afternoon and evening hours as a wave of low pressure moved across a stationary front over the region. Two main supercell thunderstorms developed along and north of Interstate 94 between Madison and Milwaukee, which produced softball sized hail and an EF-2 tornado.  These storms would later merge while a squall line developed in south central Wisconsin which would then track through southeast Wisconsin.  Elsewhere, a few storms had brief rotations show up, producing a tornado near Endeavor. The supercell thunderstorms and squall line trained over the same locations producing flash flooding mainly in urban areas.",Public report of 2 inch diameter hail near Middleton.,CSV
202604,14,1607,202604,14,1607,212188,1330333,WISCONSIN,55,2026,April,Hail,C,25,DANE,MKX,14-APR-26 16:07:00,CST-6,14-APR-26 16:07:00,0,0,0,0,0.00K,0.00K,Public,1.00,,,,,,,,,,,1.22,SW,SEMINARY SPGS,1.22,SW,SEMINARY SPGS,43.09,-89.27,43.09,-89.27,"Numerous severe thunderstorms developed across southern Wisconsin during the afternoon and evening hours as a wave of low pressure moved across a stationary front over the region. Two main supercell thunderstorms developed along and north of Interstate 94 between Madison and Milwaukee, which produced softball sized hail and an EF-2 tornado.  These storms would later merge while a squall line developed in south central Wisconsin which would then track through southeast Wisconsin.  Elsewhere, a few storms had brief rotations show up, producing a tornado near Endeavor. The supercell thunderstorms and squall line trained over the same locations producing flash flooding mainly in urban areas.",Public report of 1 inch diameter hail west of Cottage Grove.,CSV
202604,14,1618,202604,14,1618,212188,1330341,WISCONSIN,55,2026,April,Hail,C,25,DANE,MKX,14-APR-26 16:18:00,CST-6,14-APR-26 16:18:00,0,0,0,0,0.00K,0.00K,Trained Spotter,2.75,,,,,,,,,,,1.01,W,MADISON TRUAX AIRPORT,1.01,W,MADISON TRUAX AIRPORT,43.14,-89.35,43.14,-89.35,"Numerous severe thunderstorms developed across southern Wisconsin during the afternoon and evening hours as a wave of low pressure moved across a stationary front over the region. Two main supercell thunderstorms developed along and north of Interstate 94 between Madison and Milwaukee, which produced softball sized hail and an EF-2 tornado.  These storms would later merge while a squall line developed in south central Wisconsin which would then track through southeast Wisconsin.  Elsewhere, a few storms had brief rotations show up, producing a tornado near Endeavor. The supercell thunderstorms and squall line trained over the same locations producing flash flooding mainly in urban areas.",Trained spotter reports 2.75 inch diameter hail northeast of Maple Bluff.,CSV
202604,14,1620,202604,14,1620,212188,1330342,WISCONSIN,55,2026,April,Hail,C,25,DANE,MKX,14-APR-26 16:20:00,CST-6,14-APR-26 16:20:00,0,0,0,0,0.00K,0.00K,Trained Spotter,2.75,,,,,,,,,,,0,N,MAPLE BLUFF,0,N,MAPLE BLUFF,43.1,-89.35,43.1,-89.35,"Numerous severe thunderstorms developed across southern Wisconsin during the afternoon and evening hours as a wave of low pressure moved across a stationary front over the region. Two main supercell thunderstorms developed along and north of Interstate 94 between Madison and Milwaukee, which produced softball sized hail and an EF-2 tornado.  These storms would later merge while a squall line developed in south central Wisconsin which would then track through southeast Wisconsin.  Elsewhere, a few storms had brief rotations show up, producing a tornado near Endeavor. The supercell thunderstorms and squall line trained over the same locations producing flash flooding mainly in urban areas.",Trained spotter reports 2.75 inch diameter hail in Maple Bluff.,CSV
202604,14,1620,202604,14,1620,212188,1330343,WISCONSIN,55,2026,April,Hail,C,25,DANE,MKX,14-APR-26 16:20:00,CST-6,14-APR-26 16:20:00,0,0,0,0,0.00K,0.00K,Trained Spotter,1.00,,,,,,,,,,,.5,W,SUN PRAIRIE,.5,W,SUN PRAIRIE,43.18,-89.21,43.18,-89.21,"Numerous severe thunderstorms developed across southern Wisconsin during the afternoon and evening hours as a wave of low pressure moved across a stationary front over the region. Two main supercell thunderstorms developed along and north of Interstate 94 between Madison and Milwaukee, which produced softball sized hail and an EF-2 tornado.  These storms would later merge while a squall line developed in south central Wisconsin which would then track through southeast Wisconsin.  Elsewhere, a few storms had brief rotations show up, producing a tornado near Endeavor. The supercell thunderstorms and squall line trained over the same locations producing flash flooding mainly in urban areas.",Trained spotter reports 1 inch diameter hail near Sun Prairie.,CSV
202604,14,1626,202604,14,1626,212188,1330350,WISCONSIN,55,2026,April,Hail,C,25,DANE,MKX,14-APR-26 16:26:00,CST-6,14-APR-26 16:26:00,0,0,0,0,0.00K,0.00K,Public,1.00,,,,,,,,,,,2.57,SE,TOKEN CREEK,2.57,SE,TOKEN CREEK,43.17,-89.25,43.17,-89.25,"Numerous severe thunderstorms developed across southern Wisconsin during the afternoon and evening hours as a wave of low pressure moved across a stationary front over the region. Two main supercell thunderstorms developed along and north of Interstate 94 between Madison and Milwaukee, which produced softball sized hail and an EF-2 tornado.  These storms would later merge while a squall line developed in south central Wisconsin which would then track through southeast Wisconsin.  Elsewhere, a few storms had brief rotations show up, producing a tornado near Endeavor. The supercell thunderstorms and squall line trained over the same locations producing flash flooding mainly in urban areas.",Public report of 1 inch diameter hail near Sun Prairie.,CSV
202604,14,1616,202604,14,1616,212188,1330351,WISCONSIN,55,2026,April,Hail,C,25,DANE,MKX,14-APR-26 16:16:00,CST-6,14-APR-26 16:16:00,0,0,0,0,0.00K,0.00K,Trained Spotter,1.50,,,,,,,,,,,1.66,ENE,CAMP RANDALL STADIUM,1.66,ENE,CAMP RANDALL STADIUM,43.08,-89.38,43.08,-89.38,"Numerous severe thunderstorms developed across southern Wisconsin during the afternoon and evening hours as a wave of low pressure moved across a stationary front over the region. Two main supercell thunderstorms developed along and north of Interstate 94 between Madison and Milwaukee, which produced softball sized hail and an EF-2 tornado.  These storms would later merge while a squall line developed in south central Wisconsin which would then track through southeast Wisconsin.  Elsewhere, a few storms had brief rotations show up, producing a tornado near Endeavor. The supercell thunderstorms and squall line trained over the same locations producing flash flooding mainly in urban areas.",Trained spotter reports 1.5 inch diameter hail in Madison.,CSV
202604,14,1627,202604,14,1627,212188,1330357,WISCONSIN,55,2026,April,Hail,C,25,DANE,MKX,14-APR-26 16:27:00,CST-6,14-APR-26 16:27:00,0,0,0,0,0.00K,0.00K,Public,1.00,,,,,,,,,,,.5,W,SUN PRAIRIE,.5,W,SUN PRAIRIE,43.18,-89.21,43.18,-89.21,"Numerous severe thunderstorms developed across southern Wisconsin during the afternoon and evening hours as a wave of low pressure moved across a stationary front over the region. Two main supercell thunderstorms developed along and north of Interstate 94 between Madison and Milwaukee, which produced softball sized hail and an EF-2 tornado.  These storms would later merge while a squall line developed in south central Wisconsin which would then track through southeast Wisconsin.  Elsewhere, a few storms had brief rotations show up, producing a tornado near Endeavor. The supercell thunderstorms and squall line trained over the same locations producing flash flooding mainly in urban areas.",Public report of 1 inch diameter hail near Sun Prairie.,CSV
202604,14,1635,202604,14,1635,212188,1330370,WISCONSIN,55,2026,April,Hail,C,25,DANE,MKX,14-APR-26 16:35:00,CST-6,14-APR-26 16:35:00,0,0,0,0,0.00K,0.00K,Trained Spotter,2.50,,,,,,,,,,,.69,N,COTTAGE GROVE,.69,N,COTTAGE GROVE,43.09,-89.2,43.09,-89.2,"Numerous severe thunderstorms developed across southern Wisconsin during the afternoon and evening hours as a wave of low pressure moved across a stationary front over the region. Two main supercell thunderstorms developed along and north of Interstate 94 between Madison and Milwaukee, which produced softball sized hail and an EF-2 tornado.  These storms would later merge while a squall line developed in south central Wisconsin which would then track through southeast Wisconsin.  Elsewhere, a few storms had brief rotations show up, producing a tornado near Endeavor. The supercell thunderstorms and squall line trained over the same locations producing flash flooding mainly in urban areas.",Trained spotter reports 2.5 inch diameter hail in Cottage Grove.,CSV
202604,14,1627,202604,14,1627,212188,1330375,WISCONSIN,55,2026,April,Hail,C,25,DANE,MKX,14-APR-26 16:27:00,CST-6,14-APR-26 16:27:00,0,0,0,0,0.00K,0.00K,Trained Spotter,3.50,,,,,,,,,,,1.66,ESE,NORTH MADISON,1.66,ESE,NORTH MADISON,43.11,-89.3,43.11,-89.3,"Numerous severe thunderstorms developed across southern Wisconsin during the afternoon and evening hours as a wave of low pressure moved across a stationary front over the region. Two main supercell thunderstorms developed along and north of Interstate 94 between Madison and Milwaukee, which produced softball sized hail and an EF-2 tornado.  These storms would later merge while a squall line developed in south central Wisconsin which would then track through southeast Wisconsin.  Elsewhere, a few storms had brief rotations show up, producing a tornado near Endeavor. The supercell thunderstorms and squall line trained over the same locations producing flash flooding mainly in urban areas.",Trained spotter reports 3.5 inch diameter hail east of Maple Bluff.,CSV
202604,14,1616,202604,14,1616,212188,1330379,WISCONSIN,55,2026,April,Hail,C,25,DANE,MKX,14-APR-26 16:16:00,CST-6,14-APR-26 16:16:00,0,0,0,0,0.00K,0.00K,Trained Spotter,3.25,,,,,,,,,,,1.71,SW,MAPLE BLUFF,1.71,SW,MAPLE BLUFF,43.08,-89.37,43.08,-89.37,"Numerous severe thunderstorms developed across southern Wisconsin during the afternoon and evening hours as a wave of low pressure moved across a stationary front over the region. Two main supercell thunderstorms developed along and north of Interstate 94 between Madison and Milwaukee, which produced softball sized hail and an EF-2 tornado.  These storms would later merge while a squall line developed in south central Wisconsin which would then track through southeast Wisconsin.  Elsewhere, a few storms had brief rotations show up, producing a tornado near Endeavor. The supercell thunderstorms and squall line trained over the same locations producing flash flooding mainly in urban areas.",Trained spotter reports 3.25 inch diameter hail on the east side of the city of Madison.,CSV
202604,14,1630,202604,14,1630,212188,1330392,WISCONSIN,55,2026,April,Hail,C,25,DANE,MKX,14-APR-26 16:30:00,CST-6,14-APR-26 16:30:00,0,0,0,0,0.00K,0.00K,Public,1.25,,,,,,,,,,,0,N,SUN PRAIRIE,0,N,SUN PRAIRIE,43.18,-89.2,43.18,-89.2,"Numerous severe thunderstorms developed across southern Wisconsin during the afternoon and evening hours as a wave of low pressure moved across a stationary front over the region. Two main supercell thunderstorms developed along and north of Interstate 94 between Madison and Milwaukee, which produced softball sized hail and an EF-2 tornado.  These storms would later merge while a squall line developed in south central Wisconsin which would then track through southeast Wisconsin.  Elsewhere, a few storms had brief rotations show up, producing a tornado near Endeavor. The supercell thunderstorms and squall line trained over the same locations producing flash flooding mainly in urban areas.",Public report of 1.25 inch diameter hail east of Sun Prairie.,CSV
202604,14,1646,202604,14,1646,212188,1330393,WISCONSIN,55,2026,April,Hail,C,27,DODGE,MKX,14-APR-26 16:46:00,CST-6,14-APR-26 16:46:00,0,0,0,0,0.00K,0.00K,Public,1.00,,,,,,,,,,,.86,NW,WATERTOWN,.86,NW,WATERTOWN,43.21,-88.73,43.21,-88.73,"Numerous severe thunderstorms developed across southern Wisconsin during the afternoon and evening hours as a wave of low pressure moved across a stationary front over the region. Two main supercell thunderstorms developed along and north of Interstate 94 between Madison and Milwaukee, which produced softball sized hail and an EF-2 tornado.  These storms would later merge while a squall line developed in south central Wisconsin which would then track through southeast Wisconsin.  Elsewhere, a few storms had brief rotations show up, producing a tornado near Endeavor. The supercell thunderstorms and squall line trained over the same locations producing flash flooding mainly in urban areas.",Public report of 1 inch diameter hail north of Watertown.,CSV
202604,14,1650,202604,14,1650,212188,1330394,WISCONSIN,55,2026,April,Hail,C,55,JEFFERSON,MKX,14-APR-26 16:50:00,CST-6,14-APR-26 16:50:00,0,0,0,0,0.00K,0.00K,Public,1.25,,,,,,,,,,,.86,SW,WATERTOWN,.86,SW,WATERTOWN,43.19,-88.73,43.19,-88.73,"Numerous severe thunderstorms developed across southern Wisconsin during the afternoon and evening hours as a wave of low pressure moved across a stationary front over the region. Two main supercell thunderstorms developed along and north of Interstate 94 between Madison and Milwaukee, which produced softball sized hail and an EF-2 tornado.  These storms would later merge while a squall line developed in south central Wisconsin which would then track through southeast Wisconsin.  Elsewhere, a few storms had brief rotations show up, producing a tornado near Endeavor. The supercell thunderstorms and squall line trained over the same locations producing flash flooding mainly in urban areas.",Public report of 1.25 inch diameter hail in Watertown.,CSV
202604,14,1719,202604,14,1719,212188,1330404,WISCONSIN,55,2026,April,Hail,C,27,DODGE,MKX,14-APR-26 17:19:00,CST-6,14-APR-26 17:19:00,0,0,0,0,0.00K,0.00K,Public,1.00,,,,,,,,,,,1.01,W,WATERTOWN,1.01,W,WATERTOWN,43.2,-88.74,43.2,-88.74,"Numerous severe thunderstorms developed across southern Wisconsin during the afternoon and evening hours as a wave of low pressure moved across a stationary front over the region. Two main supercell thunderstorms developed along and north of Interstate 94 between Madison and Milwaukee, which produced softball sized hail and an EF-2 tornado.  These storms would later merge while a squall line developed in south central Wisconsin which would then track through southeast Wisconsin.  Elsewhere, a few storms had brief rotations show up, producing a tornado near Endeavor. The supercell thunderstorms and squall line trained over the same locations producing flash flooding mainly in urban areas.",Public report of 1 inch diameter hail near Watertown.,CSV
202604,14,1724,202604,14,1724,212188,1330405,WISCONSIN,55,2026,April,Hail,C,77,MARQUETTE,MKX,14-APR-26 17:24:00,CST-6,14-APR-26 17:24:00,0,0,0,0,0.00K,0.00K,Public,2.00,,,,,,,,,,,3.3,WNW,ENDEAVOR,3.3,WNW,ENDEAVOR,43.72,-89.53,43.72,-89.53,"Numerous severe thunderstorms developed across southern Wisconsin during the afternoon and evening hours as a wave of low pressure moved across a stationary front over the region. Two main supercell thunderstorms developed along and north of Interstate 94 between Madison and Milwaukee, which produced softball sized hail and an EF-2 tornado.  These storms would later merge while a squall line developed in south central Wisconsin which would then track through southeast Wisconsin.  Elsewhere, a few storms had brief rotations show up, producing a tornado near Endeavor. The supercell thunderstorms and squall line trained over the same locations producing flash flooding mainly in urban areas.",Public report of 2 inch diameter hail west of Endeavor.,CSV
202604,14,1631,202604,14,1631,212188,1330406,WISCONSIN,55,2026,April,Hail,C,25,DANE,MKX,14-APR-26 16:31:00,CST-6,14-APR-26 16:31:00,0,0,0,0,0.00K,0.00K,Trained Spotter,2.75,,,,,,,,,,,1.22,SW,SEMINARY SPGS,1.22,SW,SEMINARY SPGS,43.09,-89.27,43.09,-89.27,"Numerous severe thunderstorms developed across southern Wisconsin during the afternoon and evening hours as a wave of low pressure moved across a stationary front over the region. Two main supercell thunderstorms developed along and north of Interstate 94 between Madison and Milwaukee, which produced softball sized hail and an EF-2 tornado.  These storms would later merge while a squall line developed in south central Wisconsin which would then track through southeast Wisconsin.  Elsewhere, a few storms had brief rotations show up, producing a tornado near Endeavor. The supercell thunderstorms and squall line trained over the same locations producing flash flooding mainly in urban areas.",Trained spotter reports 2.75 inch diameter hail west of Cottage Grove.,CSV
202604,2,1807,202604,2,1807,212464,1328932,WISCONSIN,55,2026,April,Hail,C,105,ROCK,MKX,02-APR-26 18:07:00,CST-6,02-APR-26 18:07:00,0,0,0,0,0.00K,0.00K,Emergency Manager,0.88,,,,,,,,,,,3.49,N,DOWNTOWN JANESVILLE,3.49,N,DOWNTOWN JANESVILLE,42.73,-89.03,42.73,-89.03,Low pressure and a warm front brought a round of severe thunderstorms to southern WI during the evening. Large hail and damaging straight-line winds occurred.,,CSV
202604,2,1719,202604,2,1719,212464,1328938,WISCONSIN,55,2026,April,Hail,C,105,ROCK,MKX,02-APR-26 17:19:00,CST-6,02-APR-26 17:19:00,0,0,0,0,,0.00K,Broadcast Media,1.25,,,,,,,,,,,.78,NW,DOWNTOWN JANESVILLE,.78,NW,DOWNTOWN JANESVILLE,42.6871,-89.032,42.6871,-89.032,Low pressure and a warm front brought a round of severe thunderstorms to southern WI during the evening. Large hail and damaging straight-line winds occurred.,,CSV
202604,2,1747,202604,2,1747,212464,1329012,WISCONSIN,55,2026,April,Hail,C,127,WALWORTH,MKX,02-APR-26 17:47:00,CST-6,02-APR-26 17:47:00,0,0,0,0,,0.00K,Public,1.00,,,,,,,,,,,1.51,W,WHITEWATER,1.51,W,WHITEWATER,42.83,-88.7598,42.83,-88.7598,Low pressure and a warm front brought a round of severe thunderstorms to southern WI during the evening. Large hail and damaging straight-line winds occurred.,,CSV
202604,2,1807,202604,2,1807,212464,1329016,WISCONSIN,55,2026,April,Hail,C,27,DODGE,MKX,02-APR-26 18:07:00,CST-6,02-APR-26 18:07:00,0,0,0,0,,0.00K,Social Media,1.25,,,,,,,,,,,.49,W,HORICON,.49,W,HORICON,43.4499,-88.6399,43.4499,-88.6399,Low pressure and a warm front brought a round of severe thunderstorms to southern WI during the evening. Large hail and damaging straight-line winds occurred.,,CSV
202604,2,1819,202604,2,1820,212464,1329070,WISCONSIN,55,2026,April,Thunderstorm Wind,C,127,WALWORTH,MKX,02-APR-26 18:19:00,CST-6,02-APR-26 18:20:00,0,0,0,0,8.00K,0.00K,911 Call Center,50.00,EG,,,,,,,,,,.44,WNW,WHITEWATER,.44,WNW,WHITEWATER,42.8314,-88.7384,42.8314,-88.7384,Low pressure and a warm front brought a round of severe thunderstorms to southern WI during the evening. Large hail and damaging straight-line winds occurred.,Several trees and powerlines down near Whitewater.,CSV
202604,2,1831,202604,2,1832,212464,1329071,WISCONSIN,55,2026,April,Thunderstorm Wind,C,127,WALWORTH,MKX,02-APR-26 18:31:00,CST-6,02-APR-26 18:32:00,0,0,0,0,4.00K,0.00K,911 Call Center,50.00,EG,,,,,,,,,,1.48,NNW,ELKHORN,1.48,NNW,ELKHORN,42.6906,-88.5586,42.6906,-88.5586,Low pressure and a warm front brought a round of severe thunderstorms to southern WI during the evening. Large hail and damaging straight-line winds occurred.,Several trees down in the Sugar Creek Township.,CSV
202604,27,1922,202604,27,1922,213228,1335075,WISCONSIN,55,2026,April,Hail,C,111,SAUK,MKX,27-APR-26 19:22:00,CST-6,27-APR-26 19:22:00,0,0,0,0,,0.00K,Emergency Manager,1.00,,,,,,,,,,,2.07,N,MERRIMAC,2.07,N,MERRIMAC,43.4,-89.62,43.4,-89.62,Scattered thunderstorms developed along a cold front. One storm produced large hail near Lake Wisconsin.,,CSV
202604,21,1121,202604,21,1121,213230,1335077,WISCONSIN,55,2026,April,Hail,C,79,MILWAUKEE,MKX,21-APR-26 11:21:00,CST-6,21-APR-26 11:21:00,0,0,0,0,,0.00K,Public,1.00,,,,,,,,,,,.86,NW,GREENFIELD,.86,NW,GREENFIELD,42.96,-88.01,42.96,-88.01,Scattered thunderstorms develop over far southeast WI with the passage of an upper level disturbance and the approach of a weak cold front. A couple storms produced large hail.,Pictures provided.,CSV
202604,21,1124,202604,21,1124,213230,1335078,WISCONSIN,55,2026,April,Hail,C,79,MILWAUKEE,MKX,21-APR-26 11:24:00,CST-6,21-APR-26 11:24:00,0,0,0,0,,0.00K,Official NWS Observations,1.00,,,,,,,,,,,.69,N,(MKE)MITCHELL APT MI,.69,N,(MKE)MITCHELL APT MI,42.96,-87.9,42.96,-87.9,Scattered thunderstorms develop over far southeast WI with the passage of an upper level disturbance and the approach of a weak cold front. A couple storms produced large hail.,Pictures provided by the weather observer at Mitchell Field.,CSV
202604,17,1546,202604,17,1555,211095,1319062,WISCONSIN,55,2026,April,Tornado,C,69,LINCOLN,GRB,17-APR-26 15:46:00,CST-6,17-APR-26 15:55:00,0,0,0,0,0.00K,0.00K,NWS Storm Survey,,,,,EF1,3.19,100,,,,,7.67,S,DOERING,4.69,S,DOERING,45.119,-89.472,45.163,-89.4544,"A severe weather outbreak unfolded across central and north-central Wisconsin during the afternoon and early evening of Friday (4/17). The event was triggered by a surface low-pressure system and cold front across the upper Midwest. ||NWS storm surveys confirmed 2 tornadoes that resulted in structural damage. A tornado formed 3 miles northwest of Glandon around 4:44 PM CDT and tracked into southeast Lincoln County producing EF-1 damage before dissipating around 4:55 PM CDT. Another tornado formed 3 miles west-southwest of Ringle in Marathon County around 4:46 PM CDT and dissipated around 5:03 PM CDT 5 miles southwest of Hogarty. This tornado produced EF-3 damage and destroyed 13 homes, produced major damage to 25 homes, with 101 homes reporting minor damage or affected by the tornado. An estimated $8.2 million worth of damage was reported from the tornado. ||Beyond the tornadic threat, the storms produced isolated large hail up to half dollar size and damaging winds. Heavy rainfall was another impact, with localized totals ranging from 1 to 4 inches. These torrential downpours caused flash flooding, particularly in Marshfield where 2.65 inches of rain fell and multiple vehicles were reported stranded in deep water.","The tornado that developed about 3 miles northwest of Glandon in Marathon County around 4:44 PM CDT crossed the Lincoln County line around 4:46 PM CDT.  The tornado tracked north-northeast and crossed County Road X and Highway 64, downing trees and producing significant damage to garages and outbuildings by tearing off most of the roof of a garage. The tornado dissipated 5 miles south of Doering at the end of Elm Ridge Road in Lincoln County around 4:55 PM CDT.  Total path length is estimated to be 4.33 miles long, with a width of 100 yards. Peak wind estimated to be around 110 mph.",CSV
202604,14,1527,202604,14,1527,212188,1329419,WISCONSIN,55,2026,April,Hail,C,25,DANE,MKX,14-APR-26 15:27:00,CST-6,14-APR-26 15:27:00,0,0,0,0,0.00K,0.00K,Public,1.00,,,,,,,,,,,1.71,NE,BLUE MOUNDS,1.71,NE,BLUE MOUNDS,43.04,-89.81,43.04,-89.81,"Numerous severe thunderstorms developed across southern Wisconsin during the afternoon and evening hours as a wave of low pressure moved across a stationary front over the region. Two main supercell thunderstorms developed along and north of Interstate 94 between Madison and Milwaukee, which produced softball sized hail and an EF-2 tornado.  These storms would later merge while a squall line developed in south central Wisconsin which would then track through southeast Wisconsin.  Elsewhere, a few storms had brief rotations show up, producing a tornado near Endeavor. The supercell thunderstorms and squall line trained over the same locations producing flash flooding mainly in urban areas.",Public report of 1 inch diameter hail near Blue Mounds. Time confirmed via radar data.,CSV
202604,14,1536,202604,14,1536,212188,1329420,WISCONSIN,55,2026,April,Hail,C,25,DANE,MKX,14-APR-26 15:36:00,CST-6,14-APR-26 15:36:00,0,0,0,0,,0.00K,Trained Spotter,2.75,,,,,,,,,,,.5,W,BLACK EARTH,.5,W,BLACK EARTH,43.13,-89.76,43.13,-89.76,"Numerous severe thunderstorms developed across southern Wisconsin during the afternoon and evening hours as a wave of low pressure moved across a stationary front over the region. Two main supercell thunderstorms developed along and north of Interstate 94 between Madison and Milwaukee, which produced softball sized hail and an EF-2 tornado.  These storms would later merge while a squall line developed in south central Wisconsin which would then track through southeast Wisconsin.  Elsewhere, a few storms had brief rotations show up, producing a tornado near Endeavor. The supercell thunderstorms and squall line trained over the same locations producing flash flooding mainly in urban areas.",Trained spotter reports 2.75 inch diameter hail with damaging to siding and roofs.,CSV
202604,14,1536,202604,14,1536,212188,1329421,WISCONSIN,55,2026,April,Hail,C,25,DANE,MKX,14-APR-26 15:36:00,CST-6,14-APR-26 15:36:00,0,0,0,0,0.00K,0.00K,Trained Spotter,1.75,,,,,,,,,,,2.05,SW,MAZOMANIE,2.05,SW,MAZOMANIE,43.15,-89.81,43.15,-89.81,"Numerous severe thunderstorms developed across southern Wisconsin during the afternoon and evening hours as a wave of low pressure moved across a stationary front over the region. Two main supercell thunderstorms developed along and north of Interstate 94 between Madison and Milwaukee, which produced softball sized hail and an EF-2 tornado.  These storms would later merge while a squall line developed in south central Wisconsin which would then track through southeast Wisconsin.  Elsewhere, a few storms had brief rotations show up, producing a tornado near Endeavor. The supercell thunderstorms and squall line trained over the same locations producing flash flooding mainly in urban areas.",Trained spotter reports 1.75 inch diameter hail near Mazomanie. Time confirmed via radar data.,CSV
202604,14,1549,202604,14,1549,212188,1329428,WISCONSIN,55,2026,April,Hail,C,25,DANE,MKX,14-APR-26 15:49:00,CST-6,14-APR-26 15:49:00,0,0,0,0,0.00K,0.00K,Public,1.25,,,,,,,,,,,2.13,SSW,SHOREWOOD HILLS,2.13,SSW,SHOREWOOD HILLS,43.05,-89.48,43.05,-89.48,"Numerous severe thunderstorms developed across southern Wisconsin during the afternoon and evening hours as a wave of low pressure moved across a stationary front over the region. Two main supercell thunderstorms developed along and north of Interstate 94 between Madison and Milwaukee, which produced softball sized hail and an EF-2 tornado.  These storms would later merge while a squall line developed in south central Wisconsin which would then track through southeast Wisconsin.  Elsewhere, a few storms had brief rotations show up, producing a tornado near Endeavor. The supercell thunderstorms and squall line trained over the same locations producing flash flooding mainly in urban areas.",Public report of 1.25 inch diameter hail southwest of Shorewood Hills. Time confirmed via radar data.,CSV
202604,14,1546,202604,14,1546,212188,1329429,WISCONSIN,55,2026,April,Hail,C,25,DANE,MKX,14-APR-26 15:46:00,CST-6,14-APR-26 15:46:00,0,0,0,0,0.00K,0.00K,Public,1.25,,,,,,,,,,,2.89,SW,SHOREWOOD HILLS,2.89,SW,SHOREWOOD HILLS,43.05,-89.51,43.05,-89.51,"Numerous severe thunderstorms developed across southern Wisconsin during the afternoon and evening hours as a wave of low pressure moved across a stationary front over the region. Two main supercell thunderstorms developed along and north of Interstate 94 between Madison and Milwaukee, which produced softball sized hail and an EF-2 tornado.  These storms would later merge while a squall line developed in south central Wisconsin which would then track through southeast Wisconsin.  Elsewhere, a few storms had brief rotations show up, producing a tornado near Endeavor. The supercell thunderstorms and squall line trained over the same locations producing flash flooding mainly in urban areas.",Public report of 1.25 inch diameter hail south of Middleton. Time confirmed via radar data.,CSV
202604,14,1546,202604,14,1546,212188,1329430,WISCONSIN,55,2026,April,Hail,C,25,DANE,MKX,14-APR-26 15:46:00,CST-6,14-APR-26 15:46:00,0,0,0,0,0.00K,0.00K,Public,1.25,,,,,,,,,,,2.88,WSW,SHOREWOOD HILLS,2.88,WSW,SHOREWOOD HILLS,43.06,-89.52,43.06,-89.52,"Numerous severe thunderstorms developed across southern Wisconsin during the afternoon and evening hours as a wave of low pressure moved across a stationary front over the region. Two main supercell thunderstorms developed along and north of Interstate 94 between Madison and Milwaukee, which produced softball sized hail and an EF-2 tornado.  These storms would later merge while a squall line developed in south central Wisconsin which would then track through southeast Wisconsin.  Elsewhere, a few storms had brief rotations show up, producing a tornado near Endeavor. The supercell thunderstorms and squall line trained over the same locations producing flash flooding mainly in urban areas.",Public report of 1.25 inch diameter hail south of Middleton. Time confirmed via radar data.,CSV
202604,14,1555,202604,14,1555,212188,1329437,WISCONSIN,55,2026,April,Hail,C,25,DANE,MKX,14-APR-26 15:55:00,CST-6,14-APR-26 15:55:00,0,0,0,0,0.00K,0.00K,Public,1.00,,,,,,,,,,,1.22,SE,SHOREWOOD HILLS,1.22,SE,SHOREWOOD HILLS,43.07,-89.45,43.07,-89.45,"Numerous severe thunderstorms developed across southern Wisconsin during the afternoon and evening hours as a wave of low pressure moved across a stationary front over the region. Two main supercell thunderstorms developed along and north of Interstate 94 between Madison and Milwaukee, which produced softball sized hail and an EF-2 tornado.  These storms would later merge while a squall line developed in south central Wisconsin which would then track through southeast Wisconsin.  Elsewhere, a few storms had brief rotations show up, producing a tornado near Endeavor. The supercell thunderstorms and squall line trained over the same locations producing flash flooding mainly in urban areas.",Public report of 1 inch diameter hail in Shorewood Hills. Time confirmed via radar data.,CSV
202604,14,1555,202604,14,1555,212188,1329438,WISCONSIN,55,2026,April,Hail,C,25,DANE,MKX,14-APR-26 15:55:00,CST-6,14-APR-26 15:55:00,0,0,0,0,0.00K,0.00K,Public,1.75,,,,,,,,,,,.5,W,PHEASANT BRANCH,.5,W,PHEASANT BRANCH,43.1,-89.49,43.1,-89.49,"Numerous severe thunderstorms developed across southern Wisconsin during the afternoon and evening hours as a wave of low pressure moved across a stationary front over the region. Two main supercell thunderstorms developed along and north of Interstate 94 between Madison and Milwaukee, which produced softball sized hail and an EF-2 tornado.  These storms would later merge while a squall line developed in south central Wisconsin which would then track through southeast Wisconsin.  Elsewhere, a few storms had brief rotations show up, producing a tornado near Endeavor. The supercell thunderstorms and squall line trained over the same locations producing flash flooding mainly in urban areas.",Public report of 1.75 inch diameter hail in Middleton. Time confirmed via radar data.,CSV
202604,14,1555,202604,14,1555,212188,1329439,WISCONSIN,55,2026,April,Hail,C,25,DANE,MKX,14-APR-26 15:55:00,CST-6,14-APR-26 15:55:00,0,0,0,0,0.00K,0.00K,Trained Spotter,2.50,,,,,,,,,,,.5,W,MIDDLETON,.5,W,MIDDLETON,43.1,-89.51,43.1,-89.51,"Numerous severe thunderstorms developed across southern Wisconsin during the afternoon and evening hours as a wave of low pressure moved across a stationary front over the region. Two main supercell thunderstorms developed along and north of Interstate 94 between Madison and Milwaukee, which produced softball sized hail and an EF-2 tornado.  These storms would later merge while a squall line developed in south central Wisconsin which would then track through southeast Wisconsin.  Elsewhere, a few storms had brief rotations show up, producing a tornado near Endeavor. The supercell thunderstorms and squall line trained over the same locations producing flash flooding mainly in urban areas.",Trained spotter reports 2.5 inch diameter hail in Middleton. Time confirmed via radar data.,CSV
202604,14,1600,202604,14,1600,212188,1330325,WISCONSIN,55,2026,April,Hail,C,25,DANE,MKX,14-APR-26 16:00:00,CST-6,14-APR-26 16:00:00,0,0,0,0,0.00K,0.00K,Public,1.00,,,,,,,,,,,.69,N,MENDOTA,.69,N,MENDOTA,43.14,-89.38,43.14,-89.38,"Numerous severe thunderstorms developed across southern Wisconsin during the afternoon and evening hours as a wave of low pressure moved across a stationary front over the region. Two main supercell thunderstorms developed along and north of Interstate 94 between Madison and Milwaukee, which produced softball sized hail and an EF-2 tornado.  These storms would later merge while a squall line developed in south central Wisconsin which would then track through southeast Wisconsin.  Elsewhere, a few storms had brief rotations show up, producing a tornado near Endeavor. The supercell thunderstorms and squall line trained over the same locations producing flash flooding mainly in urban areas.",Public report of 1 inch diameter hail near Maple Bluff.,CSV
202604,14,1602,202604,14,1602,212188,1330326,WISCONSIN,55,2026,April,Hail,C,25,DANE,MKX,14-APR-26 16:02:00,CST-6,14-APR-26 16:02:00,0,0,0,0,0.00K,0.00K,Trained Spotter,1.50,,,,,,,,,,,.5,W,MIDDLETON,.5,W,MIDDLETON,43.1,-89.51,43.1,-89.51,"Numerous severe thunderstorms developed across southern Wisconsin during the afternoon and evening hours as a wave of low pressure moved across a stationary front over the region. Two main supercell thunderstorms developed along and north of Interstate 94 between Madison and Milwaukee, which produced softball sized hail and an EF-2 tornado.  These storms would later merge while a squall line developed in south central Wisconsin which would then track through southeast Wisconsin.  Elsewhere, a few storms had brief rotations show up, producing a tornado near Endeavor. The supercell thunderstorms and squall line trained over the same locations producing flash flooding mainly in urban areas.",Trained spotter reports 1.5 inch diameter hail in Middleton.,CSV
202604,14,1602,202604,14,1602,212188,1330327,WISCONSIN,55,2026,April,Hail,C,25,DANE,MKX,14-APR-26 16:02:00,CST-6,14-APR-26 16:02:00,0,0,0,0,0.00K,0.00K,Trained Spotter,3.00,,,,,,,,,,,.86,SE,MENDOTA,.86,SE,MENDOTA,43.12,-89.37,43.12,-89.37,"Numerous severe thunderstorms developed across southern Wisconsin during the afternoon and evening hours as a wave of low pressure moved across a stationary front over the region. Two main supercell thunderstorms developed along and north of Interstate 94 between Madison and Milwaukee, which produced softball sized hail and an EF-2 tornado.  These storms would later merge while a squall line developed in south central Wisconsin which would then track through southeast Wisconsin.  Elsewhere, a few storms had brief rotations show up, producing a tornado near Endeavor. The supercell thunderstorms and squall line trained over the same locations producing flash flooding mainly in urban areas.",Trained spotter reports 3 inch diameter hail near Maple Bluff.,CSV
202604,14,1613,202604,14,1613,212188,1330334,WISCONSIN,55,2026,April,Hail,C,25,DANE,MKX,14-APR-26 16:13:00,CST-6,14-APR-26 16:13:00,0,0,0,0,0.00K,0.00K,Public,1.00,,,,,,,,,,,.86,NW,DOWNTOWN MADISON,.86,NW,DOWNTOWN MADISON,43.08,-89.43,43.08,-89.43,"Numerous severe thunderstorms developed across southern Wisconsin during the afternoon and evening hours as a wave of low pressure moved across a stationary front over the region. Two main supercell thunderstorms developed along and north of Interstate 94 between Madison and Milwaukee, which produced softball sized hail and an EF-2 tornado.  These storms would later merge while a squall line developed in south central Wisconsin which would then track through southeast Wisconsin.  Elsewhere, a few storms had brief rotations show up, producing a tornado near Endeavor. The supercell thunderstorms and squall line trained over the same locations producing flash flooding mainly in urban areas.",Public report of 1 inch diameter hail near Shorewood Hills.,CSV
202604,14,1613,202604,14,1613,212188,1330335,WISCONSIN,55,2026,April,Hail,C,25,DANE,MKX,14-APR-26 16:13:00,CST-6,14-APR-26 16:13:00,0,0,0,0,0.00K,0.00K,Public,1.00,,,,,,,,,,,1.22,NE,MENDOTA,1.22,NE,MENDOTA,43.14,-89.36,43.14,-89.36,"Numerous severe thunderstorms developed across southern Wisconsin during the afternoon and evening hours as a wave of low pressure moved across a stationary front over the region. Two main supercell thunderstorms developed along and north of Interstate 94 between Madison and Milwaukee, which produced softball sized hail and an EF-2 tornado.  These storms would later merge while a squall line developed in south central Wisconsin which would then track through southeast Wisconsin.  Elsewhere, a few storms had brief rotations show up, producing a tornado near Endeavor. The supercell thunderstorms and squall line trained over the same locations producing flash flooding mainly in urban areas.",Public report of 1 inch diameter hail north of Maple Bluff.,CSV
202604,14,1614,202604,14,1614,212188,1330336,WISCONSIN,55,2026,April,Hail,C,25,DANE,MKX,14-APR-26 16:14:00,CST-6,14-APR-26 16:14:00,0,0,0,0,0.00K,0.00K,Public,1.00,,,,,,,,,,,0,N,MENDOTA,0,N,MENDOTA,43.13,-89.38,43.13,-89.38,"Numerous severe thunderstorms developed across southern Wisconsin during the afternoon and evening hours as a wave of low pressure moved across a stationary front over the region. Two main supercell thunderstorms developed along and north of Interstate 94 between Madison and Milwaukee, which produced softball sized hail and an EF-2 tornado.  These storms would later merge while a squall line developed in south central Wisconsin which would then track through southeast Wisconsin.  Elsewhere, a few storms had brief rotations show up, producing a tornado near Endeavor. The supercell thunderstorms and squall line trained over the same locations producing flash flooding mainly in urban areas.",Public report of 1 inch diameter hail northwest of Maple Bluff.,CSV
202604,14,1622,202604,14,1622,212188,1330344,WISCONSIN,55,2026,April,Hail,C,25,DANE,MKX,14-APR-26 16:22:00,CST-6,14-APR-26 16:22:00,0,0,0,0,0.00K,0.00K,Trained Spotter,2.00,,,,,,,,,,,.5,W,SUN PRAIRIE,.5,W,SUN PRAIRIE,43.18,-89.21,43.18,-89.21,"Numerous severe thunderstorms developed across southern Wisconsin during the afternoon and evening hours as a wave of low pressure moved across a stationary front over the region. Two main supercell thunderstorms developed along and north of Interstate 94 between Madison and Milwaukee, which produced softball sized hail and an EF-2 tornado.  These storms would later merge while a squall line developed in south central Wisconsin which would then track through southeast Wisconsin.  Elsewhere, a few storms had brief rotations show up, producing a tornado near Endeavor. The supercell thunderstorms and squall line trained over the same locations producing flash flooding mainly in urban areas.",Trained spotter reports 2 inch diameter hail near Sun Prairie.,CSV
202604,14,1623,202604,14,1623,212188,1330345,WISCONSIN,55,2026,April,Hail,C,25,DANE,MKX,14-APR-26 16:23:00,CST-6,14-APR-26 16:23:00,0,0,0,0,0.00K,0.00K,Public,1.25,,,,,,,,,,,2.13,WSW,SUN PRAIRIE,2.13,WSW,SUN PRAIRIE,43.17,-89.24,43.17,-89.24,"Numerous severe thunderstorms developed across southern Wisconsin during the afternoon and evening hours as a wave of low pressure moved across a stationary front over the region. Two main supercell thunderstorms developed along and north of Interstate 94 between Madison and Milwaukee, which produced softball sized hail and an EF-2 tornado.  These storms would later merge while a squall line developed in south central Wisconsin which would then track through southeast Wisconsin.  Elsewhere, a few storms had brief rotations show up, producing a tornado near Endeavor. The supercell thunderstorms and squall line trained over the same locations producing flash flooding mainly in urban areas.",Public report of 1.25 inch diameter hail near Sun Prairie.,CSV
202604,14,1623,202604,14,1623,212188,1330346,WISCONSIN,55,2026,April,Hail,C,25,DANE,MKX,14-APR-26 16:23:00,CST-6,14-APR-26 16:23:00,0,0,0,0,0.00K,0.00K,Trained Spotter,1.25,,,,,,,,,,,2.13,ESE,MARXVILLE,2.13,ESE,MARXVILLE,43.17,-89.29,43.17,-89.29,"Numerous severe thunderstorms developed across southern Wisconsin during the afternoon and evening hours as a wave of low pressure moved across a stationary front over the region. Two main supercell thunderstorms developed along and north of Interstate 94 between Madison and Milwaukee, which produced softball sized hail and an EF-2 tornado.  These storms would later merge while a squall line developed in south central Wisconsin which would then track through southeast Wisconsin.  Elsewhere, a few storms had brief rotations show up, producing a tornado near Endeavor. The supercell thunderstorms and squall line trained over the same locations producing flash flooding mainly in urban areas.",Trained spotter reports 1.25 inch diameter hail west of Sun Prairie.,CSV
202604,14,1621,202604,14,1621,212188,1330358,WISCONSIN,55,2026,April,Hail,C,25,DANE,MKX,14-APR-26 16:21:00,CST-6,14-APR-26 16:21:00,0,0,0,0,0.00K,0.00K,Public,1.25,,,,,,,,,,,.69,S,TOKEN CREEK,.69,S,TOKEN CREEK,43.19,-89.28,43.19,-89.28,"Numerous severe thunderstorms developed across southern Wisconsin during the afternoon and evening hours as a wave of low pressure moved across a stationary front over the region. Two main supercell thunderstorms developed along and north of Interstate 94 between Madison and Milwaukee, which produced softball sized hail and an EF-2 tornado.  These storms would later merge while a squall line developed in south central Wisconsin which would then track through southeast Wisconsin.  Elsewhere, a few storms had brief rotations show up, producing a tornado near Endeavor. The supercell thunderstorms and squall line trained over the same locations producing flash flooding mainly in urban areas.",Public report of 1.25 inch diameter hail west of Sun Prairie.,CSV
202604,14,1621,202604,14,1621,212188,1330359,WISCONSIN,55,2026,April,Hail,C,25,DANE,MKX,14-APR-26 16:21:00,CST-6,14-APR-26 16:21:00,0,0,0,0,0.00K,0.00K,Trained Spotter,2.00,,,,,,,,,,,1.38,N,MONONA,1.38,N,MONONA,43.09,-89.32,43.09,-89.32,"Numerous severe thunderstorms developed across southern Wisconsin during the afternoon and evening hours as a wave of low pressure moved across a stationary front over the region. Two main supercell thunderstorms developed along and north of Interstate 94 between Madison and Milwaukee, which produced softball sized hail and an EF-2 tornado.  These storms would later merge while a squall line developed in south central Wisconsin which would then track through southeast Wisconsin.  Elsewhere, a few storms had brief rotations show up, producing a tornado near Endeavor. The supercell thunderstorms and squall line trained over the same locations producing flash flooding mainly in urban areas.",Trained spotter reports 2 inch diameter hail northeast of Monona.,CSV
202604,14,1630,202604,14,1630,212188,1330360,WISCONSIN,55,2026,April,Hail,C,25,DANE,MKX,14-APR-26 16:30:00,CST-6,14-APR-26 16:30:00,0,0,0,0,0.00K,0.00K,Public,1.00,,,,,,,,,,,2.13,ESE,TOKEN CREEK,2.13,ESE,TOKEN CREEK,43.19,-89.24,43.19,-89.24,"Numerous severe thunderstorms developed across southern Wisconsin during the afternoon and evening hours as a wave of low pressure moved across a stationary front over the region. Two main supercell thunderstorms developed along and north of Interstate 94 between Madison and Milwaukee, which produced softball sized hail and an EF-2 tornado.  These storms would later merge while a squall line developed in south central Wisconsin which would then track through southeast Wisconsin.  Elsewhere, a few storms had brief rotations show up, producing a tornado near Endeavor. The supercell thunderstorms and squall line trained over the same locations producing flash flooding mainly in urban areas.",Public report of 1 inch diameter hail near Sun Prairie.,CSV
202604,14,1640,202604,14,1640,212188,1330381,WISCONSIN,55,2026,April,Hail,C,49,IOWA,MKX,14-APR-26 16:40:00,CST-6,14-APR-26 16:40:00,0,0,0,0,0.00K,0.00K,Trained Spotter,1.75,,,,,,,,,,,0,N,COBB,0,N,COBB,42.97,-90.33,42.97,-90.33,"Numerous severe thunderstorms developed across southern Wisconsin during the afternoon and evening hours as a wave of low pressure moved across a stationary front over the region. Two main supercell thunderstorms developed along and north of Interstate 94 between Madison and Milwaukee, which produced softball sized hail and an EF-2 tornado.  These storms would later merge while a squall line developed in south central Wisconsin which would then track through southeast Wisconsin.  Elsewhere, a few storms had brief rotations show up, producing a tornado near Endeavor. The supercell thunderstorms and squall line trained over the same locations producing flash flooding mainly in urban areas.",Trained spotter reports 1.75 inch diameter hail in the town of Cobb.,CSV
202604,14,1634,202604,14,1634,212188,1330383,WISCONSIN,55,2026,April,Hail,C,25,DANE,MKX,14-APR-26 16:34:00,CST-6,14-APR-26 16:34:00,0,0,0,0,0.00K,0.00K,Public,1.75,,,,,,,,,,,1.01,W,COTTAGE GROVE ARPT,1.01,W,COTTAGE GROVE ARPT,43.1,-89.2,43.1,-89.2,"Numerous severe thunderstorms developed across southern Wisconsin during the afternoon and evening hours as a wave of low pressure moved across a stationary front over the region. Two main supercell thunderstorms developed along and north of Interstate 94 between Madison and Milwaukee, which produced softball sized hail and an EF-2 tornado.  These storms would later merge while a squall line developed in south central Wisconsin which would then track through southeast Wisconsin.  Elsewhere, a few storms had brief rotations show up, producing a tornado near Endeavor. The supercell thunderstorms and squall line trained over the same locations producing flash flooding mainly in urban areas.",Public report of 1.75 inch diameter hail near Cottage Grove.,CSV
202604,14,1631,202604,14,1631,212188,1330386,WISCONSIN,55,2026,April,Hail,C,25,DANE,MKX,14-APR-26 16:31:00,CST-6,14-APR-26 16:31:00,0,0,0,0,0.00K,0.00K,Trained Spotter,2.50,,,,,,,,,,,.5,W,SEMINARY SPGS,.5,W,SEMINARY SPGS,43.1,-89.26,43.1,-89.26,"Numerous severe thunderstorms developed across southern Wisconsin during the afternoon and evening hours as a wave of low pressure moved across a stationary front over the region. Two main supercell thunderstorms developed along and north of Interstate 94 between Madison and Milwaukee, which produced softball sized hail and an EF-2 tornado.  These storms would later merge while a squall line developed in south central Wisconsin which would then track through southeast Wisconsin.  Elsewhere, a few storms had brief rotations show up, producing a tornado near Endeavor. The supercell thunderstorms and squall line trained over the same locations producing flash flooding mainly in urban areas.",Trained spotter reports 2.5 inch diameter hail west of Cottage Grove.,CSV
202604,14,0,202604,14,0,212188,1330395,WISCONSIN,55,2026,April,Hail,C,25,DANE,MKX,14-APR-26 00:00:00,CST-6,14-APR-26 00:00:00,0,0,0,0,0.00K,0.00K,Trained Spotter,2.00,,,,,,,,,,,1.38,N,MONONA,1.38,N,MONONA,43.09,-89.32,43.09,-89.32,"Numerous severe thunderstorms developed across southern Wisconsin during the afternoon and evening hours as a wave of low pressure moved across a stationary front over the region. Two main supercell thunderstorms developed along and north of Interstate 94 between Madison and Milwaukee, which produced softball sized hail and an EF-2 tornado.  These storms would later merge while a squall line developed in south central Wisconsin which would then track through southeast Wisconsin.  Elsewhere, a few storms had brief rotations show up, producing a tornado near Endeavor. The supercell thunderstorms and squall line trained over the same locations producing flash flooding mainly in urban areas.",Trained spotter reports 2 inch diameter hail north of Monona.,CSV
202604,14,1652,202604,14,1652,212188,1330396,WISCONSIN,55,2026,April,Hail,C,55,JEFFERSON,MKX,14-APR-26 16:52:00,CST-6,14-APR-26 16:52:00,0,0,0,0,0.00K,0.00K,Trained Spotter,1.75,,,,,,,,,,,.69,S,WATERTOWN,.69,S,WATERTOWN,43.19,-88.72,43.19,-88.72,"Numerous severe thunderstorms developed across southern Wisconsin during the afternoon and evening hours as a wave of low pressure moved across a stationary front over the region. Two main supercell thunderstorms developed along and north of Interstate 94 between Madison and Milwaukee, which produced softball sized hail and an EF-2 tornado.  These storms would later merge while a squall line developed in south central Wisconsin which would then track through southeast Wisconsin.  Elsewhere, a few storms had brief rotations show up, producing a tornado near Endeavor. The supercell thunderstorms and squall line trained over the same locations producing flash flooding mainly in urban areas.",Trained spotter reports 1.75 inch diameter hail in Watertown.,CSV
202604,14,1654,202604,14,1654,212188,1330397,WISCONSIN,55,2026,April,Hail,C,55,JEFFERSON,MKX,14-APR-26 16:54:00,CST-6,14-APR-26 16:54:00,0,0,0,0,0.00K,0.00K,Public,1.00,,,,,,,,,,,.86,NW,WATERLOO,.86,NW,WATERLOO,43.19,-88.99,43.19,-88.99,"Numerous severe thunderstorms developed across southern Wisconsin during the afternoon and evening hours as a wave of low pressure moved across a stationary front over the region. Two main supercell thunderstorms developed along and north of Interstate 94 between Madison and Milwaukee, which produced softball sized hail and an EF-2 tornado.  These storms would later merge while a squall line developed in south central Wisconsin which would then track through southeast Wisconsin.  Elsewhere, a few storms had brief rotations show up, producing a tornado near Endeavor. The supercell thunderstorms and squall line trained over the same locations producing flash flooding mainly in urban areas.",Public report of 1 inch diameter hail in Waterloo.,CSV
202604,14,1730,202604,14,1730,212188,1330407,WISCONSIN,55,2026,April,Hail,C,131,WASHINGTON,MKX,14-APR-26 17:30:00,CST-6,14-APR-26 17:30:00,0,0,0,0,0.00K,0.00K,Public,1.00,,,,,,,,,,,.5,E,PLAT,.5,E,PLAT,43.2,-88.27,43.2,-88.27,"Numerous severe thunderstorms developed across southern Wisconsin during the afternoon and evening hours as a wave of low pressure moved across a stationary front over the region. Two main supercell thunderstorms developed along and north of Interstate 94 between Madison and Milwaukee, which produced softball sized hail and an EF-2 tornado.  These storms would later merge while a squall line developed in south central Wisconsin which would then track through southeast Wisconsin.  Elsewhere, a few storms had brief rotations show up, producing a tornado near Endeavor. The supercell thunderstorms and squall line trained over the same locations producing flash flooding mainly in urban areas.",Public report of 1 inch diameter hail southwest of Richfield.,CSV
202604,14,1629,202604,14,1629,212188,1330408,WISCONSIN,55,2026,April,Hail,C,25,DANE,MKX,14-APR-26 16:29:00,CST-6,14-APR-26 16:29:00,0,0,0,0,0.00K,0.00K,Trained Spotter,4.00,,,,,,,,,,,1.71,SW,BURKE,1.71,SW,BURKE,43.11,-89.29,43.11,-89.29,"Numerous severe thunderstorms developed across southern Wisconsin during the afternoon and evening hours as a wave of low pressure moved across a stationary front over the region. Two main supercell thunderstorms developed along and north of Interstate 94 between Madison and Milwaukee, which produced softball sized hail and an EF-2 tornado.  These storms would later merge while a squall line developed in south central Wisconsin which would then track through southeast Wisconsin.  Elsewhere, a few storms had brief rotations show up, producing a tornado near Endeavor. The supercell thunderstorms and squall line trained over the same locations producing flash flooding mainly in urban areas.",Trained spotter confirms 4 inch diameter hail east of Maple Bluff. Size confirmed via photograph. Time confirmed via radar data.,CSV
202604,14,1738,202604,14,1738,212188,1330410,WISCONSIN,55,2026,April,Hail,C,133,WAUKESHA,MKX,14-APR-26 17:38:00,CST-6,14-APR-26 17:38:00,0,0,0,0,0.00K,0.00K,Trained Spotter,2.00,,,,,,,,,,,1.01,W,MENOMONEE FALLS,1.01,W,MENOMONEE FALLS,43.18,-88.12,43.18,-88.12,"Numerous severe thunderstorms developed across southern Wisconsin during the afternoon and evening hours as a wave of low pressure moved across a stationary front over the region. Two main supercell thunderstorms developed along and north of Interstate 94 between Madison and Milwaukee, which produced softball sized hail and an EF-2 tornado.  These storms would later merge while a squall line developed in south central Wisconsin which would then track through southeast Wisconsin.  Elsewhere, a few storms had brief rotations show up, producing a tornado near Endeavor. The supercell thunderstorms and squall line trained over the same locations producing flash flooding mainly in urban areas.",Trained spotter reports 2 inch diameter hail northeast of Menomonee Falls.,CSV
202604,14,1747,202604,14,1747,212188,1330418,WISCONSIN,55,2026,April,Hail,C,131,WASHINGTON,MKX,14-APR-26 17:47:00,CST-6,14-APR-26 17:47:00,0,0,0,0,0.00K,0.00K,Public,1.00,,,,,,,,,,,.85,SE,ROCKFIELD,.85,SE,ROCKFIELD,43.24,-88.12,43.24,-88.12,"Numerous severe thunderstorms developed across southern Wisconsin during the afternoon and evening hours as a wave of low pressure moved across a stationary front over the region. Two main supercell thunderstorms developed along and north of Interstate 94 between Madison and Milwaukee, which produced softball sized hail and an EF-2 tornado.  These storms would later merge while a squall line developed in south central Wisconsin which would then track through southeast Wisconsin.  Elsewhere, a few storms had brief rotations show up, producing a tornado near Endeavor. The supercell thunderstorms and squall line trained over the same locations producing flash flooding mainly in urban areas.",Public report of 1 inch diameter hail in Germantown.,CSV
202604,14,1759,202604,14,1759,212188,1330419,WISCONSIN,55,2026,April,Hail,C,131,WASHINGTON,MKX,14-APR-26 17:59:00,CST-6,14-APR-26 17:59:00,0,0,0,0,0.00K,0.00K,Trained Spotter,1.25,,,,,,,,,,,2.13,SSW,GERMANTOWN,2.13,SSW,GERMANTOWN,43.2,-88.11,43.2,-88.11,"Numerous severe thunderstorms developed across southern Wisconsin during the afternoon and evening hours as a wave of low pressure moved across a stationary front over the region. Two main supercell thunderstorms developed along and north of Interstate 94 between Madison and Milwaukee, which produced softball sized hail and an EF-2 tornado.  These storms would later merge while a squall line developed in south central Wisconsin which would then track through southeast Wisconsin.  Elsewhere, a few storms had brief rotations show up, producing a tornado near Endeavor. The supercell thunderstorms and squall line trained over the same locations producing flash flooding mainly in urban areas.",Trained spotter reports 1.25 inch diameter hail southeast of Germantown.,CSV
202604,14,1759,202604,14,1759,212188,1330420,WISCONSIN,55,2026,April,Hail,C,131,WASHINGTON,MKX,14-APR-26 17:59:00,CST-6,14-APR-26 17:59:00,0,0,0,0,0.00K,0.00K,Public,1.00,,,,,,,,,,,1.47,SSW,GERMANTOWN,1.47,SSW,GERMANTOWN,43.21,-88.11,43.21,-88.11,"Numerous severe thunderstorms developed across southern Wisconsin during the afternoon and evening hours as a wave of low pressure moved across a stationary front over the region. Two main supercell thunderstorms developed along and north of Interstate 94 between Madison and Milwaukee, which produced softball sized hail and an EF-2 tornado.  These storms would later merge while a squall line developed in south central Wisconsin which would then track through southeast Wisconsin.  Elsewhere, a few storms had brief rotations show up, producing a tornado near Endeavor. The supercell thunderstorms and squall line trained over the same locations producing flash flooding mainly in urban areas.",Public report of 1 inch diameter hail southeast of Germantown.,CSV
202604,14,1848,202604,14,1848,212188,1330429,WISCONSIN,55,2026,April,Thunderstorm Wind,C,39,FOND DU LAC,MKX,14-APR-26 18:48:00,CST-6,14-APR-26 18:48:00,0,0,0,0,,,Trained Spotter,50.00,EG,,,,,,,,,,1.47,SSE,FOND DU LAC  AIRPORT,1.47,SSE,FOND DU LAC  AIRPORT,43.75,-88.48,43.75,-88.48,"Numerous severe thunderstorms developed across southern Wisconsin during the afternoon and evening hours as a wave of low pressure moved across a stationary front over the region. Two main supercell thunderstorms developed along and north of Interstate 94 between Madison and Milwaukee, which produced softball sized hail and an EF-2 tornado.  These storms would later merge while a squall line developed in south central Wisconsin which would then track through southeast Wisconsin.  Elsewhere, a few storms had brief rotations show up, producing a tornado near Endeavor. The supercell thunderstorms and squall line trained over the same locations producing flash flooding mainly in urban areas.",Trained spotter reports broken tree branches and limbs.,CSV
202604,14,1601,202604,14,1701,212188,1333772,WISCONSIN,55,2026,April,Flood,C,25,DANE,MKX,14-APR-26 16:01:00,CST-6,14-APR-26 17:01:00,0,0,0,0,1.00K,0.00K,Public,,,Heavy Rain,,,,,,,,,.98,N,PHEASANT BRANCH,.52,W,MADISON MOREY ARPT,43.114,-89.4832,43.1189,-89.5402,"Numerous severe thunderstorms developed across southern Wisconsin during the afternoon and evening hours as a wave of low pressure moved across a stationary front over the region. Two main supercell thunderstorms developed along and north of Interstate 94 between Madison and Milwaukee, which produced softball sized hail and an EF-2 tornado.  These storms would later merge while a squall line developed in south central Wisconsin which would then track through southeast Wisconsin.  Elsewhere, a few storms had brief rotations show up, producing a tornado near Endeavor. The supercell thunderstorms and squall line trained over the same locations producing flash flooding mainly in urban areas.",A creek overflowing and some yard and basement flooding.,CSV
202604,14,1730,202604,14,2030,212188,1333791,WISCONSIN,55,2026,April,Flash Flood,C,55,JEFFERSON,MKX,14-APR-26 17:30:00,CST-6,14-APR-26 20:30:00,0,0,0,0,40.00K,0.00K,Emergency Manager,,,Heavy Rain,,,,,,,,,.63,ESE,WATERTOWN,2.27,W,WATERTOWN,43.1959,-88.7088,43.1971,-88.765,"Numerous severe thunderstorms developed across southern Wisconsin during the afternoon and evening hours as a wave of low pressure moved across a stationary front over the region. Two main supercell thunderstorms developed along and north of Interstate 94 between Madison and Milwaukee, which produced softball sized hail and an EF-2 tornado.  These storms would later merge while a squall line developed in south central Wisconsin which would then track through southeast Wisconsin.  Elsewhere, a few storms had brief rotations show up, producing a tornado near Endeavor. The supercell thunderstorms and squall line trained over the same locations producing flash flooding mainly in urban areas.",Flash flooding of streets in Watertown. A few stranded vehicles across the city.  A 3 to 4 foot sinkhole occurred due to the floodwaters.,CSV
202604,21,1126,202604,21,1126,213230,1335079,WISCONSIN,55,2026,April,Hail,C,79,MILWAUKEE,MKX,21-APR-26 11:26:00,CST-6,21-APR-26 11:26:00,0,0,0,0,,0.00K,Public,1.00,,,,,,,,,,,1.01,W,(MKE)MITCHELL APT MI,1.01,W,(MKE)MITCHELL APT MI,42.95,-87.92,42.95,-87.92,Scattered thunderstorms develop over far southeast WI with the passage of an upper level disturbance and the approach of a weak cold front. A couple storms produced large hail.,,CSV
202604,21,1154,202604,21,1154,213230,1335080,WISCONSIN,55,2026,April,Hail,C,101,RACINE,MKX,21-APR-26 11:54:00,CST-6,21-APR-26 11:54:00,0,0,0,0,0.00K,0.00K,Public,0.88,,,,,,,,,,,1.23,NE,NORTH CAPE,1.23,NE,NORTH CAPE,42.79,-88.05,42.79,-88.05,Scattered thunderstorms develop over far southeast WI with the passage of an upper level disturbance and the approach of a weak cold front. A couple storms produced large hail.,,CSV
202604,21,1156,202604,21,1156,213230,1335081,WISCONSIN,55,2026,April,Hail,C,101,RACINE,MKX,21-APR-26 11:56:00,CST-6,21-APR-26 11:56:00,0,0,0,0,0.00K,0.00K,Public,1.00,,,,,,,,,,,2.07,S,UNION GROVE HRNR ARP,2.07,S,UNION GROVE HRNR ARP,42.77,-88.13,42.77,-88.13,Scattered thunderstorms develop over far southeast WI with the passage of an upper level disturbance and the approach of a weak cold front. A couple storms produced large hail.,,CSV
202604,21,1219,202604,21,1219,213230,1335082,WISCONSIN,55,2026,April,Hail,C,101,RACINE,MKX,21-APR-26 12:19:00,CST-6,21-APR-26 12:19:00,0,0,0,0,,0.00K,Public,1.00,,,,,,,,,,,2.31,SSE,ELMWOOD PARK,2.31,SSE,ELMWOOD PARK,42.67,-87.81,42.67,-87.81,Scattered thunderstorms develop over far southeast WI with the passage of an upper level disturbance and the approach of a weak cold front. A couple storms produced large hail.,,CSV
202604,17,1546,202604,17,1603,211095,1319063,WISCONSIN,55,2026,April,Tornado,C,73,MARATHON,GRB,17-APR-26 15:46:00,CST-6,17-APR-26 16:03:00,0,0,0,0,8.20M,0.00K,NWS Storm Survey,,,,,EF3,13.53,600,,,,,4.38,SSE,SCHOFIELD,4.47,SSE,KALINKE,44.8414,-89.5661,44.9695,-89.3675,"A severe weather outbreak unfolded across central and north-central Wisconsin during the afternoon and early evening of Friday (4/17). The event was triggered by a surface low-pressure system and cold front across the upper Midwest. ||NWS storm surveys confirmed 2 tornadoes that resulted in structural damage. A tornado formed 3 miles northwest of Glandon around 4:44 PM CDT and tracked into southeast Lincoln County producing EF-1 damage before dissipating around 4:55 PM CDT. Another tornado formed 3 miles west-southwest of Ringle in Marathon County around 4:46 PM CDT and dissipated around 5:03 PM CDT 5 miles southwest of Hogarty. This tornado produced EF-3 damage and destroyed 13 homes, produced major damage to 25 homes, with 101 homes reporting minor damage or affected by the tornado. An estimated $8.2 million worth of damage was reported from the tornado. ||Beyond the tornadic threat, the storms produced isolated large hail up to half dollar size and damaging winds. Heavy rainfall was another impact, with localized totals ranging from 1 to 4 inches. These torrential downpours caused flash flooding, particularly in Marshfield where 2.65 inches of rain fell and multiple vehicles were reported stranded in deep water.","A tornado developed about 3 miles west-southwest of Ringle, east of Kronenwetter near Martin and Creek Road, at about 4:46 PM CDT. The tornado moved northeast, crossing highway 29 and downing hundreds of trees. It then moved through neighborhoods along and near River Road from Shady Lane to north of Clubhouse Road.  In this area, dozens of homes suffered significant roof damage, with failures of attached garages common. At least three homes in this area had complete removal of their roofs with failure of all external walls and several interior walls, consistent with EF-3 damage. Hundreds more trees were downed in this area, with many snapped near the base. Multiple sheds and outbuildings were destroyed. The tornado continued northeast, closely following the Eau Claire River, and dissipated between Gold Dust Road and County Road Z, 5 miles southwest of Hogarty, at about 5:03 PM CDT. The tornado destroyed 13 homes, produced major damage to 25 homes, with 101 homes reporting minor damage or affected by the tornado. An estimated $8.2 million worth of damage was reported from the tornado. Total path length is estimated to be 13.53 miles long, with a width of 600 yards. Peak wind estimated to be around 145 mph.",CSV
202604,14,1617,202604,14,1617,212188,1330337,WISCONSIN,55,2026,April,Hail,C,25,DANE,MKX,14-APR-26 16:17:00,CST-6,14-APR-26 16:17:00,0,0,0,0,0.00K,0.00K,Trained Spotter,1.00,,,,,,,,,,,1.22,NE,CAMP RANDALL STADIUM,1.22,NE,CAMP RANDALL STADIUM,43.08,-89.39,43.08,-89.39,"Numerous severe thunderstorms developed across southern Wisconsin during the afternoon and evening hours as a wave of low pressure moved across a stationary front over the region. Two main supercell thunderstorms developed along and north of Interstate 94 between Madison and Milwaukee, which produced softball sized hail and an EF-2 tornado.  These storms would later merge while a squall line developed in south central Wisconsin which would then track through southeast Wisconsin.  Elsewhere, a few storms had brief rotations show up, producing a tornado near Endeavor. The supercell thunderstorms and squall line trained over the same locations producing flash flooding mainly in urban areas.",Trained spotter reports 1 inch diameter hail in Madison.,CSV
202604,14,1617,202604,14,1617,212188,1330338,WISCONSIN,55,2026,April,Hail,C,25,DANE,MKX,14-APR-26 16:17:00,CST-6,14-APR-26 16:17:00,0,0,0,0,0.00K,0.00K,Public,1.00,,,,,,,,,,,1.01,E,NORTH MADISON,1.01,E,NORTH MADISON,43.12,-89.31,43.12,-89.31,"Numerous severe thunderstorms developed across southern Wisconsin during the afternoon and evening hours as a wave of low pressure moved across a stationary front over the region. Two main supercell thunderstorms developed along and north of Interstate 94 between Madison and Milwaukee, which produced softball sized hail and an EF-2 tornado.  These storms would later merge while a squall line developed in south central Wisconsin which would then track through southeast Wisconsin.  Elsewhere, a few storms had brief rotations show up, producing a tornado near Endeavor. The supercell thunderstorms and squall line trained over the same locations producing flash flooding mainly in urban areas.",Public report of 1 inch diameter hail east of Maple Bluff.,CSV
202604,14,1617,202604,14,1617,212188,1330340,WISCONSIN,55,2026,April,Hail,C,25,DANE,MKX,14-APR-26 16:17:00,CST-6,14-APR-26 16:17:00,0,0,0,0,0.00K,0.00K,Public,1.50,,,,,,,,,,,1.66,ENE,CAMP RANDALL STADIUM,1.66,ENE,CAMP RANDALL STADIUM,43.08,-89.38,43.08,-89.38,"Numerous severe thunderstorms developed across southern Wisconsin during the afternoon and evening hours as a wave of low pressure moved across a stationary front over the region. Two main supercell thunderstorms developed along and north of Interstate 94 between Madison and Milwaukee, which produced softball sized hail and an EF-2 tornado.  These storms would later merge while a squall line developed in south central Wisconsin which would then track through southeast Wisconsin.  Elsewhere, a few storms had brief rotations show up, producing a tornado near Endeavor. The supercell thunderstorms and squall line trained over the same locations producing flash flooding mainly in urban areas.",Public report of 1.5 inch diameter hail in Madison.,CSV
202604,14,1624,202604,14,1624,212188,1330347,WISCONSIN,55,2026,April,Hail,C,25,DANE,MKX,14-APR-26 16:24:00,CST-6,14-APR-26 16:24:00,0,0,0,0,0.00K,0.00K,Trained Spotter,2.50,,,,,,,,,,,.5,E,NORTH MADISON,.5,E,NORTH MADISON,43.12,-89.32,43.12,-89.32,"Numerous severe thunderstorms developed across southern Wisconsin during the afternoon and evening hours as a wave of low pressure moved across a stationary front over the region. Two main supercell thunderstorms developed along and north of Interstate 94 between Madison and Milwaukee, which produced softball sized hail and an EF-2 tornado.  These storms would later merge while a squall line developed in south central Wisconsin which would then track through southeast Wisconsin.  Elsewhere, a few storms had brief rotations show up, producing a tornado near Endeavor. The supercell thunderstorms and squall line trained over the same locations producing flash flooding mainly in urban areas.",Trained spotter reports 2.5 inch diameter hail east of Maple Bluff.,CSV
202604,14,1620,202604,14,1620,212188,1330348,WISCONSIN,55,2026,April,Hail,C,25,DANE,MKX,14-APR-26 16:20:00,CST-6,14-APR-26 16:20:00,0,0,0,0,0.00K,0.00K,Trained Spotter,3.00,,,,,,,,,,,.5,E,MAPLE BLUFF,.5,E,MAPLE BLUFF,43.1,-89.34,43.1,-89.34,"Numerous severe thunderstorms developed across southern Wisconsin during the afternoon and evening hours as a wave of low pressure moved across a stationary front over the region. Two main supercell thunderstorms developed along and north of Interstate 94 between Madison and Milwaukee, which produced softball sized hail and an EF-2 tornado.  These storms would later merge while a squall line developed in south central Wisconsin which would then track through southeast Wisconsin.  Elsewhere, a few storms had brief rotations show up, producing a tornado near Endeavor. The supercell thunderstorms and squall line trained over the same locations producing flash flooding mainly in urban areas.",Trained spotter reports 3 inch diameter hail near Maple Bluff.,CSV
202604,14,1626,202604,14,1626,212188,1330349,WISCONSIN,55,2026,April,Hail,C,25,DANE,MKX,14-APR-26 16:26:00,CST-6,14-APR-26 16:26:00,0,0,0,0,0.00K,0.00K,Public,1.75,,,,,,,,,,,1.22,SW,SEMINARY SPGS,1.22,SW,SEMINARY SPGS,43.09,-89.27,43.09,-89.27,"Numerous severe thunderstorms developed across southern Wisconsin during the afternoon and evening hours as a wave of low pressure moved across a stationary front over the region. Two main supercell thunderstorms developed along and north of Interstate 94 between Madison and Milwaukee, which produced softball sized hail and an EF-2 tornado.  These storms would later merge while a squall line developed in south central Wisconsin which would then track through southeast Wisconsin.  Elsewhere, a few storms had brief rotations show up, producing a tornado near Endeavor. The supercell thunderstorms and squall line trained over the same locations producing flash flooding mainly in urban areas.",Public report of 1.75 inch diameter hail west of Cottage Grove.,CSV
202604,14,1632,202604,14,1632,212188,1330362,WISCONSIN,55,2026,April,Hail,C,25,DANE,MKX,14-APR-26 16:32:00,CST-6,14-APR-26 16:32:00,0,0,0,0,0.00K,0.00K,Public,1.75,,,,,,,,,,,1.71,NW,COTTAGE GROVE ARPT,1.71,NW,COTTAGE GROVE ARPT,43.12,-89.2,43.12,-89.2,"Numerous severe thunderstorms developed across southern Wisconsin during the afternoon and evening hours as a wave of low pressure moved across a stationary front over the region. Two main supercell thunderstorms developed along and north of Interstate 94 between Madison and Milwaukee, which produced softball sized hail and an EF-2 tornado.  These storms would later merge while a squall line developed in south central Wisconsin which would then track through southeast Wisconsin.  Elsewhere, a few storms had brief rotations show up, producing a tornado near Endeavor. The supercell thunderstorms and squall line trained over the same locations producing flash flooding mainly in urban areas.",Public report of 1.75 inch diameter hail north of Cottage Grove.,CSV
202604,14,1617,202604,14,1617,212188,1330364,WISCONSIN,55,2026,April,Hail,C,25,DANE,MKX,14-APR-26 16:17:00,CST-6,14-APR-26 16:17:00,0,0,0,0,0.00K,0.00K,Trained Spotter,2.00,,,,,,,,,,,.5,W,MAPLE BLUFF,.5,W,MAPLE BLUFF,43.1,-89.36,43.1,-89.36,"Numerous severe thunderstorms developed across southern Wisconsin during the afternoon and evening hours as a wave of low pressure moved across a stationary front over the region. Two main supercell thunderstorms developed along and north of Interstate 94 between Madison and Milwaukee, which produced softball sized hail and an EF-2 tornado.  These storms would later merge while a squall line developed in south central Wisconsin which would then track through southeast Wisconsin.  Elsewhere, a few storms had brief rotations show up, producing a tornado near Endeavor. The supercell thunderstorms and squall line trained over the same locations producing flash flooding mainly in urban areas.",Trained spotter reports 2 inch diameter hail near Maple Bluff.,CSV
202604,14,1621,202604,14,1621,212188,1330367,WISCONSIN,55,2026,April,Hail,C,25,DANE,MKX,14-APR-26 16:21:00,CST-6,14-APR-26 16:21:00,0,0,0,0,0.00K,0.00K,Public,1.75,,,,,,,,,,,1.01,E,MADISON TRUAX AIRPORT,1.01,E,MADISON TRUAX AIRPORT,43.14,-89.31,43.14,-89.31,"Numerous severe thunderstorms developed across southern Wisconsin during the afternoon and evening hours as a wave of low pressure moved across a stationary front over the region. Two main supercell thunderstorms developed along and north of Interstate 94 between Madison and Milwaukee, which produced softball sized hail and an EF-2 tornado.  These storms would later merge while a squall line developed in south central Wisconsin which would then track through southeast Wisconsin.  Elsewhere, a few storms had brief rotations show up, producing a tornado near Endeavor. The supercell thunderstorms and squall line trained over the same locations producing flash flooding mainly in urban areas.",Public report of 1.75 inch diameter hail northeast of Maple Bluff.,CSV
202604,14,1647,202604,14,1647,212188,1330388,WISCONSIN,55,2026,April,Hail,C,55,JEFFERSON,MKX,14-APR-26 16:47:00,CST-6,14-APR-26 16:47:00,0,0,0,0,0.00K,0.00K,Public,1.00,,,,,,,,,,,.86,SW,WATERTOWN,.86,SW,WATERTOWN,43.19,-88.73,43.19,-88.73,"Numerous severe thunderstorms developed across southern Wisconsin during the afternoon and evening hours as a wave of low pressure moved across a stationary front over the region. Two main supercell thunderstorms developed along and north of Interstate 94 between Madison and Milwaukee, which produced softball sized hail and an EF-2 tornado.  These storms would later merge while a squall line developed in south central Wisconsin which would then track through southeast Wisconsin.  Elsewhere, a few storms had brief rotations show up, producing a tornado near Endeavor. The supercell thunderstorms and squall line trained over the same locations producing flash flooding mainly in urban areas.",Public report of 1 inch diameter hail in Watertown.,CSV
202604,14,1648,202604,14,1648,212188,1330390,WISCONSIN,55,2026,April,Hail,C,55,JEFFERSON,MKX,14-APR-26 16:48:00,CST-6,14-APR-26 16:48:00,0,0,0,0,0.00K,0.00K,Trained Spotter,1.75,,,,,,,,,,,2.13,ENE,GRELLTON,2.13,ENE,GRELLTON,43.14,-88.74,43.14,-88.74,"Numerous severe thunderstorms developed across southern Wisconsin during the afternoon and evening hours as a wave of low pressure moved across a stationary front over the region. Two main supercell thunderstorms developed along and north of Interstate 94 between Madison and Milwaukee, which produced softball sized hail and an EF-2 tornado.  These storms would later merge while a squall line developed in south central Wisconsin which would then track through southeast Wisconsin.  Elsewhere, a few storms had brief rotations show up, producing a tornado near Endeavor. The supercell thunderstorms and squall line trained over the same locations producing flash flooding mainly in urban areas.",Trained spotter reports 1.75 inch diameter hail south of Watertown.,CSV
202604,14,1648,202604,14,1648,212188,1330391,WISCONSIN,55,2026,April,Hail,C,55,JEFFERSON,MKX,14-APR-26 16:48:00,CST-6,14-APR-26 16:48:00,0,0,0,0,0.00K,0.00K,Trained Spotter,1.00,,,,,,,,,,,.86,NW,WATERLOO,.86,NW,WATERLOO,43.19,-88.99,43.19,-88.99,"Numerous severe thunderstorms developed across southern Wisconsin during the afternoon and evening hours as a wave of low pressure moved across a stationary front over the region. Two main supercell thunderstorms developed along and north of Interstate 94 between Madison and Milwaukee, which produced softball sized hail and an EF-2 tornado.  These storms would later merge while a squall line developed in south central Wisconsin which would then track through southeast Wisconsin.  Elsewhere, a few storms had brief rotations show up, producing a tornado near Endeavor. The supercell thunderstorms and squall line trained over the same locations producing flash flooding mainly in urban areas.",Trained spotter reports 1 inch diameter hail in Waterloo.,CSV
202604,14,1651,202604,14,1651,212188,1330398,WISCONSIN,55,2026,April,Hail,C,55,JEFFERSON,MKX,14-APR-26 16:51:00,CST-6,14-APR-26 16:51:00,0,0,0,0,0.00K,0.00K,Trained Spotter,2.75,,,,,,,,,,,1.51,E,WATERTOWN AIRPORT,1.51,E,WATERTOWN AIRPORT,43.17,-88.69,43.17,-88.69,"Numerous severe thunderstorms developed across southern Wisconsin during the afternoon and evening hours as a wave of low pressure moved across a stationary front over the region. Two main supercell thunderstorms developed along and north of Interstate 94 between Madison and Milwaukee, which produced softball sized hail and an EF-2 tornado.  These storms would later merge while a squall line developed in south central Wisconsin which would then track through southeast Wisconsin.  Elsewhere, a few storms had brief rotations show up, producing a tornado near Endeavor. The supercell thunderstorms and squall line trained over the same locations producing flash flooding mainly in urban areas.",Trained spotter reports 2.75 inch diameter hail southeast of Watertown.,CSV
202604,14,1700,202604,14,1700,212188,1330399,WISCONSIN,55,2026,April,Hail,C,55,JEFFERSON,MKX,14-APR-26 17:00:00,CST-6,14-APR-26 17:00:00,0,0,0,0,0.00K,0.00K,Trained Spotter,1.00,,,,,,,,,,,4.1,NW,LAKE MILLS,4.1,NW,LAKE MILLS,43.12,-88.96,43.12,-88.96,"Numerous severe thunderstorms developed across southern Wisconsin during the afternoon and evening hours as a wave of low pressure moved across a stationary front over the region. Two main supercell thunderstorms developed along and north of Interstate 94 between Madison and Milwaukee, which produced softball sized hail and an EF-2 tornado.  These storms would later merge while a squall line developed in south central Wisconsin which would then track through southeast Wisconsin.  Elsewhere, a few storms had brief rotations show up, producing a tornado near Endeavor. The supercell thunderstorms and squall line trained over the same locations producing flash flooding mainly in urban areas.",Trained spotter reports 1 inch diameter hail northwest of Lake Mills.,CSV
202604,14,1701,202604,14,1701,212188,1330400,WISCONSIN,55,2026,April,Hail,C,25,DANE,MKX,14-APR-26 17:01:00,CST-6,14-APR-26 17:01:00,0,0,0,0,0.00K,0.00K,Trained Spotter,1.50,,,,,,,,,,,5.24,NNE,LONDON,5.24,NNE,LONDON,43.12,-88.96,43.12,-88.96,"Numerous severe thunderstorms developed across southern Wisconsin during the afternoon and evening hours as a wave of low pressure moved across a stationary front over the region. Two main supercell thunderstorms developed along and north of Interstate 94 between Madison and Milwaukee, which produced softball sized hail and an EF-2 tornado.  These storms would later merge while a squall line developed in south central Wisconsin which would then track through southeast Wisconsin.  Elsewhere, a few storms had brief rotations show up, producing a tornado near Endeavor. The supercell thunderstorms and squall line trained over the same locations producing flash flooding mainly in urban areas.",Trained spotter reports 1.5 inch diameter hail.,CSV
202604,14,1738,202604,14,1738,212188,1330411,WISCONSIN,55,2026,April,Hail,C,133,WAUKESHA,MKX,14-APR-26 17:38:00,CST-6,14-APR-26 17:38:00,0,0,0,0,0.00K,0.00K,Public,1.25,,,,,,,,,,,1.51,W,MENOMONEE FALLS,1.51,W,MENOMONEE FALLS,43.18,-88.13,43.18,-88.13,"Numerous severe thunderstorms developed across southern Wisconsin during the afternoon and evening hours as a wave of low pressure moved across a stationary front over the region. Two main supercell thunderstorms developed along and north of Interstate 94 between Madison and Milwaukee, which produced softball sized hail and an EF-2 tornado.  These storms would later merge while a squall line developed in south central Wisconsin which would then track through southeast Wisconsin.  Elsewhere, a few storms had brief rotations show up, producing a tornado near Endeavor. The supercell thunderstorms and squall line trained over the same locations producing flash flooding mainly in urban areas.",Public report of 1.25 inch diameter hail near Menomonee Falls.,CSV
202604,14,1734,202604,14,1734,212188,1330412,WISCONSIN,55,2026,April,Hail,C,133,WAUKESHA,MKX,14-APR-26 17:34:00,CST-6,14-APR-26 17:34:00,0,0,0,0,0.00K,0.00K,Public,1.25,,,,,,,,,,,4.09,E,MONCHES,4.09,E,MONCHES,43.19,-88.25,43.19,-88.25,"Numerous severe thunderstorms developed across southern Wisconsin during the afternoon and evening hours as a wave of low pressure moved across a stationary front over the region. Two main supercell thunderstorms developed along and north of Interstate 94 between Madison and Milwaukee, which produced softball sized hail and an EF-2 tornado.  These storms would later merge while a squall line developed in south central Wisconsin which would then track through southeast Wisconsin.  Elsewhere, a few storms had brief rotations show up, producing a tornado near Endeavor. The supercell thunderstorms and squall line trained over the same locations producing flash flooding mainly in urban areas.",Public report of 1.25 inch diameter hail south of Richfield.,CSV
202604,14,1740,202604,14,1740,212188,1330413,WISCONSIN,55,2026,April,Hail,C,79,MILWAUKEE,MKX,14-APR-26 17:40:00,CST-6,14-APR-26 17:40:00,0,0,0,0,0.00K,0.00K,Public,1.00,,,,,,,,,,,1.01,W,MILWAUKEE TIMMERMAN AIRPORT,1.01,W,MILWAUKEE TIMMERMAN AIRPORT,43.11,-88.05,43.11,-88.05,"Numerous severe thunderstorms developed across southern Wisconsin during the afternoon and evening hours as a wave of low pressure moved across a stationary front over the region. Two main supercell thunderstorms developed along and north of Interstate 94 between Madison and Milwaukee, which produced softball sized hail and an EF-2 tornado.  These storms would later merge while a squall line developed in south central Wisconsin which would then track through southeast Wisconsin.  Elsewhere, a few storms had brief rotations show up, producing a tornado near Endeavor. The supercell thunderstorms and squall line trained over the same locations producing flash flooding mainly in urban areas.",Public report of 1 inch diameter hail east of Butler.,CSV
202604,14,1802,202604,14,1802,212188,1330421,WISCONSIN,55,2026,April,Hail,C,39,FOND DU LAC,MKX,14-APR-26 18:02:00,CST-6,14-APR-26 18:02:00,0,0,0,0,0.00K,0.00K,Public,1.00,,,,,,,,,,,.85,NW,RIPON,.85,NW,RIPON,43.84,-88.84,43.84,-88.84,"Numerous severe thunderstorms developed across southern Wisconsin during the afternoon and evening hours as a wave of low pressure moved across a stationary front over the region. Two main supercell thunderstorms developed along and north of Interstate 94 between Madison and Milwaukee, which produced softball sized hail and an EF-2 tornado.  These storms would later merge while a squall line developed in south central Wisconsin which would then track through southeast Wisconsin.  Elsewhere, a few storms had brief rotations show up, producing a tornado near Endeavor. The supercell thunderstorms and squall line trained over the same locations producing flash flooding mainly in urban areas.",Public report of 1 inch diameter hail in Ripon.,CSV
202604,14,1623,202604,14,1623,212188,1330422,WISCONSIN,55,2026,April,Hail,C,25,DANE,MKX,14-APR-26 16:23:00,CST-6,14-APR-26 16:23:00,0,0,0,0,0.00K,0.00K,Trained Spotter,2.75,,,,,,,,,,,1.71,NE,MONONA,1.71,NE,MONONA,43.09,-89.3,43.09,-89.3,"Numerous severe thunderstorms developed across southern Wisconsin during the afternoon and evening hours as a wave of low pressure moved across a stationary front over the region. Two main supercell thunderstorms developed along and north of Interstate 94 between Madison and Milwaukee, which produced softball sized hail and an EF-2 tornado.  These storms would later merge while a squall line developed in south central Wisconsin which would then track through southeast Wisconsin.  Elsewhere, a few storms had brief rotations show up, producing a tornado near Endeavor. The supercell thunderstorms and squall line trained over the same locations producing flash flooding mainly in urban areas.",Trained spotter reports 2.75 inch diameter hail northeast of Monona.,CSV
202604,14,1800,202604,14,1800,212188,1330423,WISCONSIN,55,2026,April,Thunderstorm Wind,C,25,DANE,MKX,14-APR-26 18:00:00,CST-6,14-APR-26 18:00:00,0,0,0,0,0.00K,0.00K,Trained Spotter,61.00,EG,,,,,,,,,,4.11,NE,PRIMROSE,4.11,NE,PRIMROSE,42.94,-89.61,42.94,-89.61,"Numerous severe thunderstorms developed across southern Wisconsin during the afternoon and evening hours as a wave of low pressure moved across a stationary front over the region. Two main supercell thunderstorms developed along and north of Interstate 94 between Madison and Milwaukee, which produced softball sized hail and an EF-2 tornado.  These storms would later merge while a squall line developed in south central Wisconsin which would then track through southeast Wisconsin.  Elsewhere, a few storms had brief rotations show up, producing a tornado near Endeavor. The supercell thunderstorms and squall line trained over the same locations producing flash flooding mainly in urban areas.",Trained spotter estimates 70 MPH wind gusts.,CSV
202604,14,1828,202604,14,2110,212188,1333832,WISCONSIN,55,2026,April,Flash Flood,C,133,WAUKESHA,MKX,14-APR-26 18:28:00,CST-6,14-APR-26 21:10:00,0,0,0,0,5.00K,0.00K,Trained Spotter,,,Heavy Rain,,,,,,,,,1.29,WSW,WEST SUSSEX,4.31,N,WEST SUSSEX,43.1212,-88.2524,43.192,-88.2398,"Numerous severe thunderstorms developed across southern Wisconsin during the afternoon and evening hours as a wave of low pressure moved across a stationary front over the region. Two main supercell thunderstorms developed along and north of Interstate 94 between Madison and Milwaukee, which produced softball sized hail and an EF-2 tornado.  These storms would later merge while a squall line developed in south central Wisconsin which would then track through southeast Wisconsin.  Elsewhere, a few storms had brief rotations show up, producing a tornado near Endeavor. The supercell thunderstorms and squall line trained over the same locations producing flash flooding mainly in urban areas.",Flash flooding of streets from Sussex toward Menomonee Falls.,CSV
202604,14,1845,202604,14,2100,212188,1333843,WISCONSIN,55,2026,April,Flood,C,131,WASHINGTON,MKX,14-APR-26 18:45:00,CST-6,14-APR-26 21:00:00,0,0,0,0,1.00K,0.00K,Public,,,Heavy Rain,,,,,,,,,3.13,SE,GERMANTOWN,.73,SE,WILLOW CREEK,43.1926,-88.0649,43.193,-88.1591,"Numerous severe thunderstorms developed across southern Wisconsin during the afternoon and evening hours as a wave of low pressure moved across a stationary front over the region. Two main supercell thunderstorms developed along and north of Interstate 94 between Madison and Milwaukee, which produced softball sized hail and an EF-2 tornado.  These storms would later merge while a squall line developed in south central Wisconsin which would then track through southeast Wisconsin.  Elsewhere, a few storms had brief rotations show up, producing a tornado near Endeavor. The supercell thunderstorms and squall line trained over the same locations producing flash flooding mainly in urban areas.",Some street flooding in Germantown.,CSV
202604,14,1826,202604,14,2100,212188,1333884,WISCONSIN,55,2026,April,Flash Flood,C,89,OZAUKEE,MKX,14-APR-26 18:26:00,CST-6,14-APR-26 21:00:00,0,0,0,0,5.00K,0.00K,Emergency Manager,,,Heavy Rain,,,,,,,,,2.75,SW,BAYSIDE,2.67,SSW,FREISTADT,43.1923,-87.9192,43.1923,-88.0618,"Numerous severe thunderstorms developed across southern Wisconsin during the afternoon and evening hours as a wave of low pressure moved across a stationary front over the region. Two main supercell thunderstorms developed along and north of Interstate 94 between Madison and Milwaukee, which produced softball sized hail and an EF-2 tornado.  These storms would later merge while a squall line developed in south central Wisconsin which would then track through southeast Wisconsin.  Elsewhere, a few storms had brief rotations show up, producing a tornado near Endeavor. The supercell thunderstorms and squall line trained over the same locations producing flash flooding mainly in urban areas.","Flash flooding of streets in southern Ozaukee County. More specifically, flooded roads and intersections on Mequon Rd. from Wauwatosa Rd. to just east of I-43. Other intersections  across the area with 3-6 inches of standing water.",CSV
202604,15,2001,202604,15,2006,212207,1326765,WISCONSIN,55,2026,April,Tornado,C,127,WALWORTH,MKX,15-APR-26 20:01:00,CST-6,15-APR-26 20:06:00,0,0,0,0,83.00K,0.00K,NWS Storm Survey,,,,,EF1,2.79,75,,,,,3.32,NW,DELAVAN LAKE,1.07,N,DELAVAN LAKE,42.6853,-88.6442,42.6653,-88.5965,An organized area of low pressure tracked along a stationary over the region and brought lines and clusters of strong thunderstorms and heavy rainfall to southern WI. Flash flooding occurred in spots from Rock County to the Milwaukee area. One storm produced a tornado in Walworth county with a brief path.,"The tornado began west of Quinney Road and tracked to the southeast, hitting 4 barns as it tracked across farmland west of Elkhorn.",CSV
202604,15,1839,202604,15,1839,212207,1330625,WISCONSIN,55,2026,April,Funnel Cloud,C,105,ROCK,MKX,15-APR-26 18:39:00,CST-6,15-APR-26 18:39:00,0,0,0,0,0.00K,0.00K,Public,,,,,,,,,,,,1.72,SW,DOWNTOWN JANESVILLE,1.72,SW,DOWNTOWN JANESVILLE,42.66,-89.04,42.66,-89.04,An organized area of low pressure tracked along a stationary over the region and brought lines and clusters of strong thunderstorms and heavy rainfall to southern WI. Flash flooding occurred in spots from Rock County to the Milwaukee area. One storm produced a tornado in Walworth county with a brief path.,Public report of a funnel cloud near Janesville.,CSV
202604,15,1905,202604,15,1905,212207,1330626,WISCONSIN,55,2026,April,Funnel Cloud,C,127,WALWORTH,MKX,15-APR-26 19:05:00,CST-6,15-APR-26 19:05:00,0,0,0,0,0.00K,0.00K,Public,,,,,,,,,,,,.51,W,ELKHORN,.51,W,ELKHORN,42.67,-88.56,42.67,-88.56,An organized area of low pressure tracked along a stationary over the region and brought lines and clusters of strong thunderstorms and heavy rainfall to southern WI. Flash flooding occurred in spots from Rock County to the Milwaukee area. One storm produced a tornado in Walworth county with a brief path.,Public report of a funnel cloud southwest of Elkhorn.,CSV
202604,15,1843,202604,15,1843,212207,1330627,WISCONSIN,55,2026,April,Lightning,C,133,WAUKESHA,MKX,15-APR-26 18:43:00,CST-6,15-APR-26 18:43:00,0,0,1,0,0.00K,0.00K,Emergency Manager,,,,,,,,,,,,1.66,WNW,WAUKESHA CO ARPT,1.66,WNW,WAUKESHA CO ARPT,43.05,-88.26,43.05,-88.26,An organized area of low pressure tracked along a stationary over the region and brought lines and clusters of strong thunderstorms and heavy rainfall to southern WI. Flash flooding occurred in spots from Rock County to the Milwaukee area. One storm produced a tornado in Walworth county with a brief path.,Report of a lightning-related fatality in a gas station parking lot.,CSV
202604,15,1932,202604,15,1932,212207,1330628,WISCONSIN,55,2026,April,Hail,C,79,MILWAUKEE,MKX,15-APR-26 19:32:00,CST-6,15-APR-26 19:32:00,0,0,0,0,0.00K,0.00K,Public,1.00,,,,,,,,,,,.69,N,HALES CORNERS,.69,N,HALES CORNERS,42.94,-88.05,42.94,-88.05,An organized area of low pressure tracked along a stationary over the region and brought lines and clusters of strong thunderstorms and heavy rainfall to southern WI. Flash flooding occurred in spots from Rock County to the Milwaukee area. One storm produced a tornado in Walworth county with a brief path.,Mping report of 1 inch diameter hail near Hales Corners.,CSV
202604,15,1934,202604,15,1934,212207,1330629,WISCONSIN,55,2026,April,Hail,C,127,WALWORTH,MKX,15-APR-26 19:34:00,CST-6,15-APR-26 19:34:00,0,0,0,0,0.00K,0.00K,Emergency Manager,1.00,,,,,,,,,,,1.02,E,ELKHORN ARPT,1.02,E,ELKHORN ARPT,42.65,-88.51,42.65,-88.51,An organized area of low pressure tracked along a stationary over the region and brought lines and clusters of strong thunderstorms and heavy rainfall to southern WI. Flash flooding occurred in spots from Rock County to the Milwaukee area. One storm produced a tornado in Walworth county with a brief path.,Emergency manager reports 1 inch diameter hail.,CSV
202604,15,1845,202604,15,2230,212207,1330630,WISCONSIN,55,2026,April,Flash Flood,C,105,ROCK,MKX,15-APR-26 18:45:00,CST-6,15-APR-26 22:30:00,0,0,0,0,0.00K,0.00K,Emergency Manager,,,Heavy Rain,,,,,,,,,3.06,SE,LEYDEN,3.2,SE,LEYDEN,42.701,-89.0844,42.6984,-89.084,An organized area of low pressure tracked along a stationary over the region and brought lines and clusters of strong thunderstorms and heavy rainfall to southern WI. Flash flooding occurred in spots from Rock County to the Milwaukee area. One storm produced a tornado in Walworth county with a brief path.,Emergency manager reports water over the road at County Highway A and Austin Road. Start and end times estimated from radar data.,CSV
202604,15,2100,202604,16,200,212207,1334015,WISCONSIN,55,2026,April,Flood,C,127,WALWORTH,MKX,15-APR-26 21:00:00,CST-6,16-APR-26 02:00:00,0,0,0,0,1.00K,0.00K,911 Call Center,,,Heavy Rain,,,,,,,,,2.23,SSW,VIENNA,4.25,NNW,DARIEN,42.6895,-88.3139,42.6544,-88.7389,An organized area of low pressure tracked along a stationary over the region and brought lines and clusters of strong thunderstorms and heavy rainfall to southern WI. Flash flooding occurred in spots from Rock County to the Milwaukee area. One storm produced a tornado in Walworth county with a brief path.,"Loveland Road closed after a washout from the flooding of Ore Creek. In the southern portion of the county, brief portions of Peters Rd, Hillside Rd. near Mohawk Rd., and Fellows Rd. just north of County Highway B were briefly closed due to flooding, but no road damage.",CSV
202604,15,1940,202604,15,2230,212207,1334022,WISCONSIN,55,2026,April,Flood,C,105,ROCK,MKX,15-APR-26 19:40:00,CST-6,15-APR-26 22:30:00,0,0,0,0,1.00K,0.00K,Emergency Manager,,,Heavy Rain,,,,,,,,,0,N,CLINTON,.78,S,CLINTON,42.57,-88.87,42.5589,-88.8672,An organized area of low pressure tracked along a stationary over the region and brought lines and clusters of strong thunderstorms and heavy rainfall to southern WI. Flash flooding occurred in spots from Rock County to the Milwaukee area. One storm produced a tornado in Walworth county with a brief path.,Floodwaters over a portion of highway 140 on the north side of Clinton.,CSV
202604,17,1520,202604,17,1522,211095,1319329,WISCONSIN,55,2026,April,Hail,C,73,MARATHON,GRB,17-APR-26 15:20:00,CST-6,17-APR-26 15:22:00,0,0,0,0,0.00K,0.00K,CoCoRaHS,0.75,,,,,,,,,,,6.8,E,ATHENS,6.8,E,ATHENS,45.03,-89.9407,45.03,-89.9407,"A severe weather outbreak unfolded across central and north-central Wisconsin during the afternoon and early evening of Friday (4/17). The event was triggered by a surface low-pressure system and cold front across the upper Midwest. ||NWS storm surveys confirmed 2 tornadoes that resulted in structural damage. A tornado formed 3 miles northwest of Glandon around 4:44 PM CDT and tracked into southeast Lincoln County producing EF-1 damage before dissipating around 4:55 PM CDT. Another tornado formed 3 miles west-southwest of Ringle in Marathon County around 4:46 PM CDT and dissipated around 5:03 PM CDT 5 miles southwest of Hogarty. This tornado produced EF-3 damage and destroyed 13 homes, produced major damage to 25 homes, with 101 homes reporting minor damage or affected by the tornado. An estimated $8.2 million worth of damage was reported from the tornado. ||Beyond the tornadic threat, the storms produced isolated large hail up to half dollar size and damaging winds. Heavy rainfall was another impact, with localized totals ranging from 1 to 4 inches. These torrential downpours caused flash flooding, particularly in Marshfield where 2.65 inches of rain fell and multiple vehicles were reported stranded in deep water.",Penny size hail fell near Athens.  The time of this report is an estimate based on radar data.,CSV
202604,17,1803,202604,17,1805,211095,1319330,WISCONSIN,55,2026,April,Hail,C,85,ONEIDA,GRB,17-APR-26 18:03:00,CST-6,17-APR-26 18:05:00,0,0,0,0,0.00K,0.00K,Social Media,1.25,,,,,,,,,,,.69,N,HAZELHURST,.69,N,HAZELHURST,45.81,-89.72,45.81,-89.72,"A severe weather outbreak unfolded across central and north-central Wisconsin during the afternoon and early evening of Friday (4/17). The event was triggered by a surface low-pressure system and cold front across the upper Midwest. ||NWS storm surveys confirmed 2 tornadoes that resulted in structural damage. A tornado formed 3 miles northwest of Glandon around 4:44 PM CDT and tracked into southeast Lincoln County producing EF-1 damage before dissipating around 4:55 PM CDT. Another tornado formed 3 miles west-southwest of Ringle in Marathon County around 4:46 PM CDT and dissipated around 5:03 PM CDT 5 miles southwest of Hogarty. This tornado produced EF-3 damage and destroyed 13 homes, produced major damage to 25 homes, with 101 homes reporting minor damage or affected by the tornado. An estimated $8.2 million worth of damage was reported from the tornado. ||Beyond the tornadic threat, the storms produced isolated large hail up to half dollar size and damaging winds. Heavy rainfall was another impact, with localized totals ranging from 1 to 4 inches. These torrential downpours caused flash flooding, particularly in Marshfield where 2.65 inches of rain fell and multiple vehicles were reported stranded in deep water.",Half dollar size hail fell in Hazelhurst.  The time of this report is an estimate based on radar data.,CSV
202604,14,1704,202604,14,1704,212188,1330401,WISCONSIN,55,2026,April,Hail,C,133,WAUKESHA,MKX,14-APR-26 17:04:00,CST-6,14-APR-26 17:04:00,0,0,0,0,0.00K,0.00K,Public,1.00,,,,,,,,,,,2.05,NW,OCONOMOWOC LAKE,2.05,NW,OCONOMOWOC LAKE,43.1,-88.53,43.1,-88.53,"Numerous severe thunderstorms developed across southern Wisconsin during the afternoon and evening hours as a wave of low pressure moved across a stationary front over the region. Two main supercell thunderstorms developed along and north of Interstate 94 between Madison and Milwaukee, which produced softball sized hail and an EF-2 tornado.  These storms would later merge while a squall line developed in south central Wisconsin which would then track through southeast Wisconsin.  Elsewhere, a few storms had brief rotations show up, producing a tornado near Endeavor. The supercell thunderstorms and squall line trained over the same locations producing flash flooding mainly in urban areas.",Public report of 1 inch diameter hail near Oconomowoc.,CSV
202604,14,1712,202604,14,1712,212188,1330402,WISCONSIN,55,2026,April,Hail,C,47,GREEN LAKE,MKX,14-APR-26 17:12:00,CST-6,14-APR-26 17:12:00,0,0,0,0,0.00K,0.00K,Public,1.00,,,,,,,,,,,1,W,PRINCETON,1,W,PRINCETON,43.85,-89.14,43.85,-89.14,"Numerous severe thunderstorms developed across southern Wisconsin during the afternoon and evening hours as a wave of low pressure moved across a stationary front over the region. Two main supercell thunderstorms developed along and north of Interstate 94 between Madison and Milwaukee, which produced softball sized hail and an EF-2 tornado.  These storms would later merge while a squall line developed in south central Wisconsin which would then track through southeast Wisconsin.  Elsewhere, a few storms had brief rotations show up, producing a tornado near Endeavor. The supercell thunderstorms and squall line trained over the same locations producing flash flooding mainly in urban areas.",Public report of 1 inch diameter hail in Princeton.,CSV
202604,14,1716,202604,14,1716,212188,1330403,WISCONSIN,55,2026,April,Hail,C,133,WAUKESHA,MKX,14-APR-26 17:16:00,CST-6,14-APR-26 17:16:00,0,0,0,0,0.00K,0.00K,Public,1.00,,,,,,,,,,,0,N,HARTLAND,0,N,HARTLAND,43.1,-88.35,43.1,-88.35,"Numerous severe thunderstorms developed across southern Wisconsin during the afternoon and evening hours as a wave of low pressure moved across a stationary front over the region. Two main supercell thunderstorms developed along and north of Interstate 94 between Madison and Milwaukee, which produced softball sized hail and an EF-2 tornado.  These storms would later merge while a squall line developed in south central Wisconsin which would then track through southeast Wisconsin.  Elsewhere, a few storms had brief rotations show up, producing a tornado near Endeavor. The supercell thunderstorms and squall line trained over the same locations producing flash flooding mainly in urban areas.",Public report of 1 inch diameter hail in Hartland.,CSV
202604,14,1741,202604,14,1741,212188,1330414,WISCONSIN,55,2026,April,Hail,C,131,WASHINGTON,MKX,14-APR-26 17:41:00,CST-6,14-APR-26 17:41:00,0,0,0,0,0.00K,0.00K,Public,1.00,,,,,,,,,,,.69,S,GERMANTOWN,.69,S,GERMANTOWN,43.22,-88.1,43.22,-88.1,"Numerous severe thunderstorms developed across southern Wisconsin during the afternoon and evening hours as a wave of low pressure moved across a stationary front over the region. Two main supercell thunderstorms developed along and north of Interstate 94 between Madison and Milwaukee, which produced softball sized hail and an EF-2 tornado.  These storms would later merge while a squall line developed in south central Wisconsin which would then track through southeast Wisconsin.  Elsewhere, a few storms had brief rotations show up, producing a tornado near Endeavor. The supercell thunderstorms and squall line trained over the same locations producing flash flooding mainly in urban areas.",Public report of 1 inch diameter hail near Germantown.,CSV
202604,14,1746,202604,14,1746,212188,1330415,WISCONSIN,55,2026,April,Hail,C,133,WAUKESHA,MKX,14-APR-26 17:46:00,CST-6,14-APR-26 17:46:00,0,0,0,0,0.00K,0.00K,Public,1.50,,,,,,,,,,,.5,E,MERTON,.5,E,MERTON,43.15,-88.31,43.15,-88.31,"Numerous severe thunderstorms developed across southern Wisconsin during the afternoon and evening hours as a wave of low pressure moved across a stationary front over the region. Two main supercell thunderstorms developed along and north of Interstate 94 between Madison and Milwaukee, which produced softball sized hail and an EF-2 tornado.  These storms would later merge while a squall line developed in south central Wisconsin which would then track through southeast Wisconsin.  Elsewhere, a few storms had brief rotations show up, producing a tornado near Endeavor. The supercell thunderstorms and squall line trained over the same locations producing flash flooding mainly in urban areas.",Public report of 1.5 inch diameter hail near Merton.,CSV
202604,14,1747,202604,14,1747,212188,1330417,WISCONSIN,55,2026,April,Hail,C,133,WAUKESHA,MKX,14-APR-26 17:47:00,CST-6,14-APR-26 17:47:00,0,0,0,0,0.00K,0.00K,Public,1.00,,,,,,,,,,,.69,S,MENOMONEE FALLS,.69,S,MENOMONEE FALLS,43.17,-88.1,43.17,-88.1,"Numerous severe thunderstorms developed across southern Wisconsin during the afternoon and evening hours as a wave of low pressure moved across a stationary front over the region. Two main supercell thunderstorms developed along and north of Interstate 94 between Madison and Milwaukee, which produced softball sized hail and an EF-2 tornado.  These storms would later merge while a squall line developed in south central Wisconsin which would then track through southeast Wisconsin.  Elsewhere, a few storms had brief rotations show up, producing a tornado near Endeavor. The supercell thunderstorms and squall line trained over the same locations producing flash flooding mainly in urban areas.",Public report of 1 inch diameter hail northeast of Menomonee Falls.,CSV
202604,14,1855,202604,14,1855,212188,1330425,WISCONSIN,55,2026,April,Thunderstorm Wind,C,55,JEFFERSON,MKX,14-APR-26 18:55:00,CST-6,14-APR-26 18:55:00,0,0,0,0,0.00K,0.00K,Trained Spotter,61.00,EG,,,,,,,,,,2.76,S,CAMBRIDGE ARPT,2.76,S,CAMBRIDGE ARPT,42.94,-89,42.94,-89,"Numerous severe thunderstorms developed across southern Wisconsin during the afternoon and evening hours as a wave of low pressure moved across a stationary front over the region. Two main supercell thunderstorms developed along and north of Interstate 94 between Madison and Milwaukee, which produced softball sized hail and an EF-2 tornado.  These storms would later merge while a squall line developed in south central Wisconsin which would then track through southeast Wisconsin.  Elsewhere, a few storms had brief rotations show up, producing a tornado near Endeavor. The supercell thunderstorms and squall line trained over the same locations producing flash flooding mainly in urban areas.",Trained spotter estimates 70 MPH wind gusts.,CSV
202604,14,1720,202604,14,1720,212188,1330426,WISCONSIN,55,2026,April,Thunderstorm Wind,C,131,WASHINGTON,MKX,14-APR-26 17:20:00,CST-6,14-APR-26 17:20:00,0,0,0,0,0.00K,0.00K,Trained Spotter,50.00,EG,,,,,,,,,,.69,S,MEEKER,.69,S,MEEKER,43.21,-88.18,43.21,-88.18,"Numerous severe thunderstorms developed across southern Wisconsin during the afternoon and evening hours as a wave of low pressure moved across a stationary front over the region. Two main supercell thunderstorms developed along and north of Interstate 94 between Madison and Milwaukee, which produced softball sized hail and an EF-2 tornado.  These storms would later merge while a squall line developed in south central Wisconsin which would then track through southeast Wisconsin.  Elsewhere, a few storms had brief rotations show up, producing a tornado near Endeavor. The supercell thunderstorms and squall line trained over the same locations producing flash flooding mainly in urban areas.",Trained spotter reports thunderstorm wind damage.,CSV
202604,14,1938,202604,14,1938,212188,1330427,WISCONSIN,55,2026,April,Thunderstorm Wind,C,101,RACINE,MKX,14-APR-26 19:38:00,CST-6,14-APR-26 19:38:00,0,0,0,0,0.00K,0.00K,Trained Spotter,52.00,EG,,,,,,,,,,2.31,NNW,ROCHESTER FOX RVR AR,2.31,NNW,ROCHESTER FOX RVR AR,42.78,-88.27,42.78,-88.27,"Numerous severe thunderstorms developed across southern Wisconsin during the afternoon and evening hours as a wave of low pressure moved across a stationary front over the region. Two main supercell thunderstorms developed along and north of Interstate 94 between Madison and Milwaukee, which produced softball sized hail and an EF-2 tornado.  These storms would later merge while a squall line developed in south central Wisconsin which would then track through southeast Wisconsin.  Elsewhere, a few storms had brief rotations show up, producing a tornado near Endeavor. The supercell thunderstorms and squall line trained over the same locations producing flash flooding mainly in urban areas.",Trained spotter reports uprooted trees and shingle damage from thunderstorm winds.,CSV
202604,14,1845,202604,14,2100,212188,1333911,WISCONSIN,55,2026,April,Flash Flood,C,79,MILWAUKEE,MKX,14-APR-26 18:45:00,CST-6,14-APR-26 21:00:00,0,0,0,0,40.00K,0.00K,Public,,,Heavy Rain,,,,,,,,,.73,S,WHITE FISH BAY,1.44,N,RIVER HILLS,43.1094,-87.9211,43.1907,-87.9264,"Numerous severe thunderstorms developed across southern Wisconsin during the afternoon and evening hours as a wave of low pressure moved across a stationary front over the region. Two main supercell thunderstorms developed along and north of Interstate 94 between Madison and Milwaukee, which produced softball sized hail and an EF-2 tornado.  These storms would later merge while a squall line developed in south central Wisconsin which would then track through southeast Wisconsin.  Elsewhere, a few storms had brief rotations show up, producing a tornado near Endeavor. The supercell thunderstorms and squall line trained over the same locations producing flash flooding mainly in urban areas.","Flash flooding of streets and sidewalks mainly in northwest Milwaukee County, including stranded vehicles in floodwaters. Some reports of basement flooding in northern Milwaukee County. Pictures and videos provided.",CSV
202604,15,2200,202604,16,800,212207,1330634,WISCONSIN,55,2026,April,Flood,C,79,MILWAUKEE,MKX,15-APR-26 22:00:00,CST-6,16-APR-26 08:00:00,0,0,0,0,0.00K,0.00K,Broadcast Media,,,Heavy Rain,,,,,,,,,2.03,E,GRANVILLE,1.29,WNW,GREENFIELD,43.1743,-88.0104,42.9584,-88.0227,An organized area of low pressure tracked along a stationary over the region and brought lines and clusters of strong thunderstorms and heavy rainfall to southern WI. Flash flooding occurred in spots from Rock County to the Milwaukee area. One storm produced a tornado in Walworth county with a brief path.,"Broadcast media reports of lingering areal flooding impacts following the conclusion of heavy rain. Street closures continue despite concluded rainfall, particularly around downtown Milwaukee and in low-lying spots near rivers and creeks.",CSV
202604,17,1314,202604,17,1318,212666,1330509,WISCONSIN,55,2026,April,Hail,C,93,PIERCE,MPX,17-APR-26 13:14:00,CST-6,17-APR-26 13:18:00,0,0,0,0,0.00K,0.00K,Trained Spotter,1.00,,,,,,,,,,,1.47,E,ELLSWORTH,1.47,E,ELLSWORTH,44.73,-92.44,44.73,-92.44,A surface cold front moved across Minnesota and proceeded into western Wisconsin on April 17th which ultimately produced two rounds of thunderstorms. The first line of storms was associated with a warm front which produced quarter size hail across south-central Minnesota mid-morning. The secondary and stronger line of storms tied to the cold front itself moved through in the early afternoon across eastern MN and western WI. This line produced a swath of large hail measuring from quarter size up to half dollar size hail 4 miles NNW of Bay City (Pierce County) which ended up being the largest measured hailstone from this event.,,CSV
202602,19,2200,202602,20,600,211167,1319280,WISCONSIN,55,2026,February,Winter Weather,Z,32,BUFFALO,ARX,19-FEB-26 22:00:00,CST-6,20-FEB-26 06:00:00,0,0,0,0,0.00K,0.00K,Public,,,,,,,,,,,,,,,,,,,,,,"During the late evening hours on February 19th into the morning hours on February 20th, a narrow but potent band of heavy snow moved into portions of west-central Wisconsin bringing snowfall rates of 1 to 2 inches per hour. The heaviest snowfall totals fell in a narrow corridor in Crawford, Vernon, La Crosse and Monroe counties where 8 to 12 inches of snow fell.",This snow band brought snowfall totals ranging from 1 to 4 inches across Buffalo County. The highest observed total in the county was in Marshland where 4 inches was reported.,CSV
202602,20,100,202602,20,1000,211167,1319281,WISCONSIN,55,2026,February,Winter Weather,Z,29,CLARK,ARX,20-FEB-26 01:00:00,CST-6,20-FEB-26 10:00:00,0,0,0,0,0.00K,0.00K,Public,,,,,,,,,,,,,,,,,,,,,,"During the late evening hours on February 19th into the morning hours on February 20th, a narrow but potent band of heavy snow moved into portions of west-central Wisconsin bringing snowfall rates of 1 to 2 inches per hour. The heaviest snowfall totals fell in a narrow corridor in Crawford, Vernon, La Crosse and Monroe counties where 8 to 12 inches of snow fell.",This snow band brought between 1 and 6 inches of snow to Clark County. The highest reported snowfall total in the county was 5.5 inches 6 miles north of Chili.,CSV
202602,19,2100,202602,20,900,211167,1319284,WISCONSIN,55,2026,February,Winter Storm,Z,54,CRAWFORD,ARX,19-FEB-26 21:00:00,CST-6,20-FEB-26 09:00:00,0,0,0,0,0.00K,0.00K,Trained Spotter,,,,,,,,,,,,,,,,,,,,,,"During the late evening hours on February 19th into the morning hours on February 20th, a narrow but potent band of heavy snow moved into portions of west-central Wisconsin bringing snowfall rates of 1 to 2 inches per hour. The heaviest snowfall totals fell in a narrow corridor in Crawford, Vernon, La Crosse and Monroe counties where 8 to 12 inches of snow fell.",This snow band brought heavy snow to Crawford County with amounts ranging from 5 to 10 inches. The highest reported total was 1 mile south of De Soto where 10 inches was measured.,CSV
202604,17,1702,202604,17,1705,212527,1329343,WISCONSIN,55,2026,April,Tornado,C,105,ROCK,MKX,17-APR-26 17:02:00,CST-6,17-APR-26 17:05:00,0,0,0,0,408.00K,0.00K,NWS Storm Survey,,,,,EF1,1.89,75,,,,,1.93,NNW,TIFFANY,3.28,W,AVALON,42.6062,-88.9434,42.6327,-88.9345,"A round of severe thunderstorms and flash flooding occurred as a strong cold front approached and tracked across southern WI. More specifically, supercell thunderstorms developed from northeast IA into southwest WI and far southern WI during the late afternoon and evening hours. Eventually these storms transitioned to a squall line which had a number of tornadoes associated with it, as it tracked through southeast Wisconsin.  Flash flooding affected much of the same region especially in Janesville. Many large hail reports and a small number of downburst damaging wind reports were also received.",Brief tornado that caused damage near Maple Lane southeast of Janesville.  Storm chaser video confirmed a brief tornado in this area.  More widespread damage occurred west and east of this track due to downburst winds.,CSV
202604,17,1705,202604,17,1710,212527,1329344,WISCONSIN,55,2026,April,Tornado,C,105,ROCK,MKX,17-APR-26 17:05:00,CST-6,17-APR-26 17:10:00,0,0,0,0,215.00K,0.00K,NWS Storm Survey,,,,,EF1,2.06,100,,,,,1.84,SW,EMERALD GROVE,1.05,SE,EMERALD GROVE,42.6494,-88.9028,42.6598,-88.8648,"A round of severe thunderstorms and flash flooding occurred as a strong cold front approached and tracked across southern WI. More specifically, supercell thunderstorms developed from northeast IA into southwest WI and far southern WI during the late afternoon and evening hours. Eventually these storms transitioned to a squall line which had a number of tornadoes associated with it, as it tracked through southeast Wisconsin.  Flash flooding affected much of the same region especially in Janesville. Many large hail reports and a small number of downburst damaging wind reports were also received.","Brief tornado went through Emerald Grove, destroying a barn and causing damage to an antique store.  Significant tree damage along the path as well with debris lofted well to the ENE from the structures.",CSV
202604,17,1346,202604,17,1348,212666,1330510,WISCONSIN,55,2026,April,Hail,C,93,PIERCE,MPX,17-APR-26 13:46:00,CST-6,17-APR-26 13:48:00,0,0,0,0,0.00K,0.00K,Trained Spotter,1.25,,,,,,,,,,,2.4,NW,ESDAILE,2.4,NW,ESDAILE,44.64,-92.47,44.64,-92.47,A surface cold front moved across Minnesota and proceeded into western Wisconsin on April 17th which ultimately produced two rounds of thunderstorms. The first line of storms was associated with a warm front which produced quarter size hail across south-central Minnesota mid-morning. The secondary and stronger line of storms tied to the cold front itself moved through in the early afternoon across eastern MN and western WI. This line produced a swath of large hail measuring from quarter size up to half dollar size hail 4 miles NNW of Bay City (Pierce County) which ended up being the largest measured hailstone from this event.,Emailed photos of large hail in backyard.,CSV
202604,17,1348,202604,17,1352,212666,1330511,WISCONSIN,55,2026,April,Hail,C,95,POLK,MPX,17-APR-26 13:48:00,CST-6,17-APR-26 13:52:00,0,0,0,0,0.00K,0.00K,Public,0.75,,,,,,,,,,,1.46,E,ST CROIX FALLS,1.46,E,ST CROIX FALLS,45.4,-92.62,45.4,-92.62,A surface cold front moved across Minnesota and proceeded into western Wisconsin on April 17th which ultimately produced two rounds of thunderstorms. The first line of storms was associated with a warm front which produced quarter size hail across south-central Minnesota mid-morning. The secondary and stronger line of storms tied to the cold front itself moved through in the early afternoon across eastern MN and western WI. This line produced a swath of large hail measuring from quarter size up to half dollar size hail 4 miles NNW of Bay City (Pierce County) which ended up being the largest measured hailstone from this event.,,CSV
202604,1,2300,202604,2,900,211782,1334437,WISCONSIN,55,2026,April,Winter Weather,Z,42,MONROE,ARX,01-APR-26 23:00:00,CST-6,02-APR-26 09:00:00,0,0,0,0,0.00K,0.00K,Law Enforcement,,,,,,,,,,,,,,,,,,,,,,"Freezing rain and sleet moved into portions of western Wisconsin during the more on April 2nd with ice accumulations of around 0.25 for areas north of I-94 in Jackson, Clark and Taylor counties. This resulted in several instances of tree damage due to the freezing rain accumulation before changing over to plain rain by the afternoon.",Freezing rain during the morning hours on April 2nd resulted in sporadic tree damage across Monroe County with ice accumulations of around 0.1 to 0.2.,CSV
202604,13,1616,202604,13,1616,211784,1328657,WISCONSIN,55,2026,April,Hail,C,19,CLARK,ARX,13-APR-26 16:16:00,CST-6,13-APR-26 16:16:00,0,0,0,0,0.00K,0.00K,Law Enforcement,1.00,,,,,,,,,,,.85,SE,NEILLSVILLE,.85,SE,NEILLSVILLE,44.56,-90.59,44.56,-90.59,"Severe storms moved into west-central Wisconsin from southeast Minnesota and brought large hail up to 3 inches in diameter to the area. Additionally, an EF-0 tornado occurred near Gilman, Wisconsin which was widely observed by spotters and the public. Some isolated wind damage occurred as well later into the evening as storms congealed into a line and pushed eastward.",Law enforcement reported quarter sized hail 1 mile southeast of Neillsville.,CSV
202604,13,1640,202604,13,1640,211784,1328658,WISCONSIN,55,2026,April,Hail,C,19,CLARK,ARX,13-APR-26 16:40:00,CST-6,13-APR-26 16:40:00,0,0,0,0,0.00K,0.00K,Amateur Radio,1.00,,,,,,,,,,,2.13,NNW,CHILI,2.13,NNW,CHILI,44.66,-90.36,44.66,-90.36,"Severe storms moved into west-central Wisconsin from southeast Minnesota and brought large hail up to 3 inches in diameter to the area. Additionally, an EF-0 tornado occurred near Gilman, Wisconsin which was widely observed by spotters and the public. Some isolated wind damage occurred as well later into the evening as storms congealed into a line and pushed eastward.",An amateur radio group reported quarter sized hail 2 miles north-northwest of Chili.,CSV
202604,13,1714,202604,13,1714,211784,1328659,WISCONSIN,55,2026,April,Hail,C,11,BUFFALO,ARX,13-APR-26 17:14:00,CST-6,13-APR-26 17:14:00,0,0,0,0,0.00K,0.00K,Fire Department/Rescue,1.50,,,,,,,,,,,1.7,NW,NELSON,1.7,NW,NELSON,44.44,-92.02,44.44,-92.02,"Severe storms moved into west-central Wisconsin from southeast Minnesota and brought large hail up to 3 inches in diameter to the area. Additionally, an EF-0 tornado occurred near Gilman, Wisconsin which was widely observed by spotters and the public. Some isolated wind damage occurred as well later into the evening as storms congealed into a line and pushed eastward.",Local fire and rescue reported ping pong ball sized hail 2 miles northwest of Nelson.,CSV
202604,13,2238,202604,13,2238,211784,1328745,WISCONSIN,55,2026,April,Thunderstorm Wind,C,103,RICHLAND,ARX,13-APR-26 22:38:00,CST-6,13-APR-26 22:38:00,0,0,0,0,3.00K,0.00K,Amateur Radio,50.00,EG,,,,,,,,,,1.66,WSW,EXCELSIOR,1.66,WSW,EXCELSIOR,43.24,-90.66,43.24,-90.66,"Severe storms moved into west-central Wisconsin from southeast Minnesota and brought large hail up to 3 inches in diameter to the area. Additionally, an EF-0 tornado occurred near Gilman, Wisconsin which was widely observed by spotters and the public. Some isolated wind damage occurred as well later into the evening as storms congealed into a line and pushed eastward.",An amateur radio group reported a shed was removed from its foundation 2 miles southwest of Excelsior.,CSV
202604,13,2107,202604,13,2107,211784,1328841,WISCONSIN,55,2026,April,Hail,C,81,MONROE,ARX,13-APR-26 21:07:00,CST-6,13-APR-26 21:07:00,0,0,0,0,0.00K,0.00K,Public,1.00,,,,,,,,,,,4.94,SSE,ROSEDALE,4.94,SSE,ROSEDALE,44,-90.9,44,-90.9,"Severe storms moved into west-central Wisconsin from southeast Minnesota and brought large hail up to 3 inches in diameter to the area. Additionally, an EF-0 tornado occurred near Gilman, Wisconsin which was widely observed by spotters and the public. Some isolated wind damage occurred as well later into the evening as storms congealed into a line and pushed eastward.",The public reported quarter sized hail 6 miles south of Four Corners.,CSV
202604,13,1803,202604,13,1803,211784,1328765,WISCONSIN,55,2026,April,Hail,C,11,BUFFALO,ARX,13-APR-26 18:03:00,CST-6,13-APR-26 18:03:00,0,0,0,0,75.00K,0.00K,Trained Spotter,3.00,,,,,,,,,,,.49,E,WAUMANDEE,.49,E,WAUMANDEE,44.3,-91.69,44.3,-91.69,"Severe storms moved into west-central Wisconsin from southeast Minnesota and brought large hail up to 3 inches in diameter to the area. Additionally, an EF-0 tornado occurred near Gilman, Wisconsin which was widely observed by spotters and the public. Some isolated wind damage occurred as well later into the evening as storms congealed into a line and pushed eastward.",A trained spotter reported a 3 inch diameter hailstone near Waumandee. This report was made about 10 minutes after the hail core had left the area.,CSV
202602,19,2300,202602,20,1000,211167,1319289,WISCONSIN,55,2026,February,Winter Storm,Z,42,MONROE,ARX,19-FEB-26 23:00:00,CST-6,20-FEB-26 10:00:00,0,0,0,0,0.00K,0.00K,Public,,,,,,,,,,,,,,,,,,,,,,"During the late evening hours on February 19th into the morning hours on February 20th, a narrow but potent band of heavy snow moved into portions of west-central Wisconsin bringing snowfall rates of 1 to 2 inches per hour. The heaviest snowfall totals fell in a narrow corridor in Crawford, Vernon, La Crosse and Monroe counties where 8 to 12 inches of snow fell.",This snow band brought heavy snow to Monroe County where snowfall totals ranged from 8 to 12 inches. The highest reported snowfall total in the county was 1 mile north of Melvina where 12 inches was measured.,CSV
202602,19,2200,202602,20,1000,211167,1319291,WISCONSIN,55,2026,February,Winter Storm,Z,53,VERNON,ARX,19-FEB-26 22:00:00,CST-6,20-FEB-26 10:00:00,0,0,0,0,0.00K,0.00K,Public,,,,,,,,,,,,,,,,,,,,,,"During the late evening hours on February 19th into the morning hours on February 20th, a narrow but potent band of heavy snow moved into portions of west-central Wisconsin bringing snowfall rates of 1 to 2 inches per hour. The heaviest snowfall totals fell in a narrow corridor in Crawford, Vernon, La Crosse and Monroe counties where 8 to 12 inches of snow fell.",This snow band brought heavy snow to Vernon County with snowfall totals ranging from 6 to 12 inches across the county. The highest reported total in the county was 1 mile southeast of Genoa where 12 inches was measured.,CSV
202604,14,1700,202604,14,1700,211785,1333590,WISCONSIN,55,2026,April,Hail,C,57,JUNEAU,ARX,14-APR-26 17:00:00,CST-6,14-APR-26 17:00:00,0,0,0,0,660.00K,0.00K,Trained Spotter,3.00,,,,,,,,,,,4.92,SE,LYNDON STATION,4.92,SE,LYNDON STATION,43.67,-89.83,43.67,-89.83,"Several severe storms developed across portions of western Wisconsin during the late afternoon hours on April 14th and produced severe hail in many locations. The most notable of these storms developed over Vernon County, where wind-driven baseball-sized hail caused significant damage in the town of Westby, WI. This resulted in over $20 million USD in damage to the town and surrounding areas per input from Vernon County emergency management. Most homes received significant roof, siding, and window damage. As this storm moved eastward towards Juneau County, it also produced an intense EF-3 tornado near the town of Union Center where a home was leveled to its foundation.",A trained spotter reported 3 inch diameter hail 5 miles southeast of Lyndon Station.,CSV
202604,14,1545,202604,14,1545,211785,1333591,WISCONSIN,55,2026,April,Hail,C,63,LA CROSSE,ARX,14-APR-26 15:45:00,CST-6,14-APR-26 15:45:00,0,0,0,0,0.00K,0.00K,Public,0.75,,,,,,,,,,,3.99,SSE,NEWBURG CORNERS,3.99,SSE,NEWBURG CORNERS,43.73,-90.94,43.73,-90.94,"Several severe storms developed across portions of western Wisconsin during the late afternoon hours on April 14th and produced severe hail in many locations. The most notable of these storms developed over Vernon County, where wind-driven baseball-sized hail caused significant damage in the town of Westby, WI. This resulted in over $20 million USD in damage to the town and surrounding areas per input from Vernon County emergency management. Most homes received significant roof, siding, and window damage. As this storm moved eastward towards Juneau County, it also produced an intense EF-3 tornado near the town of Union Center where a home was leveled to its foundation.",The public reported dime sized hail 4 miles south-southeast of Newburg Corners. This report was relayed via mPING.,CSV
202604,14,1601,202604,14,1601,211785,1333595,WISCONSIN,55,2026,April,Hail,C,43,GRANT,ARX,14-APR-26 16:01:00,CST-6,14-APR-26 16:01:00,0,0,0,0,175.00K,0.00K,Public,2.00,,,,,,,,,,,.51,E,MT HOPE,.51,E,MT HOPE,42.97,-90.86,42.97,-90.86,"Several severe storms developed across portions of western Wisconsin during the late afternoon hours on April 14th and produced severe hail in many locations. The most notable of these storms developed over Vernon County, where wind-driven baseball-sized hail caused significant damage in the town of Westby, WI. This resulted in over $20 million USD in damage to the town and surrounding areas per input from Vernon County emergency management. Most homes received significant roof, siding, and window damage. As this storm moved eastward towards Juneau County, it also produced an intense EF-3 tornado near the town of Union Center where a home was leveled to its foundation.",The public reported 2 inch diameter hail near Mount Hope. The report was relayed via social media.,CSV
202604,14,1545,202604,14,1600,211785,1329065,WISCONSIN,55,2026,April,Hail,C,123,VERNON,ARX,14-APR-26 15:45:00,CST-6,14-APR-26 16:00:00,0,0,0,0,26.70M,0.00K,Emergency Manager,2.75,,,,,,,,,,,47.76,WSW,EASTON,47.76,WSW,EASTON,43.6562,-90.8561,43.6562,-90.8561,"Several severe storms developed across portions of western Wisconsin during the late afternoon hours on April 14th and produced severe hail in many locations. The most notable of these storms developed over Vernon County, where wind-driven baseball-sized hail caused significant damage in the town of Westby, WI. This resulted in over $20 million USD in damage to the town and surrounding areas per input from Vernon County emergency management. Most homes received significant roof, siding, and window damage. As this storm moved eastward towards Juneau County, it also produced an intense EF-3 tornado near the town of Union Center where a home was leveled to its foundation.","Destructive hail up to baseball sized and strong winds in Westby right before 5pm on April 14th resulted in widespread damage across the entire town and surrounding areas. Roughly 1100 residences in this area sustained roof, window and siding damage with many vehicles having significant damages as well.",CSV
202604,17,1521,202604,17,1529,211780,1329011,WISCONSIN,55,2026,April,Tornado,C,53,JACKSON,ARX,17-APR-26 15:21:00,CST-6,17-APR-26 15:29:00,0,0,0,0,37.00K,0.00K,NWS Storm Survey,,,,,EF1,4.61,130,,,,,2.67,SW,REQUA,2.09,ENE,REQUA,44.551,-91.166,44.59,-91.09,"A prolific tornado outbreak brought 4 tornadoes to portions of western Wisconsin during the mid to late afternoon hours on April 17th. One of these tornadoes was a strong EF-3 tornado near the unincorporated community of Cream, Wisconsin. This intense tornado was responsible for substantially damaging a home with much of its exterior walls collapsed. Additional tornadoes occurred as these storms traveled into Trempealeau and Jackson counties, with tree and minor structural damage along their paths.","This tornado continued from northeast Trempealeau County where it crossed Interstate 94, moving northeast into far northwest Jackson County where it caused roof damage to two residences and damaged a significant number of trees.",CSV
202604,17,1715,202604,17,1720,212527,1329348,WISCONSIN,55,2026,April,Tornado,C,105,ROCK,MKX,17-APR-26 17:15:00,CST-6,17-APR-26 17:20:00,0,0,0,0,124.00K,0.00K,NWS Storm Survey,,,,,EF1,3.3,75,MKX,WI,127,WALWORTH,1.95,SSW,JOHNSTOWN CENTER,2.83,SE,JOHNSTOWN,42.6732,-88.8419,42.674,-88.777,"A round of severe thunderstorms and flash flooding occurred as a strong cold front approached and tracked across southern WI. More specifically, supercell thunderstorms developed from northeast IA into southwest WI and far southern WI during the late afternoon and evening hours. Eventually these storms transitioned to a squall line which had a number of tornadoes associated with it, as it tracked through southeast Wisconsin.  Flash flooding affected much of the same region especially in Janesville. Many large hail reports and a small number of downburst damaging wind reports were also received.",Multivortex tornado documented southwest of Richmond.  Multiple sheds with sheet metal damage along County Highway M before entering Walworth County.,CSV
202604,17,1720,202604,17,1721,212527,1329349,WISCONSIN,55,2026,April,Tornado,C,127,WALWORTH,MKX,17-APR-26 17:20:00,CST-6,17-APR-26 17:21:00,0,0,0,0,124.00K,0.00K,NWS Storm Survey,,,,,EF1,1.07,75,,,,,3.97,SW,RICHMOND,3.43,SSW,RICHMOND,42.674,-88.777,42.6742,-88.7559,"A round of severe thunderstorms and flash flooding occurred as a strong cold front approached and tracked across southern WI. More specifically, supercell thunderstorms developed from northeast IA into southwest WI and far southern WI during the late afternoon and evening hours. Eventually these storms transitioned to a squall line which had a number of tornadoes associated with it, as it tracked through southeast Wisconsin.  Flash flooding affected much of the same region especially in Janesville. Many large hail reports and a small number of downburst damaging wind reports were also received.",Multivortex tornado documented southwest of Richmond.  Multiple sheds with sheet metal damage along County Highway M before entering Walworth County.,CSV
202604,17,1739,202604,17,1746,212527,1329350,WISCONSIN,55,2026,April,Tornado,C,127,WALWORTH,MKX,17-APR-26 17:39:00,CST-6,17-APR-26 17:46:00,0,0,0,0,133.00K,0.00K,NWS Storm Survey,,,,,EF1,2.81,75,,,,,2.74,NNW,DARIEN,1.9,W,DELAVAN,42.6362,-88.7222,42.6322,-88.6672,"A round of severe thunderstorms and flash flooding occurred as a strong cold front approached and tracked across southern WI. More specifically, supercell thunderstorms developed from northeast IA into southwest WI and far southern WI during the late afternoon and evening hours. Eventually these storms transitioned to a squall line which had a number of tornadoes associated with it, as it tracked through southeast Wisconsin.  Flash flooding affected much of the same region especially in Janesville. Many large hail reports and a small number of downburst damaging wind reports were also received.","The tornado appeared to start north of School Section Rd and west of Old 89 Rd with mainly tree damage going to the east-northeast.  The tornado then tracked along State Road 11 going east toward Delavan.  About 4 farmsteads had damage to them, including one empty silo that was blown down from about halfway up.  The tornado then continued east-southeast along Hwy 11 and ended near Redwood Ct on the west side of Delavan where it caused some tree damage.",CSV
202604,17,1743,202604,17,1746,212527,1329352,WISCONSIN,55,2026,April,Tornado,C,127,WALWORTH,MKX,17-APR-26 17:43:00,CST-6,17-APR-26 17:46:00,0,0,0,0,99.00K,0.00K,NWS Storm Survey,,,,,EF1,2.71,75,,,,,3.36,WNW,DELAVAN,2.25,WNW,DELAVAN LAKE,42.6509,-88.6897,42.6645,-88.6396,"A round of severe thunderstorms and flash flooding occurred as a strong cold front approached and tracked across southern WI. More specifically, supercell thunderstorms developed from northeast IA into southwest WI and far southern WI during the late afternoon and evening hours. Eventually these storms transitioned to a squall line which had a number of tornadoes associated with it, as it tracked through southeast Wisconsin.  Flash flooding affected much of the same region especially in Janesville. Many large hail reports and a small number of downburst damaging wind reports were also received.","Tornado appeared to begin along Turtle Creek west of Klug Rd and south of County Road M.  The tornado destroyed an open facing barn shed along Klug Rd.  It then tracked to the northeast and caused damage to 3 barns, a garage and a house along County Road P.  It then continued to the northeast and crossed Dam Rd before ending near Turtle Creek again.",CSV
202604,17,1822,202604,17,1825,212527,1329355,WISCONSIN,55,2026,April,Tornado,C,127,WALWORTH,MKX,17-APR-26 18:22:00,CST-6,17-APR-26 18:25:00,0,0,0,0,4.00K,0.00K,NWS Storm Survey,,,,,EF0,1.81,50,,,,,1.96,N,LYONS ARPT,2.08,ENE,LYONS ARPT,42.6982,-88.3661,42.6855,-88.335,"A round of severe thunderstorms and flash flooding occurred as a strong cold front approached and tracked across southern WI. More specifically, supercell thunderstorms developed from northeast IA into southwest WI and far southern WI during the late afternoon and evening hours. Eventually these storms transitioned to a squall line which had a number of tornadoes associated with it, as it tracked through southeast Wisconsin.  Flash flooding affected much of the same region especially in Janesville. Many large hail reports and a small number of downburst damaging wind reports were also received.","The tornado began along Spring Prairie Rd and moved to the southeast.  The tornado had an intermittent path with a few trees uprooted, some shingles peeled from the south side of a roof, another roof peeled back on the southeast corner, and siding damage to a garage. The track continued to the southeast with several limbs snapped from the tops of trees, ending near Old County Highway DD north of Highway 11.",CSV
202604,17,1832,202604,17,1836,212527,1329356,WISCONSIN,55,2026,April,Tornado,C,101,RACINE,MKX,17-APR-26 18:32:00,CST-6,17-APR-26 18:36:00,0,0,0,0,6.00K,0.00K,NWS Storm Survey,,,,,EF0,1.42,50,,,,,1.47,SSW,CALDWELL,1.51,SE,CALDWELL,42.8096,-88.2781,42.8134,-88.2506,"A round of severe thunderstorms and flash flooding occurred as a strong cold front approached and tracked across southern WI. More specifically, supercell thunderstorms developed from northeast IA into southwest WI and far southern WI during the late afternoon and evening hours. Eventually these storms transitioned to a squall line which had a number of tornadoes associated with it, as it tracked through southeast Wisconsin.  Flash flooding affected much of the same region especially in Janesville. Many large hail reports and a small number of downburst damaging wind reports were also received.","Tornado started in a mainly open field to the west of Highway 83.  A few branches were downed.  Along the intermittent path, multiple trees were downed in different directions.  A port-a-potty was displaced and pushed over.  The tornado continued to the northeast into an inaccessible field.",CSV
202604,17,1852,202604,17,1855,212527,1329358,WISCONSIN,55,2026,April,Tornado,C,133,WAUKESHA,MKX,17-APR-26 18:52:00,CST-6,17-APR-26 18:55:00,0,0,0,0,4.50K,0.00K,NWS Storm Survey,,,,,EF0,0.62,70,,,,,1.81,SW,MUSKEGO LAKE,1.2,SW,MUSKEGO LAKE,42.8548,-88.1492,42.8601,-88.1394,"A round of severe thunderstorms and flash flooding occurred as a strong cold front approached and tracked across southern WI. More specifically, supercell thunderstorms developed from northeast IA into southwest WI and far southern WI during the late afternoon and evening hours. Eventually these storms transitioned to a squall line which had a number of tornadoes associated with it, as it tracked through southeast Wisconsin.  Flash flooding affected much of the same region especially in Janesville. Many large hail reports and a small number of downburst damaging wind reports were also received.","The tornado began over a farm field where a few small limbs were downed.  The tornado continued to the northeast, snapping a few trees and downing several large limbs. Further to the northeast, the view was not accessible with the tornado ending southwest of Big Muskego Lake, south of the Big Muskego Lake Wildlife area.",CSV
202604,17,1855,202604,17,1900,212527,1329361,WISCONSIN,55,2026,April,Tornado,C,101,RACINE,MKX,17-APR-26 18:55:00,CST-6,17-APR-26 19:00:00,0,0,0,0,17.00K,0.00K,NWS Storm Survey,,,,,EF0,3.45,50,,,,,.7,NNW,NORTH CAPE,1.78,WNW,KNEELAND,42.7898,-88.0732,42.8298,-88.0324,"A round of severe thunderstorms and flash flooding occurred as a strong cold front approached and tracked across southern WI. More specifically, supercell thunderstorms developed from northeast IA into southwest WI and far southern WI during the late afternoon and evening hours. Eventually these storms transitioned to a squall line which had a number of tornadoes associated with it, as it tracked through southeast Wisconsin.  Flash flooding affected much of the same region especially in Janesville. Many large hail reports and a small number of downburst damaging wind reports were also received.",Tornado started near Raynor Ave and tracked to the northeast while crossing 5 Mile and 6 Mile Rd before ending near 7 Mile Rd. Most damage was minor but some sheet metal was lofted from a barn.  Tornado tracked just to the east of the Milwaukee Airport Terminal Doppler Radar.,CSV
202604,17,1856,202604,17,1900,212527,1329362,WISCONSIN,55,2026,April,Tornado,C,101,RACINE,MKX,17-APR-26 18:56:00,CST-6,17-APR-26 19:00:00,0,0,0,0,105.00K,0.00K,NWS Storm Survey,,,,,EF1,3.89,75,MKX,WI,079,MILWAUKEE,1.03,ESE,FRANKSVILLE HUNTS AR,1.82,NNW,KNEELAND,42.8151,-88.0808,42.844,-88.015,"A round of severe thunderstorms and flash flooding occurred as a strong cold front approached and tracked across southern WI. More specifically, supercell thunderstorms developed from northeast IA into southwest WI and far southern WI during the late afternoon and evening hours. Eventually these storms transitioned to a squall line which had a number of tornadoes associated with it, as it tracked through southeast Wisconsin.  Flash flooding affected much of the same region especially in Janesville. Many large hail reports and a small number of downburst damaging wind reports were also received.","Tornado started near 6 Mile Rd west of Raynor Ave and tracked to the northeast, ending in southern Milwaukee county.  Possible that this tornado merged with the other one directly to the south.",CSV
202604,17,1812,202604,17,1812,212527,1334115,WISCONSIN,55,2026,April,Hail,C,133,WAUKESHA,MKX,17-APR-26 18:12:00,CST-6,17-APR-26 18:12:00,0,0,0,0,,0.00K,Amateur Radio,1.00,,,,,,,,,,,0,N,EAGLE,0,N,EAGLE,42.88,-88.47,42.88,-88.47,"A round of severe thunderstorms and flash flooding occurred as a strong cold front approached and tracked across southern WI. More specifically, supercell thunderstorms developed from northeast IA into southwest WI and far southern WI during the late afternoon and evening hours. Eventually these storms transitioned to a squall line which had a number of tornadoes associated with it, as it tracked through southeast Wisconsin.  Flash flooding affected much of the same region especially in Janesville. Many large hail reports and a small number of downburst damaging wind reports were also received.",,CSV
202604,17,1712,202604,17,1712,212527,1334114,WISCONSIN,55,2026,April,Hail,C,105,ROCK,MKX,17-APR-26 17:12:00,CST-6,17-APR-26 17:12:00,0,0,0,0,,0.00K,Public,1.50,,,,,,,,,,,.51,W,DOWNTOWN JANESVILLE,.51,W,DOWNTOWN JANESVILLE,42.68,-89.03,42.68,-89.03,"A round of severe thunderstorms and flash flooding occurred as a strong cold front approached and tracked across southern WI. More specifically, supercell thunderstorms developed from northeast IA into southwest WI and far southern WI during the late afternoon and evening hours. Eventually these storms transitioned to a squall line which had a number of tornadoes associated with it, as it tracked through southeast Wisconsin.  Flash flooding affected much of the same region especially in Janesville. Many large hail reports and a small number of downburst damaging wind reports were also received.",,CSV
202604,17,1800,202604,17,2100,212527,1334151,WISCONSIN,55,2026,April,Flood,C,27,DODGE,MKX,17-APR-26 18:00:00,CST-6,17-APR-26 21:00:00,0,0,0,0,5.00K,0.00K,911 Call Center,,,Heavy Rain,,,,,,,,,1.99,NE,RUBICON,1.98,ENE,RUBICON,43.3476,-88.4387,43.3459,-88.4373,"A round of severe thunderstorms and flash flooding occurred as a strong cold front approached and tracked across southern WI. More specifically, supercell thunderstorms developed from northeast IA into southwest WI and far southern WI during the late afternoon and evening hours. Eventually these storms transitioned to a squall line which had a number of tornadoes associated with it, as it tracked through southeast Wisconsin.  Flash flooding affected much of the same region especially in Janesville. Many large hail reports and a small number of downburst damaging wind reports were also received.",Flooding of Butler Creek flowing over a bridge on County Highway N.,CSV
202604,17,1910,202604,17,2145,212527,1334157,WISCONSIN,55,2026,April,Flash Flood,C,79,MILWAUKEE,MKX,17-APR-26 19:10:00,CST-6,17-APR-26 21:45:00,0,0,0,0,0.00K,0.00K,Social Media,,,Heavy Rain,,,,,,,,,1.73,S,BUTLER,1.97,SSE,FRANKLIN,43.0551,-88.0663,42.8434,-88.0661,"A round of severe thunderstorms and flash flooding occurred as a strong cold front approached and tracked across southern WI. More specifically, supercell thunderstorms developed from northeast IA into southwest WI and far southern WI during the late afternoon and evening hours. Eventually these storms transitioned to a squall line which had a number of tornadoes associated with it, as it tracked through southeast Wisconsin.  Flash flooding affected much of the same region especially in Janesville. Many large hail reports and a small number of downburst damaging wind reports were also received.",Numerous social media videos depicting street flooding throughout the county.,CSV
202602,28,500,202602,28,1600,211204,1319644,WISCONSIN,55,2026,February,Winter Weather,Z,53,VERNON,ARX,28-FEB-26 05:00:00,CST-6,28-FEB-26 16:00:00,0,0,0,0,0.00K,0.00K,Public,,,,,,,,,,,,,,,,,,,,,,"During the morning and afternoon on February 28th, an extremely narrow snow band brought snowfall totals of 2 to 7 inches across Vernon, Crawford and Richland counties. While most locations saw under 6 inches, a localized corridor of 6 to 7 inches occurred in Vernon and Crawford counties.",This snow band brought snowfall totals of 3 to 7 inches across Vernon County. The highest reported snowfall total was 1 mile south of Viroqua where 6.3 inches was measured where a narrow corridor of locally higher amounts occurred.,CSV
202602,28,500,202602,28,1600,211204,1319645,WISCONSIN,55,2026,February,Winter Weather,Z,54,CRAWFORD,ARX,28-FEB-26 05:00:00,CST-6,28-FEB-26 16:00:00,0,0,0,0,0.00K,0.00K,Public,,,,,,,,,,,,,,,,,,,,,,"During the morning and afternoon on February 28th, an extremely narrow snow band brought snowfall totals of 2 to 7 inches across Vernon, Crawford and Richland counties. While most locations saw under 6 inches, a localized corridor of 6 to 7 inches occurred in Vernon and Crawford counties.",This narrow snow band brought snowfall totals across Crawford County of 3 to 7 inches. The highest reported snowfall total in the county was in Mount Zion where 7 inches was measured where a very narrow corridor of locally higher amounts occurred.,CSV
202604,17,1642,202604,17,1645,212527,1334095,WISCONSIN,55,2026,April,Thunderstorm Wind,C,27,DODGE,MKX,17-APR-26 16:42:00,CST-6,17-APR-26 16:45:00,0,0,0,0,15.00K,0.00K,Public,56.00,EG,,,,,,,,,,.85,NW,RICHWOOD,.85,NW,RICHWOOD,43.24,-88.78,43.24,-88.78,"A round of severe thunderstorms and flash flooding occurred as a strong cold front approached and tracked across southern WI. More specifically, supercell thunderstorms developed from northeast IA into southwest WI and far southern WI during the late afternoon and evening hours. Eventually these storms transitioned to a squall line which had a number of tornadoes associated with it, as it tracked through southeast Wisconsin.  Flash flooding affected much of the same region especially in Janesville. Many large hail reports and a small number of downburst damaging wind reports were also received.",A barn wall was blown down.,CSV
202604,17,1822,202604,17,1824,212527,1334098,WISCONSIN,55,2026,April,Thunderstorm Wind,C,127,WALWORTH,MKX,17-APR-26 18:22:00,CST-6,17-APR-26 18:24:00,0,0,0,0,1.00K,0.00K,Public,56.00,EG,,,,,,,,,,.69,N,EAST TROY,.69,N,EAST TROY,42.79,-88.4,42.79,-88.4,"A round of severe thunderstorms and flash flooding occurred as a strong cold front approached and tracked across southern WI. More specifically, supercell thunderstorms developed from northeast IA into southwest WI and far southern WI during the late afternoon and evening hours. Eventually these storms transitioned to a squall line which had a number of tornadoes associated with it, as it tracked through southeast Wisconsin.  Flash flooding affected much of the same region especially in Janesville. Many large hail reports and a small number of downburst damaging wind reports were also received.",An uprooted tree.,CSV
202604,17,1900,202604,17,1905,212527,1329363,WISCONSIN,55,2026,April,Tornado,C,79,MILWAUKEE,MKX,17-APR-26 19:00:00,CST-6,17-APR-26 19:05:00,0,0,0,0,105.00K,0.00K,NWS Storm Survey,,,,,EF1,1.31,75,,,,,1.95,SSW,FRANKLIN ARPT,1.36,SSE,FRANKLIN ARPT,42.844,-88.015,42.8514,-87.9912,"A round of severe thunderstorms and flash flooding occurred as a strong cold front approached and tracked across southern WI. More specifically, supercell thunderstorms developed from northeast IA into southwest WI and far southern WI during the late afternoon and evening hours. Eventually these storms transitioned to a squall line which had a number of tornadoes associated with it, as it tracked through southeast Wisconsin.  Flash flooding affected much of the same region especially in Janesville. Many large hail reports and a small number of downburst damaging wind reports were also received.","Tornado started near 6 Mile Rd west of Raynor Ave and tracked to the northeast, ending in southern Milwaukee county.  Possible that this tornado merged with the other one directly to the south.",CSV
202604,17,1911,202604,17,1913,212527,1334103,WISCONSIN,55,2026,April,Thunderstorm Wind,C,101,RACINE,MKX,17-APR-26 19:11:00,CST-6,17-APR-26 19:13:00,0,0,0,0,30.00K,0.00K,NWS Storm Survey,70.00,EG,,,,,,,,,,.69,N,CADDY VISTA,.69,N,CADDY VISTA,42.84,-87.92,42.84,-87.92,"A round of severe thunderstorms and flash flooding occurred as a strong cold front approached and tracked across southern WI. More specifically, supercell thunderstorms developed from northeast IA into southwest WI and far southern WI during the late afternoon and evening hours. Eventually these storms transitioned to a squall line which had a number of tornadoes associated with it, as it tracked through southeast Wisconsin.  Flash flooding affected much of the same region especially in Janesville. Many large hail reports and a small number of downburst damaging wind reports were also received.",Total destruction of a greenhouse and damage to other outbuildings. Multiple trees uprooted and leaning to the north northeast.,CSV
202604,17,1620,202604,17,1620,212527,1334129,WISCONSIN,55,2026,April,Hail,C,45,GREEN,MKX,17-APR-26 16:20:00,CST-6,17-APR-26 16:20:00,0,0,0,0,,0.00K,Public,2.75,,,,,,,,,,,.47,W,MONROE,.47,W,MONROE,42.5999,-89.6392,42.5999,-89.6392,"A round of severe thunderstorms and flash flooding occurred as a strong cold front approached and tracked across southern WI. More specifically, supercell thunderstorms developed from northeast IA into southwest WI and far southern WI during the late afternoon and evening hours. Eventually these storms transitioned to a squall line which had a number of tornadoes associated with it, as it tracked through southeast Wisconsin.  Flash flooding affected much of the same region especially in Janesville. Many large hail reports and a small number of downburst damaging wind reports were also received.",,CSV
202604,17,1930,202604,17,2100,212527,1335051,WISCONSIN,55,2026,April,Flash Flood,C,101,RACINE,MKX,17-APR-26 19:30:00,CST-6,17-APR-26 21:00:00,0,0,0,0,2.00K,0.00K,911 Call Center,,,Heavy Rain,,,,,,,,,1.77,SSE,STURTEVANT SYLVANIA,2.64,E,BROWNS LAKE,42.675,-87.962,42.6758,-88.1787,"A round of severe thunderstorms and flash flooding occurred as a strong cold front approached and tracked across southern WI. More specifically, supercell thunderstorms developed from northeast IA into southwest WI and far southern WI during the late afternoon and evening hours. Eventually these storms transitioned to a squall line which had a number of tornadoes associated with it, as it tracked through southeast Wisconsin.  Flash flooding affected much of the same region especially in Janesville. Many large hail reports and a small number of downburst damaging wind reports were also received.",Flash flooding of streets from the 1600 to 1700 block of 2 Mile Rd. Flash flooding at the 1000 block of 61st Dr.  Flooding at 67th Dr. and Mill Ave. Flash flooding at Sharp Rd. and Rowntree Rd.,CSV
202604,17,1723,202604,17,1723,212527,1334112,WISCONSIN,55,2026,April,Hail,C,105,ROCK,MKX,17-APR-26 17:23:00,CST-6,17-APR-26 17:23:00,0,0,0,0,,0.00K,Public,1.75,,,,,,,,,,,.69,N,MILTON,.69,N,MILTON,42.78,-88.95,42.78,-88.95,"A round of severe thunderstorms and flash flooding occurred as a strong cold front approached and tracked across southern WI. More specifically, supercell thunderstorms developed from northeast IA into southwest WI and far southern WI during the late afternoon and evening hours. Eventually these storms transitioned to a squall line which had a number of tornadoes associated with it, as it tracked through southeast Wisconsin.  Flash flooding affected much of the same region especially in Janesville. Many large hail reports and a small number of downburst damaging wind reports were also received.",,CSV
202604,17,1716,202604,17,1716,212527,1334133,WISCONSIN,55,2026,April,Hail,C,105,ROCK,MKX,17-APR-26 17:16:00,CST-6,17-APR-26 17:16:00,0,0,0,0,,0.00K,Public,1.75,,,,,,,,,,,.51,E,BELOIT,.51,E,BELOIT,42.5198,-89.0199,42.5198,-89.0199,"A round of severe thunderstorms and flash flooding occurred as a strong cold front approached and tracked across southern WI. More specifically, supercell thunderstorms developed from northeast IA into southwest WI and far southern WI during the late afternoon and evening hours. Eventually these storms transitioned to a squall line which had a number of tornadoes associated with it, as it tracked through southeast Wisconsin.  Flash flooding affected much of the same region especially in Janesville. Many large hail reports and a small number of downburst damaging wind reports were also received.",,CSV
202604,17,1507,202604,17,1507,212527,1334105,WISCONSIN,55,2026,April,Hail,C,49,IOWA,MKX,17-APR-26 15:07:00,CST-6,17-APR-26 15:07:00,0,0,0,0,,0.00K,Public,1.00,,,,,,,,,,,.69,S,DODGEVILLE,.69,S,DODGEVILLE,42.96,-90.13,42.96,-90.13,"A round of severe thunderstorms and flash flooding occurred as a strong cold front approached and tracked across southern WI. More specifically, supercell thunderstorms developed from northeast IA into southwest WI and far southern WI during the late afternoon and evening hours. Eventually these storms transitioned to a squall line which had a number of tornadoes associated with it, as it tracked through southeast Wisconsin.  Flash flooding affected much of the same region especially in Janesville. Many large hail reports and a small number of downburst damaging wind reports were also received.",,CSV
202604,17,1510,202604,17,1510,212527,1334106,WISCONSIN,55,2026,April,Hail,C,49,IOWA,MKX,17-APR-26 15:10:00,CST-6,17-APR-26 15:10:00,0,0,0,0,0.00K,0.00K,Public,0.75,,,,,,,,,,,.51,E,DODGEVILLE,.51,E,DODGEVILLE,42.97,-90.12,42.97,-90.12,"A round of severe thunderstorms and flash flooding occurred as a strong cold front approached and tracked across southern WI. More specifically, supercell thunderstorms developed from northeast IA into southwest WI and far southern WI during the late afternoon and evening hours. Eventually these storms transitioned to a squall line which had a number of tornadoes associated with it, as it tracked through southeast Wisconsin.  Flash flooding affected much of the same region especially in Janesville. Many large hail reports and a small number of downburst damaging wind reports were also received.",,CSV
202604,17,1522,202604,17,1522,212527,1334110,WISCONSIN,55,2026,April,Hail,C,65,LAFAYETTE,MKX,17-APR-26 15:22:00,CST-6,17-APR-26 15:22:00,0,0,0,0,0.00K,0.00K,Public,0.75,,,,,,,,,,,.86,NW,SOUTH WAYNE,.86,NW,SOUTH WAYNE,42.58,-89.89,42.58,-89.89,"A round of severe thunderstorms and flash flooding occurred as a strong cold front approached and tracked across southern WI. More specifically, supercell thunderstorms developed from northeast IA into southwest WI and far southern WI during the late afternoon and evening hours. Eventually these storms transitioned to a squall line which had a number of tornadoes associated with it, as it tracked through southeast Wisconsin.  Flash flooding affected much of the same region especially in Janesville. Many large hail reports and a small number of downburst damaging wind reports were also received.",,CSV
202604,17,1540,202604,17,1540,212527,1334111,WISCONSIN,55,2026,April,Hail,C,111,SAUK,MKX,17-APR-26 15:40:00,CST-6,17-APR-26 15:40:00,0,0,0,0,0.00K,0.00K,Public,0.75,,,,,,,,,,,0,N,PRAIRIE DU SAC ARPT,0,N,PRAIRIE DU SAC ARPT,43.3,-89.75,43.3,-89.75,"A round of severe thunderstorms and flash flooding occurred as a strong cold front approached and tracked across southern WI. More specifically, supercell thunderstorms developed from northeast IA into southwest WI and far southern WI during the late afternoon and evening hours. Eventually these storms transitioned to a squall line which had a number of tornadoes associated with it, as it tracked through southeast Wisconsin.  Flash flooding affected much of the same region especially in Janesville. Many large hail reports and a small number of downburst damaging wind reports were also received.",,CSV
202602,1,0,202602,24,600,211233,1319842,WISCONSIN,55,2026,February,Drought,Z,12,FLORENCE,GRB,01-FEB-26 00:00:00,CST-6,24-FEB-26 06:00:00,0,0,0,0,0.00K,,Drought Monitor,,,,,,,,,,,,,,,,,,,,,,Above normal precipitation from rain and melted snow since the beginning of the year brought an end to the Severe Drought (D2) across southeast Florence and far northwest Marinette counties in late February.,"Precipitation totals over an inch were recorded from the 18th through the 22nd, bringing an end to the Severe Drought (D2) across southeast Florence County. By the end of the month, the southern two-thirds of the county was designated in Moderate Drought (D1) while the northern third was classified as Abnormally Dry (D0) due to long term precipitation deficits.",CSV
202602,1,0,202602,24,600,211233,1319843,WISCONSIN,55,2026,February,Drought,Z,13,NORTHERN MARINETTE,GRB,01-FEB-26 00:00:00,CST-6,24-FEB-26 06:00:00,0,0,0,0,0.00K,0.00K,Drought Monitor,,,,,,,,,,,,,,,,,,,,,,Above normal precipitation from rain and melted snow since the beginning of the year brought an end to the Severe Drought (D2) across southeast Florence and far northwest Marinette counties in late February.,"Precipitation totals over an inch were recorded from the 18th through the 22nd, bringing an end to the Severe Drought (D2) across far northwest Marinette County. By the end of the month, northern Marinette County was designated in Moderate Drought (D1), except along the Upper Michigan border where Abnormally Dry (D0) conditions prevailed due to long term precipitation deficits.",CSV
202604,17,1825,202604,17,1825,212527,1334117,WISCONSIN,55,2026,April,Hail,C,133,WAUKESHA,MKX,17-APR-26 18:25:00,CST-6,17-APR-26 18:25:00,0,0,0,0,0.00K,0.00K,Amateur Radio,1.00,,,,,,,,,,,2.07,S,EAGLE,2.07,S,EAGLE,42.85,-88.47,42.85,-88.47,"A round of severe thunderstorms and flash flooding occurred as a strong cold front approached and tracked across southern WI. More specifically, supercell thunderstorms developed from northeast IA into southwest WI and far southern WI during the late afternoon and evening hours. Eventually these storms transitioned to a squall line which had a number of tornadoes associated with it, as it tracked through southeast Wisconsin.  Flash flooding affected much of the same region especially in Janesville. Many large hail reports and a small number of downburst damaging wind reports were also received.",,CSV
202604,17,1802,202604,17,1802,212527,1334118,WISCONSIN,55,2026,April,Hail,C,127,WALWORTH,MKX,17-APR-26 18:02:00,CST-6,17-APR-26 18:02:00,0,0,0,0,,0.00K,Public,1.00,,,,,,,,,,,1.52,W,LITTLE PRAIRIE,1.52,W,LITTLE PRAIRIE,42.83,-88.56,42.83,-88.56,"A round of severe thunderstorms and flash flooding occurred as a strong cold front approached and tracked across southern WI. More specifically, supercell thunderstorms developed from northeast IA into southwest WI and far southern WI during the late afternoon and evening hours. Eventually these storms transitioned to a squall line which had a number of tornadoes associated with it, as it tracked through southeast Wisconsin.  Flash flooding affected much of the same region especially in Janesville. Many large hail reports and a small number of downburst damaging wind reports were also received.",,CSV
202604,17,1611,202604,17,1611,212527,1334119,WISCONSIN,55,2026,April,Hail,C,45,GREEN,MKX,17-APR-26 16:11:00,CST-6,17-APR-26 16:11:00,0,0,0,0,,0.00K,Public,1.25,,,,,,,,,,,1.23,NW,MONROE,1.23,NW,MONROE,42.61,-89.65,42.61,-89.65,"A round of severe thunderstorms and flash flooding occurred as a strong cold front approached and tracked across southern WI. More specifically, supercell thunderstorms developed from northeast IA into southwest WI and far southern WI during the late afternoon and evening hours. Eventually these storms transitioned to a squall line which had a number of tornadoes associated with it, as it tracked through southeast Wisconsin.  Flash flooding affected much of the same region especially in Janesville. Many large hail reports and a small number of downburst damaging wind reports were also received.",,CSV
202604,17,1502,202604,17,1502,212527,1334126,WISCONSIN,55,2026,April,Hail,C,65,LAFAYETTE,MKX,17-APR-26 15:02:00,CST-6,17-APR-26 15:02:00,0,0,0,0,,0.00K,Public,1.00,,,,,,,,,,,2,W,SEYMOUR CORNERS,2,W,SEYMOUR CORNERS,42.6701,-90.2895,42.6701,-90.2895,"A round of severe thunderstorms and flash flooding occurred as a strong cold front approached and tracked across southern WI. More specifically, supercell thunderstorms developed from northeast IA into southwest WI and far southern WI during the late afternoon and evening hours. Eventually these storms transitioned to a squall line which had a number of tornadoes associated with it, as it tracked through southeast Wisconsin.  Flash flooding affected much of the same region especially in Janesville. Many large hail reports and a small number of downburst damaging wind reports were also received.",,CSV
202602,18,1200,202602,18,2200,210916,1317837,WISCONSIN,55,2026,February,Winter Weather,Z,23,ST. CROIX,MPX,18-FEB-26 12:00:00,CST-6,18-FEB-26 22:00:00,0,0,0,0,0.00K,0.00K,CoCoRaHS,,,,,,,,,,,,,,,,,,,,,,"A stacked surface low was located over northeastern MN. An area of deformation developed across the Dakotas and moved slowly through Minnesota into western Wisconsin. Forcing within the mid-levels allowed for moderate to heavy snow to fall across portions of western WI.||The highest snowfall measurements were observed mostly in western Pierce County, with 5.7 inches 3 miles south of River Falls. Otherwise, the surrounding counties mainly observed 1 to 2 inches of snow.","Heavy snowfall with rates near one inch per hour produced 1 to 4 inches across the county. CoCoRaHS observers measured 4 inches in River Falls, 3.8 inches in Roberts, and 1.5 inches in New Richmond.",CSV
202602,18,1300,202602,19,800,210916,1317842,WISCONSIN,55,2026,February,Winter Weather,Z,25,DUNN,MPX,18-FEB-26 13:00:00,CST-6,19-FEB-26 08:00:00,0,0,0,0,0.00K,0.00K,CoCoRaHS,,,,,,,,,,,,,,,,,,,,,,"A stacked surface low was located over northeastern MN. An area of deformation developed across the Dakotas and moved slowly through Minnesota into western Wisconsin. Forcing within the mid-levels allowed for moderate to heavy snow to fall across portions of western WI.||The highest snowfall measurements were observed mostly in western Pierce County, with 5.7 inches 3 miles south of River Falls. Otherwise, the surrounding counties mainly observed 1 to 2 inches of snow.",Between 1 to 2 inches of snow fell across the county. CoCoRaHS observers measured 2 inches of snowfall in Menomonie and 1.5 inches in Colfax.,CSV
202602,18,1300,202602,19,300,210916,1317844,WISCONSIN,55,2026,February,Winter Weather,Z,27,CHIPPEWA,MPX,18-FEB-26 13:00:00,CST-6,19-FEB-26 03:00:00,0,0,0,0,0.00K,0.00K,CoCoRaHS,,,,,,,,,,,,,,,,,,,,,,"A stacked surface low was located over northeastern MN. An area of deformation developed across the Dakotas and moved slowly through Minnesota into western Wisconsin. Forcing within the mid-levels allowed for moderate to heavy snow to fall across portions of western WI.||The highest snowfall measurements were observed mostly in western Pierce County, with 5.7 inches 3 miles south of River Falls. Otherwise, the surrounding counties mainly observed 1 to 2 inches of snow.",Between 1 to 2 inches of snow fell across the county. CoCoRaHS observers measured 1.9 inches of snow in Chippewa Falls.,CSV
202602,1,0,202602,28,2359,210184,1319175,WISCONSIN,55,2026,February,Drought,Z,1,DOUGLAS,DLH,01-FEB-26 00:00:00,CST-6,28-FEB-26 23:59:00,0,0,0,0,0.00K,0.00K,Drought Monitor,,,,,,,,,,,,,,,,,,,,,,"D2 Severe Drought conditions persisted across parts of northwestern Wisconsin during the month of February. A slight reduction in the area of D2 Severe Drought was realized with the update on the 24th, but no significant chances were observed. Precipitation for the month was around 0.5 to 1 inches above normal in the area where the reduction in D2 Severe Drought occurred with 0.25 to 0.5 inches below normal in the area where D2 Severe Drought persisted.","D2 Severe Drought conditions covered much of the western 3/4ths of the county for most of February. A slight reduction in the area of D2 Severe Drought was seen with the update on the 24th with D2 Severe Drought across roughly the southwestern half of the county. Precipitation for the month was around 0.5 to 1 inches above normal in the area where the reduction in D2 Severe Drought occurred, including Superior, with 0.25 to 0.5 inches below normal across the far southern reaches of the county.",CSV
202602,1,0,202602,28,2359,210184,1319177,WISCONSIN,55,2026,February,Drought,Z,6,BURNETT,DLH,01-FEB-26 00:00:00,CST-6,28-FEB-26 23:59:00,0,0,0,0,0.00K,0.00K,Drought Monitor,,,,,,,,,,,,,,,,,,,,,,"D2 Severe Drought conditions persisted across parts of northwestern Wisconsin during the month of February. A slight reduction in the area of D2 Severe Drought was realized with the update on the 24th, but no significant chances were observed. Precipitation for the month was around 0.5 to 1 inches above normal in the area where the reduction in D2 Severe Drought occurred with 0.25 to 0.5 inches below normal in the area where D2 Severe Drought persisted.",D2 Severe Drought conditions covered the northern 1/3rd of the county during the month of February. No significant changes in drought category were observed over the course of the month. Precipitation for the month was near to around 0.20 inches below normal in this area with the dry conditions extending back to last summer.,CSV
202602,1,0,202602,28,2359,210184,1319178,WISCONSIN,55,2026,February,Drought,Z,7,WASHBURN,DLH,01-FEB-26 00:00:00,CST-6,28-FEB-26 23:59:00,0,0,0,0,0.00K,0.00K,Drought Monitor,,,,,,,,,,,,,,,,,,,,,,"D2 Severe Drought conditions persisted across parts of northwestern Wisconsin during the month of February. A slight reduction in the area of D2 Severe Drought was realized with the update on the 24th, but no significant chances were observed. Precipitation for the month was around 0.5 to 1 inches above normal in the area where the reduction in D2 Severe Drought occurred with 0.25 to 0.5 inches below normal in the area where D2 Severe Drought persisted.",D2 Severe Drought conditions persisted across the far northwestern corner of the county during the month of February. No changes in drought category were observed over the course of the month. Precipitation for the month was near to around 0.20 inches below normal in this area with the dry conditions extending back to last summer.,CSV
202602,20,330,202602,20,1000,209561,1306282,WISCONSIN,55,2026,February,Winter Storm,Z,35,WOOD,GRB,20-FEB-26 03:30:00,CST-6,20-FEB-26 10:00:00,0,0,0,0,0.00K,0.00K,Trained Spotter,,,,,,,,,,,,,,,,,,,,,,"Low pressure tracked through southern and eastern Wisconsin during the early morning hours on Friday (2/20).  Precipitation started out as rain late Thursday (2/19) night, then transitioned to snow early Friday (2/20) morning.  A swath of 6 to 8 inches fell in a narrow band across Wood and Portage Counties along with gusty northwest winds up to 30 mph Friday (2/20) morning.  ||Some of the highest snowfall amounts were 8.8 inches in Vesper (Wood Co.), 6.8 inches in Rudolph (Portage Co.), 6.6 inches in Stevens Point (Portage Co.), and 6.5 inches in Wisconsin Rapids (Wood Co.).",The highest snowfall totals across Wood County included 8.8 inches in Vesper and 6.5 inches in Wisconsin Rapids.,CSV
202602,20,330,202602,20,1030,209561,1306684,WISCONSIN,55,2026,February,Winter Storm,Z,36,PORTAGE,GRB,20-FEB-26 03:30:00,CST-6,20-FEB-26 10:30:00,0,0,0,0,0.00K,0.00K,CoCoRaHS,,,,,,,,,,,,,,,,,,,,,,"Low pressure tracked through southern and eastern Wisconsin during the early morning hours on Friday (2/20).  Precipitation started out as rain late Thursday (2/19) night, then transitioned to snow early Friday (2/20) morning.  A swath of 6 to 8 inches fell in a narrow band across Wood and Portage Counties along with gusty northwest winds up to 30 mph Friday (2/20) morning.  ||Some of the highest snowfall amounts were 8.8 inches in Vesper (Wood Co.), 6.8 inches in Rudolph (Portage Co.), 6.6 inches in Stevens Point (Portage Co.), and 6.5 inches in Wisconsin Rapids (Wood Co.).",The highest snowfall totals across Portage County included 6.8 inches near Rudolph and 6.6 inches in Stevens Point.,CSV
202604,17,1729,202604,17,1729,212527,1334134,WISCONSIN,55,2026,April,Hail,C,105,ROCK,MKX,17-APR-26 17:29:00,CST-6,17-APR-26 17:29:00,0,0,0,0,,0.00K,Public,2.00,,,,,,,,,,,.51,E,BELOIT,.51,E,BELOIT,42.5198,-89.0199,42.5198,-89.0199,"A round of severe thunderstorms and flash flooding occurred as a strong cold front approached and tracked across southern WI. More specifically, supercell thunderstorms developed from northeast IA into southwest WI and far southern WI during the late afternoon and evening hours. Eventually these storms transitioned to a squall line which had a number of tornadoes associated with it, as it tracked through southeast Wisconsin.  Flash flooding affected much of the same region especially in Janesville. Many large hail reports and a small number of downburst damaging wind reports were also received.",,CSV
202604,17,1620,202604,17,1620,212527,1334131,WISCONSIN,55,2026,April,Hail,C,45,GREEN,MKX,17-APR-26 16:20:00,CST-6,17-APR-26 16:20:00,0,0,0,0,,0.00K,Public,1.50,,,,,,,,,,,.87,SW,MONROE,.87,SW,MONROE,42.5899,-89.6402,42.5899,-89.6402,"A round of severe thunderstorms and flash flooding occurred as a strong cold front approached and tracked across southern WI. More specifically, supercell thunderstorms developed from northeast IA into southwest WI and far southern WI during the late afternoon and evening hours. Eventually these storms transitioned to a squall line which had a number of tornadoes associated with it, as it tracked through southeast Wisconsin.  Flash flooding affected much of the same region especially in Janesville. Many large hail reports and a small number of downburst damaging wind reports were also received.",,CSV
202604,17,1600,202604,17,1830,212527,1334146,WISCONSIN,55,2026,April,Flash Flood,C,49,IOWA,MKX,17-APR-26 16:00:00,CST-6,17-APR-26 18:30:00,0,0,0,0,5.00K,0.00K,911 Call Center,,,Heavy Rain,,,,,,,,,3.84,ESE,ARENA,2.4,ESE,HELENA,43.1567,-89.8461,43.1515,-89.9796,"A round of severe thunderstorms and flash flooding occurred as a strong cold front approached and tracked across southern WI. More specifically, supercell thunderstorms developed from northeast IA into southwest WI and far southern WI during the late afternoon and evening hours. Eventually these storms transitioned to a squall line which had a number of tornadoes associated with it, as it tracked through southeast Wisconsin.  Flash flooding affected much of the same region especially in Janesville. Many large hail reports and a small number of downburst damaging wind reports were also received.","Flash flooding of creeks flowing over several rural roads. This included a flooded road in Cobb, floodwaters over bridges on Amacher Hollow Rd. and Sawle Rd.",CSV
202604,17,1700,202604,17,1900,212527,1334147,WISCONSIN,55,2026,April,Flash Flood,C,45,GREEN,MKX,17-APR-26 17:00:00,CST-6,17-APR-26 19:00:00,0,0,0,0,5.00K,0.00K,911 Call Center,,,Heavy Rain,,,,,,,,,3.73,SSW,ALBANY,2.59,SSE,ALBANY,42.6477,-89.4483,42.6652,-89.4111,"A round of severe thunderstorms and flash flooding occurred as a strong cold front approached and tracked across southern WI. More specifically, supercell thunderstorms developed from northeast IA into southwest WI and far southern WI during the late afternoon and evening hours. Eventually these storms transitioned to a squall line which had a number of tornadoes associated with it, as it tracked through southeast Wisconsin.  Flash flooding affected much of the same region especially in Janesville. Many large hail reports and a small number of downburst damaging wind reports were also received.","Flash flooding of creeks leading to flooded roads at the intersection of County Highway F and FF, and State Highway 104 north of Brodhead.",CSV
202602,19,2100,202602,20,900,211167,1319285,WISCONSIN,55,2026,February,Winter Weather,Z,61,GRANT,ARX,19-FEB-26 21:00:00,CST-6,20-FEB-26 09:00:00,0,0,0,0,0.00K,0.00K,Public,,,,,,,,,,,,,,,,,,,,,,"During the late evening hours on February 19th into the morning hours on February 20th, a narrow but potent band of heavy snow moved into portions of west-central Wisconsin bringing snowfall rates of 1 to 2 inches per hour. The heaviest snowfall totals fell in a narrow corridor in Crawford, Vernon, La Crosse and Monroe counties where 8 to 12 inches of snow fell.",This snow band brought snowfall totals ranging from 1 to 4 inches across Grant County. The highest reported total was in Bagley where 4 inches was measured.,CSV
202602,19,2200,202602,20,1700,211167,1319278,WISCONSIN,55,2026,February,Winter Weather,Z,44,ADAMS,ARX,19-FEB-26 22:00:00,CST-6,20-FEB-26 17:00:00,0,0,0,0,0.00K,0.00K,CoCoRaHS,,,,,,,,,,,,,,,,,,,,,,"During the late evening hours on February 19th into the morning hours on February 20th, a narrow but potent band of heavy snow moved into portions of west-central Wisconsin bringing snowfall rates of 1 to 2 inches per hour. The heaviest snowfall totals fell in a narrow corridor in Crawford, Vernon, La Crosse and Monroe counties where 8 to 12 inches of snow fell.",Snowfall totals ranged from 3 to 4 inches across Adams County with this snow band. The highest observed total being 3 miles south of Brooks where 4 inches was measured.,CSV
202602,19,2300,202602,20,1000,211167,1319287,WISCONSIN,55,2026,February,Winter Storm,Z,43,JUNEAU,ARX,19-FEB-26 23:00:00,CST-6,20-FEB-26 10:00:00,0,0,0,0,0.00K,0.00K,Public,,,,,,,,,,,,,,,,,,,,,,"During the late evening hours on February 19th into the morning hours on February 20th, a narrow but potent band of heavy snow moved into portions of west-central Wisconsin bringing snowfall rates of 1 to 2 inches per hour. The heaviest snowfall totals fell in a narrow corridor in Crawford, Vernon, La Crosse and Monroe counties where 8 to 12 inches of snow fell.",This snow band brought heavy snow to portions of Juneau County with snowfall totals ranging from 3 to 6 inches. The highest reported snowfall total in the county was in Camp Douglas where 5 inches was measured.,CSV
202602,19,2300,202602,20,700,211167,1319288,WISCONSIN,55,2026,February,Winter Storm,Z,41,LA CROSSE,ARX,19-FEB-26 23:00:00,CST-6,20-FEB-26 07:00:00,0,0,0,0,0.00K,0.00K,Public,,,,,,,,,,,,,,,,,,,,,,"During the late evening hours on February 19th into the morning hours on February 20th, a narrow but potent band of heavy snow moved into portions of west-central Wisconsin bringing snowfall rates of 1 to 2 inches per hour. The heaviest snowfall totals fell in a narrow corridor in Crawford, Vernon, La Crosse and Monroe counties where 8 to 12 inches of snow fell.",This snow band brought heavy snow to La Crosse County with snowfall totals ranging from 6 to 10 inches across the county. The highest reported snowfall total was 6 miles south-southeast of La Crosse where 10 inches was measured.,CSV
202602,24,1100,202602,24,1200,211144,1319109,WISCONSIN,55,2026,February,Winter Weather,Z,24,PIERCE,MPX,24-FEB-26 11:00:00,CST-6,24-FEB-26 12:00:00,0,0,0,0,0.00K,0.00K,AWOS,,,,,,,,,,,,,,,,,,,,,,A band of freezing rain moved across portions of western WI. A glaze of ice caused for very slippery conditions across the region.,The AWOS station located at the Red Wing Regional Airport observed approximately an hour of freezing rain. There was less than one tenth of ice accretion but did make the travel conditions incredibly slippery.,CSV
202602,24,1100,202602,24,1200,211144,1319110,WISCONSIN,55,2026,February,Winter Weather,Z,23,ST. CROIX,MPX,24-FEB-26 11:00:00,CST-6,24-FEB-26 12:00:00,0,0,0,0,0.00K,0.00K,AWOS,,,,,,,,,,,,,,,,,,,,,,A band of freezing rain moved across portions of western WI. A glaze of ice caused for very slippery conditions across the region.,The AWOS station located at the New Richmond Municipal Airport observed approximately an hour of freezing rain. There was less than one tenth of ice accretion but did make the travel conditions incredibly slippery.,CSV
202602,24,1100,202602,24,1200,211144,1319113,WISCONSIN,55,2026,February,Winter Weather,Z,26,PEPIN,MPX,24-FEB-26 11:00:00,CST-6,24-FEB-26 12:00:00,0,0,0,0,0.00K,0.00K,AWOS,,,,,,,,,,,,,,,,,,,,,,A band of freezing rain moved across portions of western WI. A glaze of ice caused for very slippery conditions across the region.,Neighboring AWOS stations located at the Red Wing Regional Airport and Menomonie Municipal Airport observed approximately an hour of freezing rain. There was less than one tenth of ice accretion but did make the travel conditions incredibly slippery.,CSV
202602,18,1300,202602,19,300,210916,1317845,WISCONSIN,55,2026,February,Winter Weather,Z,28,EAU CLAIRE,MPX,18-FEB-26 13:00:00,CST-6,19-FEB-26 03:00:00,0,0,0,0,0.00K,0.00K,CoCoRaHS,,,,,,,,,,,,,,,,,,,,,,"A stacked surface low was located over northeastern MN. An area of deformation developed across the Dakotas and moved slowly through Minnesota into western Wisconsin. Forcing within the mid-levels allowed for moderate to heavy snow to fall across portions of western WI.||The highest snowfall measurements were observed mostly in western Pierce County, with 5.7 inches 3 miles south of River Falls. Otherwise, the surrounding counties mainly observed 1 to 2 inches of snow.",Light snow and gusty winds produced 1 to 2 inches across the county and periods of reduced visibility below one mile. CoCoRaHS observers measured 2.5 inches of snow 5 miles SW of Eau Claire and 1.9 inches 5 miles NW of Eleva.,CSV
202602,18,1300,202602,19,800,210916,1317846,WISCONSIN,55,2026,February,Winter Weather,Z,26,PEPIN,MPX,18-FEB-26 13:00:00,CST-6,19-FEB-26 08:00:00,0,0,0,0,0.00K,0.00K,CoCoRaHS,,,,,,,,,,,,,,,,,,,,,,"A stacked surface low was located over northeastern MN. An area of deformation developed across the Dakotas and moved slowly through Minnesota into western Wisconsin. Forcing within the mid-levels allowed for moderate to heavy snow to fall across portions of western WI.||The highest snowfall measurements were observed mostly in western Pierce County, with 5.7 inches 3 miles south of River Falls. Otherwise, the surrounding counties mainly observed 1 to 2 inches of snow.",Light snow and gusty winds produced 1 to 2 inches across the county and periods of reduced visibility down to one mile. CoCoRaHS observers measured 1.5 inches in 3 miles NE of Stockholm.,CSV
202602,18,1200,202602,19,200,210916,1321396,WISCONSIN,55,2026,February,Winter Weather,Z,24,PIERCE,MPX,18-FEB-26 12:00:00,CST-6,19-FEB-26 02:00:00,0,0,0,0,0.00K,0.00K,CoCoRaHS,,,,,,,,,,,,,,,,,,,,,,"A stacked surface low was located over northeastern MN. An area of deformation developed across the Dakotas and moved slowly through Minnesota into western Wisconsin. Forcing within the mid-levels allowed for moderate to heavy snow to fall across portions of western WI.||The highest snowfall measurements were observed mostly in western Pierce County, with 5.7 inches 3 miles south of River Falls. Otherwise, the surrounding counties mainly observed 1 to 2 inches of snow.",Heavy snowfall with rates near one inch per hour produced 2 to 6 inches. The highest snow totals located in the western portion of the county. CoCoRaHS observers measured 5.7 inches 3 miles S of River Falls.,CSV
202604,13,1735,202604,13,1735,211784,1328747,WISCONSIN,55,2026,April,Hail,C,11,BUFFALO,ARX,13-APR-26 17:35:00,CST-6,13-APR-26 17:35:00,0,0,0,0,0.00K,0.00K,Public,1.50,,,,,,,,,,,2.47,W,TELL,2.47,W,TELL,44.38,-91.92,44.38,-91.92,"Severe storms moved into west-central Wisconsin from southeast Minnesota and brought large hail up to 3 inches in diameter to the area. Additionally, an EF-0 tornado occurred near Gilman, Wisconsin which was widely observed by spotters and the public. Some isolated wind damage occurred as well later into the evening as storms congealed into a line and pushed eastward.",The public reported ping pong ball sized hail roughly 2 miles west of Tell.,CSV
202604,13,1730,202604,13,1730,211784,1328748,WISCONSIN,55,2026,April,Hail,C,121,TREMPEALEAU,ARX,13-APR-26 17:30:00,CST-6,13-APR-26 17:30:00,0,0,0,0,0.00K,0.00K,Public,1.00,,,,,,,,,,,.49,W,STRUM,.49,W,STRUM,44.55,-91.39,44.55,-91.39,"Severe storms moved into west-central Wisconsin from southeast Minnesota and brought large hail up to 3 inches in diameter to the area. Additionally, an EF-0 tornado occurred near Gilman, Wisconsin which was widely observed by spotters and the public. Some isolated wind damage occurred as well later into the evening as storms congealed into a line and pushed eastward.",The public reported quarter sized hail near Strum.,CSV
202604,13,1735,202604,13,1735,211784,1328750,WISCONSIN,55,2026,April,Hail,C,121,TREMPEALEAU,ARX,13-APR-26 17:35:00,CST-6,13-APR-26 17:35:00,0,0,0,0,8.00K,0.00K,Public,1.75,,,,,,,,,,,3.71,ENE,STRUM VIKING FLD ARP,3.71,ENE,STRUM VIKING FLD ARP,44.57,-91.3,44.57,-91.3,"Severe storms moved into west-central Wisconsin from southeast Minnesota and brought large hail up to 3 inches in diameter to the area. Additionally, an EF-0 tornado occurred near Gilman, Wisconsin which was widely observed by spotters and the public. Some isolated wind damage occurred as well later into the evening as storms congealed into a line and pushed eastward.",The public reported golf ball sized hail 4 miles east-northeast of Strum.,CSV
202604,13,1741,202604,13,1741,211784,1328753,WISCONSIN,55,2026,April,Hail,C,121,TREMPEALEAU,ARX,13-APR-26 17:41:00,CST-6,13-APR-26 17:41:00,0,0,0,0,375.00K,0.00K,Public,1.75,,,,,,,,,,,0,N,OSSEO,0,N,OSSEO,44.58,-91.22,44.58,-91.22,"Severe storms moved into west-central Wisconsin from southeast Minnesota and brought large hail up to 3 inches in diameter to the area. Additionally, an EF-0 tornado occurred near Gilman, Wisconsin which was widely observed by spotters and the public. Some isolated wind damage occurred as well later into the evening as storms congealed into a line and pushed eastward.",The public reported golf ball sized hail in Osseo.,CSV
202604,13,1740,202604,13,1740,211784,1328755,WISCONSIN,55,2026,April,Hail,C,19,CLARK,ARX,13-APR-26 17:40:00,CST-6,13-APR-26 17:40:00,0,0,0,0,0.00K,0.00K,Public,1.75,,,,,,,,,,,.49,W,CHILI,.49,W,CHILI,44.63,-90.36,44.63,-90.36,"Severe storms moved into west-central Wisconsin from southeast Minnesota and brought large hail up to 3 inches in diameter to the area. Additionally, an EF-0 tornado occurred near Gilman, Wisconsin which was widely observed by spotters and the public. Some isolated wind damage occurred as well later into the evening as storms congealed into a line and pushed eastward.",The public reported golf ball sized in Chili.,CSV
202604,17,1715,202604,17,2045,212527,1334155,WISCONSIN,55,2026,April,Flash Flood,C,105,ROCK,MKX,17-APR-26 17:15:00,CST-6,17-APR-26 20:45:00,0,0,0,0,30.00M,0.00K,Law Enforcement,,,Heavy Rain,,,,,,,,,2.94,WSW,DOWNTOWN JANESVILLE,2.56,ESE,LEYDEN,42.6691,-89.0759,42.7186,-89.082,"A round of severe thunderstorms and flash flooding occurred as a strong cold front approached and tracked across southern WI. More specifically, supercell thunderstorms developed from northeast IA into southwest WI and far southern WI during the late afternoon and evening hours. Eventually these storms transitioned to a squall line which had a number of tornadoes associated with it, as it tracked through southeast Wisconsin.  Flash flooding affected much of the same region especially in Janesville. Many large hail reports and a small number of downburst damaging wind reports were also received.","Around 700 911 calls mainly attributed to flash flooding. Flash flooding of streets and yards in Janesville with basement flooding in many homes. Many vehicles stranded in deep water. A bridge was washed out due to the flooding of Fisher Creek over Rockport Rd. Severe flooding of a church, and the basement of an elementary school. The school's mechanical systems and main power panel were destroyed. The school has been closed. RAJ stadium flooded. A train derailment in downtown Janesville with 3  locomotives off the tracks, due to a sinkhole. 1st responders conducted a water rescue of the engineer using a rope.",CSV
202602,20,0,202602,20,900,211167,1319286,WISCONSIN,55,2026,February,Winter Storm,Z,34,JACKSON,ARX,20-FEB-26 00:00:00,CST-6,20-FEB-26 09:00:00,0,0,0,0,0.00K,0.00K,Trained Spotter,,,,,,,,,,,,,,,,,,,,,,"During the late evening hours on February 19th into the morning hours on February 20th, a narrow but potent band of heavy snow moved into portions of west-central Wisconsin bringing snowfall rates of 1 to 2 inches per hour. The heaviest snowfall totals fell in a narrow corridor in Crawford, Vernon, La Crosse and Monroe counties where 8 to 12 inches of snow fell.",This snow band brought heavy snow to Jackson County with snowfall amounts ranging from 4 to 6 inches. The highest snowfall total in the county was reported in Melrose where 5.5 inches was measured.,CSV
202602,20,0,202602,20,700,211167,1319290,WISCONSIN,55,2026,February,Winter Weather,Z,33,TREMPEALEAU,ARX,20-FEB-26 00:00:00,CST-6,20-FEB-26 07:00:00,0,0,0,0,0.00K,0.00K,Public,,,,,,,,,,,,,,,,,,,,,,"During the late evening hours on February 19th into the morning hours on February 20th, a narrow but potent band of heavy snow moved into portions of west-central Wisconsin bringing snowfall rates of 1 to 2 inches per hour. The heaviest snowfall totals fell in a narrow corridor in Crawford, Vernon, La Crosse and Monroe counties where 8 to 12 inches of snow fell.",This snow band brought snowfall totals of 2 to 5 inches across Trempealeau County. The highest reported snowfall total was in Centerville where 5 inches was measured.,CSV
202602,24,1100,202602,24,1200,211144,1319114,WISCONSIN,55,2026,February,Winter Weather,Z,25,DUNN,MPX,24-FEB-26 11:00:00,CST-6,24-FEB-26 12:00:00,0,0,0,0,0.00K,0.00K,AWOS,,,,,,,,,,,,,,,,,,,,,,A band of freezing rain moved across portions of western WI. A glaze of ice caused for very slippery conditions across the region.,The AWOS station Menomonie Municipal Airport observed approximately an hour of freezing rain. There was less than one tenth of ice accretion but did make the travel conditions incredibly slippery.,CSV
202602,24,1100,202602,24,1200,211144,1319115,WISCONSIN,55,2026,February,Winter Weather,Z,28,EAU CLAIRE,MPX,24-FEB-26 11:00:00,CST-6,24-FEB-26 12:00:00,0,0,0,0,0.00K,0.00K,ASOS,,,,,,,,,,,,,,,,,,,,,,A band of freezing rain moved across portions of western WI. A glaze of ice caused for very slippery conditions across the region.,The ASOS station at the Chippewa Valley Regional Airport observed approximately an hour of freezing rain. There was less than one tenth of ice accretion but did make the travel conditions incredibly slippery.,CSV
202604,13,1750,202604,13,1750,211784,1328762,WISCONSIN,55,2026,April,Hail,C,53,JACKSON,ARX,13-APR-26 17:50:00,CST-6,13-APR-26 17:50:00,0,0,0,0,17.00K,0.00K,Public,1.75,,,,,,,,,,,2.46,E,PRICE,2.46,E,PRICE,44.58,-91,44.58,-91,"Severe storms moved into west-central Wisconsin from southeast Minnesota and brought large hail up to 3 inches in diameter to the area. Additionally, an EF-0 tornado occurred near Gilman, Wisconsin which was widely observed by spotters and the public. Some isolated wind damage occurred as well later into the evening as storms congealed into a line and pushed eastward.",The public reported golf ball sized hail 2 miles east of Price.,CSV
202604,13,1822,202604,13,1822,211784,1328778,WISCONSIN,55,2026,April,Hail,C,53,JACKSON,ARX,13-APR-26 18:22:00,CST-6,13-APR-26 18:22:00,0,0,0,0,15.00K,0.00K,Trained Spotter,1.75,,,,,,,,,,,1.47,SSE,PRICE,1.47,SSE,PRICE,44.56,-91.04,44.56,-91.04,"Severe storms moved into west-central Wisconsin from southeast Minnesota and brought large hail up to 3 inches in diameter to the area. Additionally, an EF-0 tornado occurred near Gilman, Wisconsin which was widely observed by spotters and the public. Some isolated wind damage occurred as well later into the evening as storms congealed into a line and pushed eastward.",A trained spotter reported golf ball sized hail roughly 2 miles south-southeast of Price.,CSV
202604,13,1835,202604,13,1835,211784,1328780,WISCONSIN,55,2026,April,Hail,C,121,TREMPEALEAU,ARX,13-APR-26 18:35:00,CST-6,13-APR-26 18:35:00,0,0,0,0,0.00K,0.00K,Public,0.88,,,,,,,,,,,1.7,NE,IDUNA,1.7,NE,IDUNA,44.22,-91.3,44.22,-91.3,"Severe storms moved into west-central Wisconsin from southeast Minnesota and brought large hail up to 3 inches in diameter to the area. Additionally, an EF-0 tornado occurred near Gilman, Wisconsin which was widely observed by spotters and the public. Some isolated wind damage occurred as well later into the evening as storms congealed into a line and pushed eastward.",The public reported nickel sized hail 2 miles northeast of Iduna.,CSV
202604,13,1835,202604,13,1835,211784,1328781,WISCONSIN,55,2026,April,Hail,C,19,CLARK,ARX,13-APR-26 18:35:00,CST-6,13-APR-26 18:35:00,0,0,0,0,0.00K,0.00K,Amateur Radio,1.00,,,,,,,,,,,2.09,WNW,SIDNEY,2.09,WNW,SIDNEY,44.56,-90.69,44.56,-90.69,"Severe storms moved into west-central Wisconsin from southeast Minnesota and brought large hail up to 3 inches in diameter to the area. Additionally, an EF-0 tornado occurred near Gilman, Wisconsin which was widely observed by spotters and the public. Some isolated wind damage occurred as well later into the evening as storms congealed into a line and pushed eastward.",An amateur radio group reported quarter sized hail 3 miles west-northwest of Sidney.,CSV
202604,13,1810,202604,13,1810,211784,1328798,WISCONSIN,55,2026,April,Hail,C,19,CLARK,ARX,13-APR-26 18:10:00,CST-6,13-APR-26 18:10:00,0,0,0,0,25.00K,0.00K,Public,2.00,,,,,,,,,,,.49,E,HUMBIRD,.49,E,HUMBIRD,44.53,-90.89,44.53,-90.89,"Severe storms moved into west-central Wisconsin from southeast Minnesota and brought large hail up to 3 inches in diameter to the area. Additionally, an EF-0 tornado occurred near Gilman, Wisconsin which was widely observed by spotters and the public. Some isolated wind damage occurred as well later into the evening as storms congealed into a line and pushed eastward.",The public reported 2 inch diameter hail near Humbird.,CSV
202604,14,100,202604,15,2200,213181,1334690,WISCONSIN,55,2026,April,Flood,C,53,JACKSON,ARX,14-APR-26 01:00:00,CST-6,15-APR-26 22:00:00,0,0,0,0,0.00K,0.00K,River/Stream Gage,,,Heavy Rain,,,,,,,,,45.35,WNW,STRONGS PRAIRIE,45.15,WNW,STRONGS PRAIRIE,44.3063,-90.8339,44.3043,-90.8307,"Heavy rainfall from multiple rounds of thunderstorms during the middle of April resulted in several area rivers reaching flood stage. Some rivers reached moderate to major flood stage, with the Lemonwier River at New Lisbon approaching its flood of record.",Heavy rainfall from multiple rounds of storms during the middle of April resulted in the Black River at Black River Falls entering flood stage just after midnight on April 14th. The river crested in moderate flood stage during the afternoon hours on the 14th before falling below flood stage during the late evening hours on the 15th.,CSV
202604,14,1900,202604,21,1500,213181,1334692,WISCONSIN,55,2026,April,Flood,C,57,JUNEAU,ARX,14-APR-26 19:00:00,CST-6,21-APR-26 15:00:00,0,0,0,0,0.00K,0.00K,River/Stream Gage,,,Heavy Rain,,,,,,,,,.45,E,NEW LISBON,.4,E,NEW LISBON,43.8798,-90.161,43.8793,-90.162,"Heavy rainfall from multiple rounds of thunderstorms during the middle of April resulted in several area rivers reaching flood stage. Some rivers reached moderate to major flood stage, with the Lemonwier River at New Lisbon approaching its flood of record.",Heavy rain due to repeated rounds of thunderstorms during the middle of April resulted in the Lemonweir River at New Lisbon reaching flood stage during the evening hours on April 14th. The river crested in major flood stage and near the flood of record during the evening hours on April 16th before falling below flood stage during the afternoon on April 21st.,CSV
202604,15,1330,202604,18,730,213181,1334691,WISCONSIN,55,2026,April,Flood,C,121,TREMPEALEAU,ARX,15-APR-26 13:30:00,CST-6,18-APR-26 07:30:00,0,0,0,0,0.00K,0.00K,River/Stream Gage,,,Heavy Rain,,,,,,,,,1.46,S,BUTMAN CORNERS,1.74,SW,BUTMAN CORNERS,44.0591,-91.2846,44.0636,-91.3066,"Heavy rainfall from multiple rounds of thunderstorms during the middle of April resulted in several area rivers reaching flood stage. Some rivers reached moderate to major flood stage, with the Lemonwier River at New Lisbon approaching its flood of record.",Heavy rain from multiple rounds of thunderstorms during the middle of April contributed to the Black River at Galesville rising into flood stage during the afternoon hours on April 15th. The river crested in moderate flood stage during the morning hours on April 16th before falling below flood stage during the morning hours on April 18th.,CSV
202602,28,1400,202602,28,1830,211405,1320643,WISCONSIN,55,2026,February,Winter Weather,Z,64,JEFFERSON,MKX,28-FEB-26 14:00:00,CST-6,28-FEB-26 18:30:00,0,0,0,0,0.00K,0.00K,Trained Spotter,,,,,,,,,,,,,,,,,,,,,,An upper level low pressure area and frontal boundary brought a west to east swath of 2 to 5 inches of snow. Slick roads resulted in numerous vehicle slide-offs and accidents on highways and secondary roads.  There were major travel disruptions on the interstates and highway 18.,Snow accumulation of 1-3 inches.,CSV
202604,1,2300,202604,2,1200,211782,1334429,WISCONSIN,55,2026,April,Ice Storm,Z,17,TAYLOR,ARX,01-APR-26 23:00:00,CST-6,02-APR-26 12:00:00,0,0,0,0,0.00K,0.00K,Broadcast Media,,,,,,,,,,,,,,,,,,,,,,"Freezing rain and sleet moved into portions of western Wisconsin during the more on April 2nd with ice accumulations of around 0.25 for areas north of I-94 in Jackson, Clark and Taylor counties. This resulted in several instances of tree damage due to the freezing rain accumulation before changing over to plain rain by the afternoon.",Freezing rain began during the early morning hours on April 2nd across Taylor County resulting in ice accumulations of around 0.25. This resulted in tree damage across the county with the highest reported ice accumulation being 0.3 2 miles north of Dorchester.,CSV
202604,1,2300,202604,2,1200,211782,1334431,WISCONSIN,55,2026,April,Ice Storm,Z,29,CLARK,ARX,01-APR-26 23:00:00,CST-6,02-APR-26 12:00:00,0,0,0,0,0.00K,0.00K,Broadcast Media,,,,,,,,,,,,,,,,,,,,,,"Freezing rain and sleet moved into portions of western Wisconsin during the more on April 2nd with ice accumulations of around 0.25 for areas north of I-94 in Jackson, Clark and Taylor counties. This resulted in several instances of tree damage due to the freezing rain accumulation before changing over to plain rain by the afternoon.",Freezing rain began during the early morning hours on April 2nd resulting in ice accumulations of up to 0.25 across portions of Clark County. This resulted in tree damage in some locations.,CSV
202604,1,2300,202604,2,900,211782,1334432,WISCONSIN,55,2026,April,Ice Storm,Z,34,JACKSON,ARX,01-APR-26 23:00:00,CST-6,02-APR-26 09:00:00,0,0,0,0,0.00K,0.00K,Public,,,,,,,,,,,,,,,,,,,,,,"Freezing rain and sleet moved into portions of western Wisconsin during the more on April 2nd with ice accumulations of around 0.25 for areas north of I-94 in Jackson, Clark and Taylor counties. This resulted in several instances of tree damage due to the freezing rain accumulation before changing over to plain rain by the afternoon.",Freezing rain began in Jackson County during the early morning hours on April 2nd before ending by late morning. Ice accumulations of up to 0.25 resulted in sporadic tree damage across the county.,CSV
202604,13,1900,202604,13,1900,211784,1328825,WISCONSIN,55,2026,April,Hail,C,53,JACKSON,ARX,13-APR-26 19:00:00,CST-6,13-APR-26 19:00:00,0,0,0,0,0.00K,0.00K,Public,0.75,,,,,,,,,,,.85,SE,SCHLERVILLE,.85,SE,SCHLERVILLE,44.39,-91.01,44.39,-91.01,"Severe storms moved into west-central Wisconsin from southeast Minnesota and brought large hail up to 3 inches in diameter to the area. Additionally, an EF-0 tornado occurred near Gilman, Wisconsin which was widely observed by spotters and the public. Some isolated wind damage occurred as well later into the evening as storms congealed into a line and pushed eastward.",The public reported penny sized hail near Schlerville.,CSV
202604,13,1909,202604,13,1909,211784,1328828,WISCONSIN,55,2026,April,Hail,C,53,JACKSON,ARX,13-APR-26 19:09:00,CST-6,13-APR-26 19:09:00,0,0,0,0,0.00K,0.00K,Public,0.88,,,,,,,,,,,1.48,E,VAUDREUIL,1.48,E,VAUDREUIL,44.3,-90.85,44.3,-90.85,"Severe storms moved into west-central Wisconsin from southeast Minnesota and brought large hail up to 3 inches in diameter to the area. Additionally, an EF-0 tornado occurred near Gilman, Wisconsin which was widely observed by spotters and the public. Some isolated wind damage occurred as well later into the evening as storms congealed into a line and pushed eastward.",The public reported nickel sized hail near Black River Falls.,CSV
202604,13,1934,202604,13,1934,211784,1328835,WISCONSIN,55,2026,April,Hail,C,81,MONROE,ARX,13-APR-26 19:34:00,CST-6,13-APR-26 19:34:00,0,0,0,0,0.00K,0.00K,Emergency Manager,1.00,,,,,,,,,,,7.25,NW,KIRBY,7.25,NW,KIRBY,44.16,-90.65,44.16,-90.65,"Severe storms moved into west-central Wisconsin from southeast Minnesota and brought large hail up to 3 inches in diameter to the area. Additionally, an EF-0 tornado occurred near Gilman, Wisconsin which was widely observed by spotters and the public. Some isolated wind damage occurred as well later into the evening as storms congealed into a line and pushed eastward.",Emergency management reported quarter sized hail 2 miles south of Millston.,CSV
202604,13,2017,202604,13,2017,211784,1328837,WISCONSIN,55,2026,April,Hail,C,81,MONROE,ARX,13-APR-26 20:17:00,CST-6,13-APR-26 20:17:00,0,0,0,0,0.00K,0.00K,Public,1.00,,,,,,,,,,,0,N,FORT MC COY,0,N,FORT MC COY,44.02,-90.68,44.02,-90.68,"Severe storms moved into west-central Wisconsin from southeast Minnesota and brought large hail up to 3 inches in diameter to the area. Additionally, an EF-0 tornado occurred near Gilman, Wisconsin which was widely observed by spotters and the public. Some isolated wind damage occurred as well later into the evening as storms congealed into a line and pushed eastward.",The public reported quarter sized hail in Fort McCoy.,CSV
202604,13,1832,202604,13,1832,211784,1328839,WISCONSIN,55,2026,April,Hail,C,121,TREMPEALEAU,ARX,13-APR-26 18:32:00,CST-6,13-APR-26 18:32:00,0,0,0,0,0.00K,0.00K,Public,1.00,,,,,,,,,,,2.3,SSW,BLAIR ARPT,2.3,SSW,BLAIR ARPT,44.25,-91.25,44.25,-91.25,"Severe storms moved into west-central Wisconsin from southeast Minnesota and brought large hail up to 3 inches in diameter to the area. Additionally, an EF-0 tornado occurred near Gilman, Wisconsin which was widely observed by spotters and the public. Some isolated wind damage occurred as well later into the evening as storms congealed into a line and pushed eastward.",The public reported quarter sized hail 3 miles south of Blair. This report was relayed via mPING.,CSV
202604,27,1230,202604,27,1300,213105,1333714,WISCONSIN,55,2026,April,High Wind,Z,66,MILWAUKEE,MKX,27-APR-26 12:30:00,CST-6,27-APR-26 13:00:00,0,0,0,0,250.00K,0.00K,ASOS,67.00,MG,,,,,,,,,,,,,,,,,,,,High winds caused by pressure differences in the wake of showers and thunderstorms gusted up to 77 mph in Milwaukee. Numerous trees were downed along with structural damage.,"Measured wind gust of 77 mph at General Mitchell International Airport. The city of Milwaukee received more than 200 calls for downed trees and branches. Many reports of trees landing on homes, vehicles, and roads. Similar reports also in the suburbs of Milwaukee County. More than 50 percent of the roof torn off a warehouse building in the Port of Milwaukee.  Approximately 51,000 We Energies customers were without power due to downed powerlines.",CSV
202604,15,1530,202604,22,600,213181,1334693,WISCONSIN,55,2026,April,Flood,C,57,JUNEAU,ARX,15-APR-26 15:30:00,CST-6,22-APR-26 06:00:00,0,0,0,0,0.00K,0.00K,River/Stream Gage,,,Heavy Rain,,,,,,,,,.44,ESE,NECEDAH,.49,ESE,NECEDAH,44.0265,-90.0727,44.0275,-90.0707,"Heavy rainfall from multiple rounds of thunderstorms during the middle of April resulted in several area rivers reaching flood stage. Some rivers reached moderate to major flood stage, with the Lemonwier River at New Lisbon approaching its flood of record.",Heavy rainfall from multiple rounds of thunderstorms during the middle of April resulted in the Yellow River at Necedah rising into flood stage during the afternoon hours on April 15th. The river then crested in major flood stage during the late evening hours on April 16th before falling below flood stage during the morning hours on April 22nd.,CSV
202604,18,100,202604,21,730,213181,1334694,WISCONSIN,55,2026,April,Flood,C,43,GRANT,ARX,18-APR-26 01:00:00,CST-6,21-APR-26 07:30:00,0,0,0,0,0.00K,0.00K,River/Stream Gage,,,Heavy Rain,,,,,,,,,2.5,NE,MUSCODA,2.41,ENE,MUSCODA,43.2006,-90.4091,43.1964,-90.4077,"Heavy rainfall from multiple rounds of thunderstorms during the middle of April resulted in several area rivers reaching flood stage. Some rivers reached moderate to major flood stage, with the Lemonwier River at New Lisbon approaching its flood of record.",Heavy rainfall from multiple rounds of thunderstorms during the middle of April resulted in the Wisconsin River at Muscoda rising into flood stage during the early morning hours on April 18th. The river crested in minor flood stage on April 19th during the early morning before falling below flood stage during the morning on April 21st.,CSV
202604,14,1557,202604,14,1557,211785,1333576,WISCONSIN,55,2026,April,Hail,C,123,VERNON,ARX,14-APR-26 15:57:00,CST-6,14-APR-26 15:57:00,0,0,0,0,0.00K,0.00K,Public,2.75,,,,,,,,,,,.69,S,NEWRY,.69,S,NEWRY,43.71,-90.82,43.71,-90.82,"Several severe storms developed across portions of western Wisconsin during the late afternoon hours on April 14th and produced severe hail in many locations. The most notable of these storms developed over Vernon County, where wind-driven baseball-sized hail caused significant damage in the town of Westby, WI. This resulted in over $20 million USD in damage to the town and surrounding areas per input from Vernon County emergency management. Most homes received significant roof, siding, and window damage. As this storm moved eastward towards Juneau County, it also produced an intense EF-3 tornado near the town of Union Center where a home was leveled to its foundation.",The public reported baseball sized hail near Newry.,CSV
202604,14,1605,202604,14,1605,211785,1333578,WISCONSIN,55,2026,April,Hail,C,43,GRANT,ARX,14-APR-26 16:05:00,CST-6,14-APR-26 16:05:00,0,0,0,0,0.00K,0.00K,Public,1.00,,,,,,,,,,,2.88,WSW,WERLEY,2.88,WSW,WERLEY,43,-90.82,43,-90.82,"Several severe storms developed across portions of western Wisconsin during the late afternoon hours on April 14th and produced severe hail in many locations. The most notable of these storms developed over Vernon County, where wind-driven baseball-sized hail caused significant damage in the town of Westby, WI. This resulted in over $20 million USD in damage to the town and surrounding areas per input from Vernon County emergency management. Most homes received significant roof, siding, and window damage. As this storm moved eastward towards Juneau County, it also produced an intense EF-3 tornado near the town of Union Center where a home was leveled to its foundation.",The public reported quarter sized hail 3 miles west-southwest of Werley.,CSV
202604,14,1634,202604,14,1634,211785,1333579,WISCONSIN,55,2026,April,Hail,C,43,GRANT,ARX,14-APR-26 16:34:00,CST-6,14-APR-26 16:34:00,0,0,0,0,0.00K,0.00K,Trained Spotter,1.00,,,,,,,,,,,.69,N,PATCH GROVE,.69,N,PATCH GROVE,42.94,-90.97,42.94,-90.97,"Several severe storms developed across portions of western Wisconsin during the late afternoon hours on April 14th and produced severe hail in many locations. The most notable of these storms developed over Vernon County, where wind-driven baseball-sized hail caused significant damage in the town of Westby, WI. This resulted in over $20 million USD in damage to the town and surrounding areas per input from Vernon County emergency management. Most homes received significant roof, siding, and window damage. As this storm moved eastward towards Juneau County, it also produced an intense EF-3 tornado near the town of Union Center where a home was leveled to its foundation.",A trained spotter reported quarter sized hail in Patch Grove.,CSV
202604,14,1636,202604,14,1636,211785,1333597,WISCONSIN,55,2026,April,Hail,C,43,GRANT,ARX,14-APR-26 16:36:00,CST-6,14-APR-26 16:36:00,0,0,0,0,0.00K,0.00K,Public,0.75,,,,,,,,,,,0,N,MONTFORT,0,N,MONTFORT,42.97,-90.43,42.97,-90.43,"Several severe storms developed across portions of western Wisconsin during the late afternoon hours on April 14th and produced severe hail in many locations. The most notable of these storms developed over Vernon County, where wind-driven baseball-sized hail caused significant damage in the town of Westby, WI. This resulted in over $20 million USD in damage to the town and surrounding areas per input from Vernon County emergency management. Most homes received significant roof, siding, and window damage. As this storm moved eastward towards Juneau County, it also produced an intense EF-3 tornado near the town of Union Center where a home was leveled to its foundation.",The public reported dime sized hail near Montfort. This report was relayed via mPING.,CSV
202604,14,1706,202604,14,1706,211785,1333599,WISCONSIN,55,2026,April,Hail,C,1,ADAMS,ARX,14-APR-26 17:06:00,CST-6,14-APR-26 17:06:00,0,0,0,0,0.00K,0.00K,Public,0.75,,,,,,,,,,,3.3,ESE,PLAINVILLE,3.3,ESE,PLAINVILLE,43.7,-89.76,43.7,-89.76,"Several severe storms developed across portions of western Wisconsin during the late afternoon hours on April 14th and produced severe hail in many locations. The most notable of these storms developed over Vernon County, where wind-driven baseball-sized hail caused significant damage in the town of Westby, WI. This resulted in over $20 million USD in damage to the town and surrounding areas per input from Vernon County emergency management. Most homes received significant roof, siding, and window damage. As this storm moved eastward towards Juneau County, it also produced an intense EF-3 tornado near the town of Union Center where a home was leveled to its foundation.",The public reported dime sized hail 3 miles east-southeast of Plainville. The reported was relayed via mPING.,CSV
202604,14,2004,202604,14,2004,211785,1333600,WISCONSIN,55,2026,April,Hail,C,103,RICHLAND,ARX,14-APR-26 20:04:00,CST-6,14-APR-26 20:04:00,0,0,0,0,0.00K,0.00K,Public,1.00,,,,,,,,,,,4.15,S,GILLINGHAM,4.15,S,GILLINGHAM,43.37,-90.45,43.37,-90.45,"Several severe storms developed across portions of western Wisconsin during the late afternoon hours on April 14th and produced severe hail in many locations. The most notable of these storms developed over Vernon County, where wind-driven baseball-sized hail caused significant damage in the town of Westby, WI. This resulted in over $20 million USD in damage to the town and surrounding areas per input from Vernon County emergency management. Most homes received significant roof, siding, and window damage. As this storm moved eastward towards Juneau County, it also produced an intense EF-3 tornado near the town of Union Center where a home was leveled to its foundation.",The public reported quarter sized hail 4 miles south of Gillingham.,CSV
202604,17,1426,202604,17,1446,211780,1328885,WISCONSIN,55,2026,April,Tornado,C,11,BUFFALO,ARX,17-APR-26 14:26:00,CST-6,17-APR-26 14:46:00,0,0,0,0,928.00K,0.00K,NWS Storm Survey,,,,,EF3,10.35,300,,,,,1.21,NW,GLENCOE,2.55,NE,MONTANA,44.29,-91.8,44.38,-91.64,"A prolific tornado outbreak brought 4 tornadoes to portions of western Wisconsin during the mid to late afternoon hours on April 17th. One of these tornadoes was a strong EF-3 tornado near the unincorporated community of Cream, Wisconsin. This intense tornado was responsible for substantially damaging a home with much of its exterior walls collapsed. Additional tornadoes occurred as these storms traveled into Trempealeau and Jackson counties, with tree and minor structural damage along their paths.",This intense EF-3 tornado began near Blank Hill Road where it quickly intensified before damaging three homesteads near highway 88 south of Cream. The most significant damage was to one home where much of the exterior walls were collapsed onto the foundation forming the basis for the EF-3 rating. Other homes and outbuildings sustained significant damage near highway 88 as well. The tornado continued northeast and weakened slightly where additional homes and outbuildings sustained damage before the tornado lifted near County Road X just northeast of Montana.,CSV
202604,17,1509,202604,17,1517,211780,1329002,WISCONSIN,55,2026,April,Tornado,C,121,TREMPEALEAU,ARX,17-APR-26 15:09:00,CST-6,17-APR-26 15:17:00,0,0,0,0,121.00K,0.00K,NWS Storm Survey,,,,,EF1,5.58,90,,,,,3.53,WSW,BLAIR,2.1,ENE,BLAIR,44.29,-91.3,44.31,-91.19,"A prolific tornado outbreak brought 4 tornadoes to portions of western Wisconsin during the mid to late afternoon hours on April 17th. One of these tornadoes was a strong EF-3 tornado near the unincorporated community of Cream, Wisconsin. This intense tornado was responsible for substantially damaging a home with much of its exterior walls collapsed. Additional tornadoes occurred as these storms traveled into Trempealeau and Jackson counties, with tree and minor structural damage along their paths.","This tornado began west of Blair and tracked northeast resulting in damage to outbuildings, trees, and minor damage to one residence. The tornado continued into the hills north of Blair as its damage path became more intermittent, eventually dissipating west of the Trempealeau/Jackson County line.",CSV
202604,17,1520,202604,17,1521,211780,1329007,WISCONSIN,55,2026,April,Tornado,C,121,TREMPEALEAU,ARX,17-APR-26 15:20:00,CST-6,17-APR-26 15:21:00,0,0,0,0,0.00K,0.00K,NWS Storm Survey,,,,,EF1,0.21,130,ARX,WI,053,JACKSON,67.21,WNW,MONROE CENTER,67.07,WNW,MONROE CENTER,44.55,-91.17,44.551,-91.166,"A prolific tornado outbreak brought 4 tornadoes to portions of western Wisconsin during the mid to late afternoon hours on April 17th. One of these tornadoes was a strong EF-3 tornado near the unincorporated community of Cream, Wisconsin. This intense tornado was responsible for substantially damaging a home with much of its exterior walls collapsed. Additional tornadoes occurred as these storms traveled into Trempealeau and Jackson counties, with tree and minor structural damage along their paths.",This tornado started just west of Interstate 94 and damaged some trees before moving east into Jackson County.,CSV
202604,17,1552,202604,17,1556,211780,1329038,WISCONSIN,55,2026,April,Tornado,C,53,JACKSON,ARX,17-APR-26 15:52:00,CST-6,17-APR-26 15:56:00,0,0,0,0,2.00K,0.00K,NWS Storm Survey,,,,,EF1,2.34,150,,,,,2.55,SW,HATFIELD,1.47,SSE,HATFIELD,44.39,-90.76,44.4,-90.72,"A prolific tornado outbreak brought 4 tornadoes to portions of western Wisconsin during the mid to late afternoon hours on April 17th. One of these tornadoes was a strong EF-3 tornado near the unincorporated community of Cream, Wisconsin. This intense tornado was responsible for substantially damaging a home with much of its exterior walls collapsed. Additional tornadoes occurred as these storms traveled into Trempealeau and Jackson counties, with tree and minor structural damage along their paths.","This tornado developed near the Black River before moving eastward through areas south of Hatfield. Most of the damage from this tornado was to trees, with limited damage to any infrastructure. The tornado then dissipated just northeast of the intersection of County Road K and Old Highway 54.",CSV
202604,17,1345,202604,17,1345,211780,1334192,WISCONSIN,55,2026,April,Hail,C,119,TAYLOR,ARX,17-APR-26 13:45:00,CST-6,17-APR-26 13:45:00,0,0,0,0,0.00K,0.00K,Trained Spotter,1.00,,,,,,,,,,,9.06,SW,POLLEY,9.06,SW,POLLEY,45.03,-90.92,45.03,-90.92,"A prolific tornado outbreak brought 4 tornadoes to portions of western Wisconsin during the mid to late afternoon hours on April 17th. One of these tornadoes was a strong EF-3 tornado near the unincorporated community of Cream, Wisconsin. This intense tornado was responsible for substantially damaging a home with much of its exterior walls collapsed. Additional tornadoes occurred as these storms traveled into Trempealeau and Jackson counties, with tree and minor structural damage along their paths.",A trained spotter reported quarter sized hail 8 miles northwest of Thorp.,CSV
202604,14,1635,202604,14,1637,211785,1329051,WISCONSIN,55,2026,April,Tornado,C,123,VERNON,ARX,14-APR-26 16:35:00,CST-6,14-APR-26 16:37:00,0,0,0,0,1.00K,0.00K,NWS Storm Survey,,,,,EF3,0.89,125,ARX,WI,057,JUNEAU,2.07,N,HILLSBORO KCKAPOO AR,2.5,NNE,HILLSBORO KCKAPOO AR,43.68,-90.33,43.684,-90.313,"Several severe storms developed across portions of western Wisconsin during the late afternoon hours on April 14th and produced severe hail in many locations. The most notable of these storms developed over Vernon County, where wind-driven baseball-sized hail caused significant damage in the town of Westby, WI. This resulted in over $20 million USD in damage to the town and surrounding areas per input from Vernon County emergency management. Most homes received significant roof, siding, and window damage. As this storm moved eastward towards Juneau County, it also produced an intense EF-3 tornado near the town of Union Center where a home was leveled to its foundation.",This tornado began in rural far eastern Vernon County where it caused minor damage to a residence and damaged some trees before moving into Juneau County.,CSV
202604,14,1525,202604,14,1525,211785,1333573,WISCONSIN,55,2026,April,Hail,C,123,VERNON,ARX,14-APR-26 15:25:00,CST-6,14-APR-26 15:25:00,0,0,0,0,0.00K,0.00K,Trained Spotter,1.00,,,,,,,,,,,3.45,N,ROMANCE,3.45,N,ROMANCE,43.6,-91.15,43.6,-91.15,"Several severe storms developed across portions of western Wisconsin during the late afternoon hours on April 14th and produced severe hail in many locations. The most notable of these storms developed over Vernon County, where wind-driven baseball-sized hail caused significant damage in the town of Westby, WI. This resulted in over $20 million USD in damage to the town and surrounding areas per input from Vernon County emergency management. Most homes received significant roof, siding, and window damage. As this storm moved eastward towards Juneau County, it also produced an intense EF-3 tornado near the town of Union Center where a home was leveled to its foundation.",A trained spotter reported quarter sized 3 miles north of Romance.,CSV
202604,14,1542,202604,14,1542,211785,1333575,WISCONSIN,55,2026,April,Hail,C,123,VERNON,ARX,14-APR-26 15:42:00,CST-6,14-APR-26 15:42:00,0,0,0,0,0.00K,0.00K,Public,1.75,,,,,,,,,,,.85,NW,ESOFEA,.85,NW,ESOFEA,43.64,-90.98,43.64,-90.98,"Several severe storms developed across portions of western Wisconsin during the late afternoon hours on April 14th and produced severe hail in many locations. The most notable of these storms developed over Vernon County, where wind-driven baseball-sized hail caused significant damage in the town of Westby, WI. This resulted in over $20 million USD in damage to the town and surrounding areas per input from Vernon County emergency management. Most homes received significant roof, siding, and window damage. As this storm moved eastward towards Juneau County, it also produced an intense EF-3 tornado near the town of Union Center where a home was leveled to its foundation.",The public reported golf ball sized hail near Esofea.,CSV
202604,14,1634,202604,14,1634,211785,1333582,WISCONSIN,55,2026,April,Hail,C,123,VERNON,ARX,14-APR-26 16:34:00,CST-6,14-APR-26 16:34:00,0,0,0,0,0.00K,0.00K,Fire Department/Rescue,1.00,,,,,,,,,,,2.12,ENE,DILLY,2.12,ENE,DILLY,43.66,-90.39,43.66,-90.39,"Several severe storms developed across portions of western Wisconsin during the late afternoon hours on April 14th and produced severe hail in many locations. The most notable of these storms developed over Vernon County, where wind-driven baseball-sized hail caused significant damage in the town of Westby, WI. This resulted in over $20 million USD in damage to the town and surrounding areas per input from Vernon County emergency management. Most homes received significant roof, siding, and window damage. As this storm moved eastward towards Juneau County, it also produced an intense EF-3 tornado near the town of Union Center where a home was leveled to its foundation.",Local fire and rescue reported quarter sized hail 2 miles east-northeast of Dilly.,CSV
202604,14,1638,202604,14,1638,211785,1333586,WISCONSIN,55,2026,April,Hail,C,123,VERNON,ARX,14-APR-26 16:38:00,CST-6,14-APR-26 16:38:00,0,0,0,0,0.00K,0.00K,Public,1.75,,,,,,,,,,,.69,S,HILLSBORO KCKAPOO AR,.69,S,HILLSBORO KCKAPOO AR,43.64,-90.33,43.64,-90.33,"Several severe storms developed across portions of western Wisconsin during the late afternoon hours on April 14th and produced severe hail in many locations. The most notable of these storms developed over Vernon County, where wind-driven baseball-sized hail caused significant damage in the town of Westby, WI. This resulted in over $20 million USD in damage to the town and surrounding areas per input from Vernon County emergency management. Most homes received significant roof, siding, and window damage. As this storm moved eastward towards Juneau County, it also produced an intense EF-3 tornado near the town of Union Center where a home was leveled to its foundation.",The public reported golf ball sized hail in Hillsboro.,CSV
202604,14,1655,202604,14,1655,211785,1333588,WISCONSIN,55,2026,April,Hail,C,57,JUNEAU,ARX,14-APR-26 16:55:00,CST-6,14-APR-26 16:55:00,0,0,0,0,0.00K,0.00K,Emergency Manager,1.00,,,,,,,,,,,6.34,ENE,WONEWOC 3 CASTLES AR,6.34,ENE,WONEWOC 3 CASTLES AR,43.7,-90.11,43.7,-90.11,"Several severe storms developed across portions of western Wisconsin during the late afternoon hours on April 14th and produced severe hail in many locations. The most notable of these storms developed over Vernon County, where wind-driven baseball-sized hail caused significant damage in the town of Westby, WI. This resulted in over $20 million USD in damage to the town and surrounding areas per input from Vernon County emergency management. Most homes received significant roof, siding, and window damage. As this storm moved eastward towards Juneau County, it also produced an intense EF-3 tornado near the town of Union Center where a home was leveled to its foundation.",Emergency management reported quarter sized hail 6 miles east-northeast of Wonewoc.,CSV
202604,14,1647,202604,14,1647,211785,1333601,WISCONSIN,55,2026,April,Hail,C,53,JACKSON,ARX,14-APR-26 16:47:00,CST-6,14-APR-26 16:47:00,0,0,0,0,325.00K,0.00K,Public,2.50,,,,,,,,,,,.85,SE,MILLSTON,.85,SE,MILLSTON,44.19,-90.64,44.19,-90.64,"Several severe storms developed across portions of western Wisconsin during the late afternoon hours on April 14th and produced severe hail in many locations. The most notable of these storms developed over Vernon County, where wind-driven baseball-sized hail caused significant damage in the town of Westby, WI. This resulted in over $20 million USD in damage to the town and surrounding areas per input from Vernon County emergency management. Most homes received significant roof, siding, and window damage. As this storm moved eastward towards Juneau County, it also produced an intense EF-3 tornado near the town of Union Center where a home was leveled to its foundation.",The public reported tennis ball sized hail in Millston. The report was relayed via social media.,CSV
202604,14,1537,202604,14,1537,211785,1333602,WISCONSIN,55,2026,April,Hail,C,123,VERNON,ARX,14-APR-26 15:37:00,CST-6,14-APR-26 15:37:00,0,0,0,0,0.00K,0.00K,Public,1.25,,,,,,,,,,,0,N,COON VLY,0,N,COON VLY,43.7,-91.02,43.7,-91.02,"Several severe storms developed across portions of western Wisconsin during the late afternoon hours on April 14th and produced severe hail in many locations. The most notable of these storms developed over Vernon County, where wind-driven baseball-sized hail caused significant damage in the town of Westby, WI. This resulted in over $20 million USD in damage to the town and surrounding areas per input from Vernon County emergency management. Most homes received significant roof, siding, and window damage. As this storm moved eastward towards Juneau County, it also produced an intense EF-3 tornado near the town of Union Center where a home was leveled to its foundation.",The public reported half dollar sized hail in Coon Valley.,CSV
202604,14,1754,202604,14,1754,211785,1333603,WISCONSIN,55,2026,April,Thunderstorm Wind,C,43,GRANT,ARX,14-APR-26 17:54:00,CST-6,14-APR-26 17:54:00,0,0,0,0,0.00K,0.00K,Emergency Manager,61.00,MG,,,,,,,,,,2.15,WSW,FAIRPLAY,2.15,WSW,FAIRPLAY,42.52,-90.61,42.52,-90.61,"Several severe storms developed across portions of western Wisconsin during the late afternoon hours on April 14th and produced severe hail in many locations. The most notable of these storms developed over Vernon County, where wind-driven baseball-sized hail caused significant damage in the town of Westby, WI. This resulted in over $20 million USD in damage to the town and surrounding areas per input from Vernon County emergency management. Most homes received significant roof, siding, and window damage. As this storm moved eastward towards Juneau County, it also produced an intense EF-3 tornado near the town of Union Center where a home was leveled to its foundation.",Emergency management reported a 70 mph gust 2 miles west-southwest of Fairplay.,CSV
202604,14,1637,202604,14,1647,211785,1329062,WISCONSIN,55,2026,April,Tornado,C,57,JUNEAU,ARX,14-APR-26 16:37:00,CST-6,14-APR-26 16:47:00,0,0,0,0,2.05M,0.00K,NWS Storm Survey,,,,,EF3,6.12,125,,,,,2.12,W,UNION CENTER,2.85,ENE,ELROY MUNI ARPT,43.684,-90.312,43.72,-90.2,"Several severe storms developed across portions of western Wisconsin during the late afternoon hours on April 14th and produced severe hail in many locations. The most notable of these storms developed over Vernon County, where wind-driven baseball-sized hail caused significant damage in the town of Westby, WI. This resulted in over $20 million USD in damage to the town and surrounding areas per input from Vernon County emergency management. Most homes received significant roof, siding, and window damage. As this storm moved eastward towards Juneau County, it also produced an intense EF-3 tornado near the town of Union Center where a home was leveled to its foundation.","This tornado moved into Juneau County from Vernon County where it intensified quickly and hit a residence at EF-3 intensity, destroying the home's above ground level. As the tornado moved east, it produced significant tree damage before weakening in intensity as it approached State Road 80, where it damaged a few more homes and several outbuildings. The tornado continued northeast, dealing intermittent tree and structural damage at EF-1 intensity along its path until it dissipated just west of Overgaard Road.",CSV
202604,17,1416,202604,17,1416,211780,1334193,WISCONSIN,55,2026,April,Hail,C,81,MONROE,ARX,17-APR-26 14:16:00,CST-6,17-APR-26 14:16:00,0,0,0,0,0.00K,0.00K,Emergency Manager,1.00,,,,,,,,,,,.69,N,TOMAH,.69,N,TOMAH,43.99,-90.5,43.99,-90.5,"A prolific tornado outbreak brought 4 tornadoes to portions of western Wisconsin during the mid to late afternoon hours on April 17th. One of these tornadoes was a strong EF-3 tornado near the unincorporated community of Cream, Wisconsin. This intense tornado was responsible for substantially damaging a home with much of its exterior walls collapsed. Additional tornadoes occurred as these storms traveled into Trempealeau and Jackson counties, with tree and minor structural damage along their paths.",Emergency management reported quarter sized hail near Tomah.,CSV
202604,17,1415,202604,17,1415,211780,1334194,WISCONSIN,55,2026,April,Hail,C,81,MONROE,ARX,17-APR-26 14:15:00,CST-6,17-APR-26 14:15:00,0,0,0,0,0.00K,0.00K,Amateur Radio,0.88,,,,,,,,,,,0,N,TOMAH,0,N,TOMAH,43.98,-90.5,43.98,-90.5,"A prolific tornado outbreak brought 4 tornadoes to portions of western Wisconsin during the mid to late afternoon hours on April 17th. One of these tornadoes was a strong EF-3 tornado near the unincorporated community of Cream, Wisconsin. This intense tornado was responsible for substantially damaging a home with much of its exterior walls collapsed. Additional tornadoes occurred as these storms traveled into Trempealeau and Jackson counties, with tree and minor structural damage along their paths.",Local amateur radio reported nickel sized hail in Tomah.,CSV
202604,17,1451,202604,17,1451,211780,1334195,WISCONSIN,55,2026,April,Hail,C,11,BUFFALO,ARX,17-APR-26 14:51:00,CST-6,17-APR-26 14:51:00,0,0,0,0,0.00K,0.00K,911 Call Center,0.88,,,,,,,,,,,.49,E,MONDOVI,.49,E,MONDOVI,44.57,-91.67,44.57,-91.67,"A prolific tornado outbreak brought 4 tornadoes to portions of western Wisconsin during the mid to late afternoon hours on April 17th. One of these tornadoes was a strong EF-3 tornado near the unincorporated community of Cream, Wisconsin. This intense tornado was responsible for substantially damaging a home with much of its exterior walls collapsed. Additional tornadoes occurred as these storms traveled into Trempealeau and Jackson counties, with tree and minor structural damage along their paths.",Dispatch in Eau Claire County relayed a report of nickel sized hail in Mondovi.,CSV
202604,17,1522,202604,17,1522,211780,1334197,WISCONSIN,55,2026,April,Hail,C,43,GRANT,ARX,17-APR-26 15:22:00,CST-6,17-APR-26 15:22:00,0,0,0,0,0.00K,0.00K,Emergency Manager,0.88,,,,,,,,,,,2.05,SE,LANCASTER,2.05,SE,LANCASTER,42.83,-90.69,42.83,-90.69,"A prolific tornado outbreak brought 4 tornadoes to portions of western Wisconsin during the mid to late afternoon hours on April 17th. One of these tornadoes was a strong EF-3 tornado near the unincorporated community of Cream, Wisconsin. This intense tornado was responsible for substantially damaging a home with much of its exterior walls collapsed. Additional tornadoes occurred as these storms traveled into Trempealeau and Jackson counties, with tree and minor structural damage along their paths.",Emergency management reported nickel sized hail at the Sheriff's office southeast of Lancaster.,CSV
202604,17,1545,202604,17,1545,211780,1334198,WISCONSIN,55,2026,April,Thunderstorm Wind,C,43,GRANT,ARX,17-APR-26 15:45:00,CST-6,17-APR-26 15:45:00,0,0,0,0,10.00K,0.00K,Emergency Manager,50.00,EG,,,,,,,,,,2.62,WNW,MONTFORT,2.62,WNW,MONTFORT,42.98,-90.48,42.98,-90.48,"A prolific tornado outbreak brought 4 tornadoes to portions of western Wisconsin during the mid to late afternoon hours on April 17th. One of these tornadoes was a strong EF-3 tornado near the unincorporated community of Cream, Wisconsin. This intense tornado was responsible for substantially damaging a home with much of its exterior walls collapsed. Additional tornadoes occurred as these storms traveled into Trempealeau and Jackson counties, with tree and minor structural damage along their paths.",Emergency management reported a hog barn damaged 3 miles west-southwest of Montfort.,CSV
202604,13,1638,202604,13,1648,211784,1328656,WISCONSIN,55,2026,April,Tornado,C,119,TAYLOR,ARX,13-APR-26 16:38:00,CST-6,13-APR-26 16:48:00,0,0,0,0,3.00K,5.00K,NWS Storm Survey,,,,,EF0,3.52,20,,,,,3.68,WNW,GILMAN,2.39,SW,HANNIBAL,45.19,-90.87,45.23,-90.82,"Severe storms moved into west-central Wisconsin from southeast Minnesota and brought large hail up to 3 inches in diameter to the area. Additionally, an EF-0 tornado occurred near Gilman, Wisconsin which was widely observed by spotters and the public. Some isolated wind damage occurred as well later into the evening as storms congealed into a line and pushed eastward.",This weak EF-0 tornado touched down approximately 3 miles northwest of Gilman and traveled northeast through mainly rural areas. Minor damage occurred to outbuildings and trees over the course of its path.,CSV
202604,23,1700,202604,23,1700,211789,1327837,WISCONSIN,55,2026,April,Thunderstorm Wind,C,81,MONROE,ARX,23-APR-26 17:00:00,CST-6,23-APR-26 17:00:00,0,0,0,0,15.00K,0.00K,Trained Spotter,45.00,EG,,,,,,,,,,2.03,SW,SPARTA,2.03,SW,SPARTA,43.91,-90.85,43.91,-90.85,"A line of severe thunderstorms produced a 61 mph wind gust in Grant County during the evening hours on April 23rd. Additionally, some outbuilding damage was noted in Monroe County due to strong winds from these storms.",A trained spotter reported a few outbuildings blown down which included a barn that had already sustained damage prior to storms moving through.,CSV
202604,23,2058,202604,23,2058,211789,1327838,WISCONSIN,55,2026,April,Thunderstorm Wind,C,43,GRANT,ARX,23-APR-26 20:58:00,CST-6,23-APR-26 20:58:00,0,0,0,0,0.00K,0.00K,Trained Spotter,53.00,MG,,,,,,,,,,2.07,N,LIVINGSTON,2.07,N,LIVINGSTON,42.93,-90.43,42.93,-90.43,"A line of severe thunderstorms produced a 61 mph wind gust in Grant County during the evening hours on April 23rd. Additionally, some outbuilding damage was noted in Monroe County due to strong winds from these storms.",A trained spotter reported a 61 mph wind gust 2 miles north of Livingston.,CSV
202602,28,600,202602,28,1700,211204,1319646,WISCONSIN,55,2026,February,Winter Weather,Z,55,RICHLAND,ARX,28-FEB-26 06:00:00,CST-6,28-FEB-26 17:00:00,0,0,0,0,0.00K,0.00K,Public,,,,,,,,,,,,,,,,,,,,,,"During the morning and afternoon on February 28th, an extremely narrow snow band brought snowfall totals of 2 to 7 inches across Vernon, Crawford and Richland counties. While most locations saw under 6 inches, a localized corridor of 6 to 7 inches occurred in Vernon and Crawford counties.",This snow band brought snowfall totals of 2 to 4 inches across Richland County. The highest reported snow total in the county was 1 mile north of Muscoda where 3 inches fell.,CSV
202602,17,1900,202602,19,1700,210186,1319262,WISCONSIN,55,2026,February,Heavy Snow,Z,1,DOUGLAS,DLH,17-FEB-26 19:00:00,CST-6,19-FEB-26 17:00:00,0,0,0,0,0.00K,0.00K,CoCoRaHS,,,,,,,,,,,,,,,,,,,,,,"A strong area of low pressure developed across the High Plains on the 17th and moved across the Dakotas on the 18th and into northern Wisconsin on the morning of the 19th. This led to a prolonged period of snowfall across the region. The track of this low was favorable for lake and terrain enhancement along the Bayfield Peninsula into northern Douglas County. Additionally, a gravity wave set up across northern Douglas County leading to enhanced snowfall amounts as well. Storm totals of 8 to 15 inches were reported across the northern reaches of Douglas, Bayfield and Ashland counties for the event.",Snowfall totals across the county were in the 6 to 10 inch range. A high amount of 12.6 inches was reported on the southwest side of Superior.,CSV
202602,17,2000,202602,19,1700,210186,1319264,WISCONSIN,55,2026,February,Heavy Snow,Z,2,BAYFIELD,DLH,17-FEB-26 20:00:00,CST-6,19-FEB-26 17:00:00,0,0,0,0,0.00K,0.00K,CoCoRaHS,,,,,,,,,,,,,,,,,,,,,,"A strong area of low pressure developed across the High Plains on the 17th and moved across the Dakotas on the 18th and into northern Wisconsin on the morning of the 19th. This led to a prolonged period of snowfall across the region. The track of this low was favorable for lake and terrain enhancement along the Bayfield Peninsula into northern Douglas County. Additionally, a gravity wave set up across northern Douglas County leading to enhanced snowfall amounts as well. Storm totals of 8 to 15 inches were reported across the northern reaches of Douglas, Bayfield and Ashland counties for the event.",Snowfall totals across the county were in the 10 to 14 inch range across the northern part of the county. A high amount of 15 inches was reported 3 miles southwest of Washburn.,CSV
202602,17,2000,202602,19,1700,210186,1319265,WISCONSIN,55,2026,February,Heavy Snow,Z,3,ASHLAND,DLH,17-FEB-26 20:00:00,CST-6,19-FEB-26 17:00:00,0,0,0,0,0.00K,0.00K,CoCoRaHS,,,,,,,,,,,,,,,,,,,,,,"A strong area of low pressure developed across the High Plains on the 17th and moved across the Dakotas on the 18th and into northern Wisconsin on the morning of the 19th. This led to a prolonged period of snowfall across the region. The track of this low was favorable for lake and terrain enhancement along the Bayfield Peninsula into northern Douglas County. Additionally, a gravity wave set up across northern Douglas County leading to enhanced snowfall amounts as well. Storm totals of 8 to 15 inches were reported across the northern reaches of Douglas, Bayfield and Ashland counties for the event.",Snowfall was heavier than expected across the northern part of the county with totals of 4 to 8 inches in that area. A high report of 8.7 inches was reported in Ashland.,CSV
202601,15,2300,202601,17,100,210179,1310911,WISCONSIN,55,2026,January,Heavy Snow,Z,1,DOUGLAS,DLH,15-JAN-26 23:00:00,CST-6,17-JAN-26 01:00:00,0,0,0,0,0.00K,0.00K,CoCoRaHS,,,,,,,,,,,,,,,,,,,,,,Lake-effect snowfall in the wake of a clipper system on the 16th into the 17th led to heavy snowfall along the South Shore of Lake Superior. Accumulations of 6 to 9 inches were reported near Lake Superior with a high report of 13.5 inches in northern Douglas County where a gravity wave band set up during the event.,Snowfall lasted just over 24 hours with this system and allowed snow to pile up. A gravity wave set up across the northern part of the county as well which added to the snowfall totals. Accumulations of 6 to 9 inches were reported with a high report of 13.5 inches near Hawthorne.,CSV
202601,16,200,202601,17,1800,210179,1310913,WISCONSIN,55,2026,January,Heavy Snow,Z,2,BAYFIELD,DLH,16-JAN-26 02:00:00,CST-6,17-JAN-26 18:00:00,0,0,0,0,0.00K,0.00K,Public,,,,,,,,,,,,,,,,,,,,,,Lake-effect snowfall in the wake of a clipper system on the 16th into the 17th led to heavy snowfall along the South Shore of Lake Superior. Accumulations of 6 to 9 inches were reported near Lake Superior with a high report of 13.5 inches in northern Douglas County where a gravity wave band set up during the event.,A long duration snowfall event featuring lake enhancement led to snowfall totals of 6 to 9 inches across the county. A high report of 9.7 inches was reported about 10 miles east-northeast of Cable.,CSV
202601,16,400,202601,17,1800,210179,1310914,WISCONSIN,55,2026,January,Heavy Snow,Z,4,IRON,DLH,16-JAN-26 04:00:00,CST-6,17-JAN-26 18:00:00,0,0,0,0,0.00K,0.00K,CoCoRaHS,,,,,,,,,,,,,,,,,,,,,,Lake-effect snowfall in the wake of a clipper system on the 16th into the 17th led to heavy snowfall along the South Shore of Lake Superior. Accumulations of 6 to 9 inches were reported near Lake Superior with a high report of 13.5 inches in northern Douglas County where a gravity wave band set up during the event.,A long duration snowfall event featuring lake enhancement led to snowfall totals of 6 to 8 inches across the county. A high report of 8.8 inches was reported in Mercer.,CSV
202601,23,0,202601,23,1200,210198,1310853,WISCONSIN,55,2026,January,Extreme Cold/Wind Chill,Z,44,ADAMS,ARX,23-JAN-26 00:00:00,CST-6,23-JAN-26 12:00:00,0,0,0,0,0.00K,0.00K,AWOS,,,,,,,,,,,,,,,,,,,,,,"During the late evening hours on January 22nd and morning on January 23rd, an arctic airmass moved into the Upper Midwest resulting in dangerously cold temperatures across the region. Many locations saw low temperatures colder than 20 degrees below zero with widespread wind chills ranging between 30 to 55 degrees below zero across western Wisconsin.",A period of extreme cold moved into the region beginning on January 22nd and continued into January 23rd. During this period extremely cold wind chills of 35 to 45 degrees below occurred in Adams County.,CSV
202601,23,0,202601,23,1200,210198,1310855,WISCONSIN,55,2026,January,Extreme Cold/Wind Chill,Z,43,JUNEAU,ARX,23-JAN-26 00:00:00,CST-6,23-JAN-26 12:00:00,0,0,0,0,0.00K,0.00K,AWOS,,,,,,,,,,,,,,,,,,,,,,"During the late evening hours on January 22nd and morning on January 23rd, an arctic airmass moved into the Upper Midwest resulting in dangerously cold temperatures across the region. Many locations saw low temperatures colder than 20 degrees below zero with widespread wind chills ranging between 30 to 55 degrees below zero across western Wisconsin.",A period of extreme cold moved into the region beginning on January 22nd and continued into January 23rd. During this period extremely cold wind chills of around 35 to 45 degrees below occurred in Juneau County with the coldest observed wind chill being 46 degrees below zero at Volk Field.,CSV
202601,22,2100,202601,23,1200,210198,1310856,WISCONSIN,55,2026,January,Extreme Cold/Wind Chill,Z,34,JACKSON,ARX,22-JAN-26 21:00:00,CST-6,23-JAN-26 12:00:00,0,0,0,0,0.00K,0.00K,AWOS,,,,,,,,,,,,,,,,,,,,,,"During the late evening hours on January 22nd and morning on January 23rd, an arctic airmass moved into the Upper Midwest resulting in dangerously cold temperatures across the region. Many locations saw low temperatures colder than 20 degrees below zero with widespread wind chills ranging between 30 to 55 degrees below zero across western Wisconsin.",A period of extreme cold moved into the region beginning on January 22nd and continued into January 23rd. During this period extremely cold wind chills of around 35 to 45 degrees below occurred in Jackson County with the coldest observed wind chill being 41 degrees below zero at Black River Falls.,CSV
202601,23,0,202601,23,1200,210198,1310859,WISCONSIN,55,2026,January,Extreme Cold/Wind Chill,Z,61,GRANT,ARX,23-JAN-26 00:00:00,CST-6,23-JAN-26 12:00:00,0,0,0,0,0.00K,0.00K,AWOS,,,,,,,,,,,,,,,,,,,,,,"During the late evening hours on January 22nd and morning on January 23rd, an arctic airmass moved into the Upper Midwest resulting in dangerously cold temperatures across the region. Many locations saw low temperatures colder than 20 degrees below zero with widespread wind chills ranging between 30 to 55 degrees below zero across western Wisconsin.",A period of extreme cold moved into the region beginning on January 22nd and continued into January 23rd. During this period extremely cold wind chills of around 30 to 45 degrees below occurred in Grant County with the coldest observed wind chill being 42 degrees below zero at Platteville Municipal Airport.,CSV
202601,23,0,202601,23,1200,210198,1310866,WISCONSIN,55,2026,January,Extreme Cold/Wind Chill,Z,54,CRAWFORD,ARX,23-JAN-26 00:00:00,CST-6,23-JAN-26 12:00:00,0,0,0,0,0.00K,0.00K,AWOS,,,,,,,,,,,,,,,,,,,,,,"During the late evening hours on January 22nd and morning on January 23rd, an arctic airmass moved into the Upper Midwest resulting in dangerously cold temperatures across the region. Many locations saw low temperatures colder than 20 degrees below zero with widespread wind chills ranging between 30 to 55 degrees below zero across western Wisconsin.",A period of extreme cold moved into the region beginning on January 22nd and continued into January 23rd. During this period extremely cold wind chills of around 35 to 50 degrees below occurred in Crawford County with the coldest observed wind chill being 48 degrees below zero at Steuben.,CSV
202601,22,2100,202601,23,1200,210198,1310870,WISCONSIN,55,2026,January,Extreme Cold/Wind Chill,Z,29,CLARK,ARX,22-JAN-26 21:00:00,CST-6,23-JAN-26 12:00:00,0,0,0,0,0.00K,0.00K,Mesonet,,,,,,,,,,,,,,,,,,,,,,"During the late evening hours on January 22nd and morning on January 23rd, an arctic airmass moved into the Upper Midwest resulting in dangerously cold temperatures across the region. Many locations saw low temperatures colder than 20 degrees below zero with widespread wind chills ranging between 30 to 55 degrees below zero across western Wisconsin.",A period of extreme cold moved into the region beginning on January 22nd and continued into January 23rd. During this period extremely cold wind chills of around 40 to 50 degrees below occurred in Clark County with the coldest observed wind chill being 48 degrees below zero in Greenwood.,CSV
202601,23,0,202601,23,1200,210198,1310871,WISCONSIN,55,2026,January,Extreme Cold/Wind Chill,Z,55,RICHLAND,ARX,23-JAN-26 00:00:00,CST-6,23-JAN-26 12:00:00,0,0,0,0,0.00K,0.00K,Mesonet,,,,,,,,,,,,,,,,,,,,,,"During the late evening hours on January 22nd and morning on January 23rd, an arctic airmass moved into the Upper Midwest resulting in dangerously cold temperatures across the region. Many locations saw low temperatures colder than 20 degrees below zero with widespread wind chills ranging between 30 to 55 degrees below zero across western Wisconsin.",A period of extreme cold moved into the region beginning on January 22nd and continued into January 23rd. During this period extremely cold wind chills of around 35 to 40 degrees below occurred in Richland County with the coldest observed wind chill being 40 degrees below zero at Richland Center.,CSV
202601,23,0,202601,23,1200,210198,1310872,WISCONSIN,55,2026,January,Extreme Cold/Wind Chill,Z,42,MONROE,ARX,23-JAN-26 00:00:00,CST-6,23-JAN-26 12:00:00,0,0,0,0,0.00K,0.00K,Mesonet,,,,,,,,,,,,,,,,,,,,,,"During the late evening hours on January 22nd and morning on January 23rd, an arctic airmass moved into the Upper Midwest resulting in dangerously cold temperatures across the region. Many locations saw low temperatures colder than 20 degrees below zero with widespread wind chills ranging between 30 to 55 degrees below zero across western Wisconsin.",A period of extreme cold moved into the region beginning on January 22nd and continued into January 23rd. During this period extremely cold wind chills of around 35 to 45 degrees below occurred in Monroe County with the coldest observed wind chill being 44 degrees below zero in Millston.,CSV
202601,23,0,202601,23,1200,210198,1310879,WISCONSIN,55,2026,January,Extreme Cold/Wind Chill,Z,41,LA CROSSE,ARX,23-JAN-26 00:00:00,CST-6,23-JAN-26 12:00:00,0,0,0,0,0.00K,0.00K,ASOS,,,,,,,,,,,,,,,,,,,,,,"During the late evening hours on January 22nd and morning on January 23rd, an arctic airmass moved into the Upper Midwest resulting in dangerously cold temperatures across the region. Many locations saw low temperatures colder than 20 degrees below zero with widespread wind chills ranging between 30 to 55 degrees below zero across western Wisconsin.",A period of extreme cold moved into the region beginning on January 22nd and continued into January 23rd. During this period extremely cold wind chills of around 35 to 45 degrees below occurred in La Crosse County with the coldest observed wind chill being 46 degrees below zero at La Crosse Regional Airport.,CSV
202601,22,1900,202601,23,900,210182,1314836,WISCONSIN,55,2026,January,Extreme Cold/Wind Chill,Z,1,DOUGLAS,DLH,22-JAN-26 19:00:00,CST-6,23-JAN-26 09:00:00,0,0,0,0,0.00K,0.00K,AWOS,,,,,,,,,,,,,,,,,,,,,,A long duration extreme cold every took place across the region starting the 22nd and lasting into the morning of the 24th. An area of very cold high pressure worked into the Plains on the 22nd and became established on the 23rd into the 24th. Air temperatures remain below zero during the event with light winds dropping wind chills into the 40s and 50s below zero.,Wind chills as low as -46F were reported at the KSUW Superior airport.,CSV
202601,22,1700,202601,23,1500,210182,1314845,WISCONSIN,55,2026,January,Extreme Cold/Wind Chill,Z,2,BAYFIELD,DLH,22-JAN-26 17:00:00,CST-6,23-JAN-26 15:00:00,0,0,0,0,0.00K,0.00K,Mesonet,,,,,,,,,,,,,,,,,,,,,,A long duration extreme cold every took place across the region starting the 22nd and lasting into the morning of the 24th. An area of very cold high pressure worked into the Plains on the 22nd and became established on the 23rd into the 24th. Air temperatures remain below zero during the event with light winds dropping wind chills into the 40s and 50s below zero.,Wind chills as low as -43F were reported at the WIFD mesonet site near Bayfield.,CSV
202601,22,1700,202601,24,1000,210182,1314848,WISCONSIN,55,2026,January,Extreme Cold/Wind Chill,Z,3,ASHLAND,DLH,22-JAN-26 17:00:00,CST-6,24-JAN-26 10:00:00,0,0,0,0,0.00K,0.00K,ASOS,,,,,,,,,,,,,,,,,,,,,,A long duration extreme cold every took place across the region starting the 22nd and lasting into the morning of the 24th. An area of very cold high pressure worked into the Plains on the 22nd and became established on the 23rd into the 24th. Air temperatures remain below zero during the event with light winds dropping wind chills into the 40s and 50s below zero.,Wind chills as low as -51F were reported at the KASX Ashland airport.,CSV
202601,22,2000,202601,23,1200,210182,1314867,WISCONSIN,55,2026,January,Extreme Cold/Wind Chill,Z,4,IRON,DLH,22-JAN-26 20:00:00,CST-6,23-JAN-26 12:00:00,0,0,0,0,0.00K,0.00K,Mesonet,,,,,,,,,,,,,,,,,,,,,,A long duration extreme cold every took place across the region starting the 22nd and lasting into the morning of the 24th. An area of very cold high pressure worked into the Plains on the 22nd and became established on the 23rd into the 24th. Air temperatures remain below zero during the event with light winds dropping wind chills into the 40s and 50s below zero.,Wind chills as low as -46F were reported in the county.,CSV
202601,22,1800,202601,23,1100,210182,1314870,WISCONSIN,55,2026,January,Extreme Cold/Wind Chill,Z,6,BURNETT,DLH,22-JAN-26 18:00:00,CST-6,23-JAN-26 11:00:00,0,0,0,0,0.00K,0.00K,Mesonet,,,,,,,,,,,,,,,,,,,,,,A long duration extreme cold every took place across the region starting the 22nd and lasting into the morning of the 24th. An area of very cold high pressure worked into the Plains on the 22nd and became established on the 23rd into the 24th. Air temperatures remain below zero during the event with light winds dropping wind chills into the 40s and 50s below zero.,Wind chills as low as -45F were reported in the county.,CSV
202601,22,2100,202601,23,1200,210198,1310880,WISCONSIN,55,2026,January,Extreme Cold/Wind Chill,Z,17,TAYLOR,ARX,22-JAN-26 21:00:00,CST-6,23-JAN-26 12:00:00,0,0,0,0,0.00K,0.00K,AWOS,,,,,,,,,,,,,,,,,,,,,,"During the late evening hours on January 22nd and morning on January 23rd, an arctic airmass moved into the Upper Midwest resulting in dangerously cold temperatures across the region. Many locations saw low temperatures colder than 20 degrees below zero with widespread wind chills ranging between 30 to 55 degrees below zero across western Wisconsin.",A period of extreme cold moved into the region beginning on January 22nd and continued into January 23rd. During this period extremely cold wind chills of around 40 to 55 degrees below occurred in Taylor County with the coldest observed wind chill being 52 degrees below zero at Medford Airport.,CSV
202601,22,2100,202601,23,1200,210198,1313500,WISCONSIN,55,2026,January,Extreme Cold/Wind Chill,Z,33,TREMPEALEAU,ARX,22-JAN-26 21:00:00,CST-6,23-JAN-26 12:00:00,0,0,0,0,0.00K,0.00K,AWOS,,,,,,,,,,,,,,,,,,,,,,"During the late evening hours on January 22nd and morning on January 23rd, an arctic airmass moved into the Upper Midwest resulting in dangerously cold temperatures across the region. Many locations saw low temperatures colder than 20 degrees below zero with widespread wind chills ranging between 30 to 55 degrees below zero across western Wisconsin.",A period of extreme cold moved into the region beginning on January 22nd and continued into January 23rd. During this period extremely cold wind chills of around 35 to 45 degrees below occurred in Trempealeau County with the coldest observed wind chill being 47 degrees below zero at Osseo.,CSV
202601,23,0,202601,23,1200,210198,1313501,WISCONSIN,55,2026,January,Extreme Cold/Wind Chill,Z,53,VERNON,ARX,23-JAN-26 00:00:00,CST-6,23-JAN-26 12:00:00,0,0,0,0,0.00K,0.00K,AWOS,,,,,,,,,,,,,,,,,,,,,,"During the late evening hours on January 22nd and morning on January 23rd, an arctic airmass moved into the Upper Midwest resulting in dangerously cold temperatures across the region. Many locations saw low temperatures colder than 20 degrees below zero with widespread wind chills ranging between 30 to 55 degrees below zero across western Wisconsin.",A period of extreme cold moved into the region beginning on January 22nd and continued into January 23rd. During this period extremely cold wind chills of around 35 to 50 degrees below occurred in Vernon County with the coldest observed wind chill being 48 degrees below zero at Viroqua.,CSV
202601,22,2100,202601,23,1200,210198,1313583,WISCONSIN,55,2026,January,Extreme Cold/Wind Chill,Z,32,BUFFALO,ARX,22-JAN-26 21:00:00,CST-6,23-JAN-26 12:00:00,0,0,0,0,0.00K,0.00K,AWOS,,,,,,,,,,,,,,,,,,,,,,"During the late evening hours on January 22nd and morning on January 23rd, an arctic airmass moved into the Upper Midwest resulting in dangerously cold temperatures across the region. Many locations saw low temperatures colder than 20 degrees below zero with widespread wind chills ranging between 30 to 55 degrees below zero across western Wisconsin.",A period of extreme cold moved into the region beginning on January 22nd and continued into January 23rd. During this period extremely cold wind chills of around 40 to 50 degrees below occurred in Buffalo County with the coldest observed wind chill being 50 degrees below zero in Montana.,CSV
202601,22,1900,202601,24,800,210182,1314871,WISCONSIN,55,2026,January,Extreme Cold/Wind Chill,Z,7,WASHBURN,DLH,22-JAN-26 19:00:00,CST-6,24-JAN-26 08:00:00,0,0,0,0,0.00K,0.00K,Mesonet,,,,,,,,,,,,,,,,,,,,,,A long duration extreme cold every took place across the region starting the 22nd and lasting into the morning of the 24th. An area of very cold high pressure worked into the Plains on the 22nd and became established on the 23rd into the 24th. Air temperatures remain below zero during the event with light winds dropping wind chills into the 40s and 50s below zero.,Wind chills as low as -45F were reported in the county.,CSV
202601,22,1700,202601,23,1400,210182,1314872,WISCONSIN,55,2026,January,Extreme Cold/Wind Chill,Z,8,SAWYER,DLH,22-JAN-26 17:00:00,CST-6,23-JAN-26 14:00:00,0,0,0,0,0.00K,0.00K,Mesonet,,,,,,,,,,,,,,,,,,,,,,A long duration extreme cold every took place across the region starting the 22nd and lasting into the morning of the 24th. An area of very cold high pressure worked into the Plains on the 22nd and became established on the 23rd into the 24th. Air temperatures remain below zero during the event with light winds dropping wind chills into the 40s and 50s below zero.,Wind chills as low as -48F were reported in the county.,CSV
202601,22,2000,202601,23,1200,210182,1314873,WISCONSIN,55,2026,January,Extreme Cold/Wind Chill,Z,9,PRICE,DLH,22-JAN-26 20:00:00,CST-6,23-JAN-26 12:00:00,0,0,0,0,0.00K,0.00K,Mesonet,,,,,,,,,,,,,,,,,,,,,,A long duration extreme cold every took place across the region starting the 22nd and lasting into the morning of the 24th. An area of very cold high pressure worked into the Plains on the 22nd and became established on the 23rd into the 24th. Air temperatures remain below zero during the event with light winds dropping wind chills into the 40s and 50s below zero.,Wind chills as low as -46F were reported in the county.,CSV
202602,20,300,202602,20,1000,211402,1320596,WISCONSIN,55,2026,February,Winter Weather,Z,56,SAUK,MKX,20-FEB-26 03:00:00,CST-6,20-FEB-26 10:00:00,0,0,0,0,0.00K,0.00K,Mesonet,,,,,,,,,,,,,,,,,,,,,,Strong low pressure tracked along the Iowa and Illinois border northeast across southeast WI. The low spread a swath of moderate snowfall across southwest WI affecting the panhandle of Sauk County and Marquette and Green Lake Counties. Several inches of snow fell in the early morning hours and some schools were cancelled. Some vehicle slide-offs occurred.,Approximately 2 to 4 inches of snow accumulation in the panhandle of Sauk County.,CSV
202602,20,400,202602,20,1100,211402,1320597,WISCONSIN,55,2026,February,Winter Weather,Z,46,MARQUETTE,MKX,20-FEB-26 04:00:00,CST-6,20-FEB-26 11:00:00,0,0,0,0,0.00K,0.00K,Mesonet,,,,,,,,,,,,,,,,,,,,,,Strong low pressure tracked along the Iowa and Illinois border northeast across southeast WI. The low spread a swath of moderate snowfall across southwest WI affecting the panhandle of Sauk County and Marquette and Green Lake Counties. Several inches of snow fell in the early morning hours and some schools were cancelled. Some vehicle slide-offs occurred.,Approximately 2 to 5 inches of snow accumulation.,CSV
202602,20,400,202602,20,1100,211402,1320598,WISCONSIN,55,2026,February,Winter Weather,Z,47,GREEN LAKE,MKX,20-FEB-26 04:00:00,CST-6,20-FEB-26 11:00:00,0,0,0,0,0.00K,0.00K,Mesonet,,,,,,,,,,,,,,,,,,,,,,Strong low pressure tracked along the Iowa and Illinois border northeast across southeast WI. The low spread a swath of moderate snowfall across southwest WI affecting the panhandle of Sauk County and Marquette and Green Lake Counties. Several inches of snow fell in the early morning hours and some schools were cancelled. Some vehicle slide-offs occurred.,Approximately 2 to 5 inches of snow accumulation.,CSV
202602,28,1300,202602,28,1700,211405,1320637,WISCONSIN,55,2026,February,Winter Weather,Z,57,COLUMBIA,MKX,28-FEB-26 13:00:00,CST-6,28-FEB-26 17:00:00,0,0,0,0,0.00K,0.00K,Trained Spotter,,,,,,,,,,,,,,,,,,,,,,An upper level low pressure area and frontal boundary brought a west to east swath of 2 to 5 inches of snow. Slick roads resulted in numerous vehicle slide-offs and accidents on highways and secondary roads.  There were major travel disruptions on the interstates and highway 18.,Snow accumulation of 1-2 inches in the far southern portion of the county.,CSV
202602,28,1300,202602,28,1730,211405,1320640,WISCONSIN,55,2026,February,Winter Weather,Z,63,DANE,MKX,28-FEB-26 13:00:00,CST-6,28-FEB-26 17:30:00,0,0,0,0,0.00K,0.00K,Trained Spotter,,,,,,,,,,,,,,,,,,,,,,An upper level low pressure area and frontal boundary brought a west to east swath of 2 to 5 inches of snow. Slick roads resulted in numerous vehicle slide-offs and accidents on highways and secondary roads.  There were major travel disruptions on the interstates and highway 18.,Snow accumulation of 2-4 inches.,CSV
202602,28,1400,202602,28,1800,211405,1320641,WISCONSIN,55,2026,February,Winter Weather,Z,58,DODGE,MKX,28-FEB-26 14:00:00,CST-6,28-FEB-26 18:00:00,0,0,0,0,0.00K,0.00K,Trained Spotter,,,,,,,,,,,,,,,,,,,,,,An upper level low pressure area and frontal boundary brought a west to east swath of 2 to 5 inches of snow. Slick roads resulted in numerous vehicle slide-offs and accidents on highways and secondary roads.  There were major travel disruptions on the interstates and highway 18.,Snow accumulation of 1-2 inches in the far southern portion of the county.,CSV
202602,28,1200,202602,28,1700,211405,1320642,WISCONSIN,55,2026,February,Winter Weather,Z,62,IOWA,MKX,28-FEB-26 12:00:00,CST-6,28-FEB-26 17:00:00,0,0,0,0,0.00K,0.00K,Trained Spotter,,,,,,,,,,,,,,,,,,,,,,An upper level low pressure area and frontal boundary brought a west to east swath of 2 to 5 inches of snow. Slick roads resulted in numerous vehicle slide-offs and accidents on highways and secondary roads.  There were major travel disruptions on the interstates and highway 18.,Snow accumulation of 1-4 inches with the highest amounts in the northern portion of the county.,CSV
202601,4,1300,202601,4,1500,209884,1308913,WISCONSIN,55,2026,January,Winter Weather,Z,24,PIERCE,MPX,04-JAN-26 13:00:00,CST-6,04-JAN-26 15:00:00,0,0,0,0,0.00K,0.00K,CoCoRaHS,,,,,,,,,,,,,,,,,,,,,,"A weather system resulted in a light wintry mix of precipitation during the afternoon of January 4th. Surface temperatures were about 5 to 10 degrees below freezing, under a slightly warmer air mass just above the surface. This resulted in a few hours of light freezing rain or drizzle, and ultimately light ice accretion, creating slick surfaces for a number of counties. The farther north, the airmass was cooler just above the surface, resulting in more snow mixing in with any freezing precipitation. This limited impacts for Polk, Barron, and Rusk counties.",CoCoRaHS observers reported freezing rain and a glaze of ice near Ellsworth and Spring Valley.,CSV
202601,4,1300,202601,4,1500,209884,1308914,WISCONSIN,55,2026,January,Winter Weather,Z,25,DUNN,MPX,04-JAN-26 13:00:00,CST-6,04-JAN-26 15:00:00,0,0,0,0,0.00K,0.00K,CoCoRaHS,,,,,,,,,,,,,,,,,,,,,,"A weather system resulted in a light wintry mix of precipitation during the afternoon of January 4th. Surface temperatures were about 5 to 10 degrees below freezing, under a slightly warmer air mass just above the surface. This resulted in a few hours of light freezing rain or drizzle, and ultimately light ice accretion, creating slick surfaces for a number of counties. The farther north, the airmass was cooler just above the surface, resulting in more snow mixing in with any freezing precipitation. This limited impacts for Polk, Barron, and Rusk counties.","CoCoRaHS observers reported freezing rain and light accumulation of ice near Elk Mound, Colfax, and Menomonie.",CSV
202602,28,1400,202602,28,1845,211405,1320644,WISCONSIN,55,2026,February,Winter Weather,Z,66,MILWAUKEE,MKX,28-FEB-26 14:00:00,CST-6,28-FEB-26 18:45:00,0,0,0,0,0.00K,0.00K,Trained Spotter,,,,,,,,,,,,,,,,,,,,,,An upper level low pressure area and frontal boundary brought a west to east swath of 2 to 5 inches of snow. Slick roads resulted in numerous vehicle slide-offs and accidents on highways and secondary roads.  There were major travel disruptions on the interstates and highway 18.,Snow accumulation of 1-2 inches.,CSV
202602,28,1400,202602,28,1800,211405,1320646,WISCONSIN,55,2026,February,Winter Weather,Z,60,OZAUKEE,MKX,28-FEB-26 14:00:00,CST-6,28-FEB-26 18:00:00,0,0,0,0,0.00K,0.00K,Trained Spotter,,,,,,,,,,,,,,,,,,,,,,An upper level low pressure area and frontal boundary brought a west to east swath of 2 to 5 inches of snow. Slick roads resulted in numerous vehicle slide-offs and accidents on highways and secondary roads.  There were major travel disruptions on the interstates and highway 18.,Snow accumulation of 1-2 inches in the southern portion of the county.,CSV
202602,28,1400,202602,28,1900,211405,1320647,WISCONSIN,55,2026,February,Winter Weather,Z,71,RACINE,MKX,28-FEB-26 14:00:00,CST-6,28-FEB-26 19:00:00,0,0,0,0,0.00K,0.00K,Trained Spotter,,,,,,,,,,,,,,,,,,,,,,An upper level low pressure area and frontal boundary brought a west to east swath of 2 to 5 inches of snow. Slick roads resulted in numerous vehicle slide-offs and accidents on highways and secondary roads.  There were major travel disruptions on the interstates and highway 18.,Snow accumulation of 1-2 inches in the northern portion of the county.,CSV
202602,28,1430,202602,28,1830,211405,1320648,WISCONSIN,55,2026,February,Winter Weather,Z,69,ROCK,MKX,28-FEB-26 14:30:00,CST-6,28-FEB-26 18:30:00,0,0,0,0,0.00K,0.00K,Trained Spotter,,,,,,,,,,,,,,,,,,,,,,An upper level low pressure area and frontal boundary brought a west to east swath of 2 to 5 inches of snow. Slick roads resulted in numerous vehicle slide-offs and accidents on highways and secondary roads.  There were major travel disruptions on the interstates and highway 18.,Snow accumulation of 1-2 inches in the northern portion of the county.,CSV
202602,28,1300,202602,28,1700,211405,1320649,WISCONSIN,55,2026,February,Winter Weather,Z,56,SAUK,MKX,28-FEB-26 13:00:00,CST-6,28-FEB-26 17:00:00,0,0,0,0,0.00K,0.00K,Trained Spotter,,,,,,,,,,,,,,,,,,,,,,An upper level low pressure area and frontal boundary brought a west to east swath of 2 to 5 inches of snow. Slick roads resulted in numerous vehicle slide-offs and accidents on highways and secondary roads.  There were major travel disruptions on the interstates and highway 18.,Snow accumulation of 3-6 inches in the southern portion of the county.,CSV
202602,28,1420,202602,28,1900,211405,1320650,WISCONSIN,55,2026,February,Winter Weather,Z,70,WALWORTH,MKX,28-FEB-26 14:20:00,CST-6,28-FEB-26 19:00:00,0,0,0,0,0.00K,0.00K,Trained Spotter,,,,,,,,,,,,,,,,,,,,,,An upper level low pressure area and frontal boundary brought a west to east swath of 2 to 5 inches of snow. Slick roads resulted in numerous vehicle slide-offs and accidents on highways and secondary roads.  There were major travel disruptions on the interstates and highway 18.,Snow accumulation of 1-2 inches in the northern portion of the county.,CSV
202602,28,1400,202602,28,1800,211405,1320652,WISCONSIN,55,2026,February,Winter Weather,Z,59,WASHINGTON,MKX,28-FEB-26 14:00:00,CST-6,28-FEB-26 18:00:00,0,0,0,0,0.00K,0.00K,Trained Spotter,,,,,,,,,,,,,,,,,,,,,,An upper level low pressure area and frontal boundary brought a west to east swath of 2 to 5 inches of snow. Slick roads resulted in numerous vehicle slide-offs and accidents on highways and secondary roads.  There were major travel disruptions on the interstates and highway 18.,Snow accumulation of 1-2 inches in the southern portion of the county.,CSV
202601,4,1330,202601,4,1600,209884,1308915,WISCONSIN,55,2026,January,Winter Weather,Z,28,EAU CLAIRE,MPX,04-JAN-26 13:30:00,CST-6,04-JAN-26 16:00:00,0,0,0,0,0.00K,0.00K,CoCoRaHS,,,,,,,,,,,,,,,,,,,,,,"A weather system resulted in a light wintry mix of precipitation during the afternoon of January 4th. Surface temperatures were about 5 to 10 degrees below freezing, under a slightly warmer air mass just above the surface. This resulted in a few hours of light freezing rain or drizzle, and ultimately light ice accretion, creating slick surfaces for a number of counties. The farther north, the airmass was cooler just above the surface, resulting in more snow mixing in with any freezing precipitation. This limited impacts for Polk, Barron, and Rusk counties.",The ASOS at KEAU reported two hours of light freezing precipitation during the afternoon. CoCoRaHS observers reported light ice accretion near Eleva and southwest of Eau Claire.,CSV
202601,4,1330,202601,4,1600,209884,1308916,WISCONSIN,55,2026,January,Winter Weather,Z,27,CHIPPEWA,MPX,04-JAN-26 13:30:00,CST-6,04-JAN-26 16:00:00,0,0,0,0,0.00K,0.00K,CoCoRaHS,,,,,,,,,,,,,,,,,,,,,,"A weather system resulted in a light wintry mix of precipitation during the afternoon of January 4th. Surface temperatures were about 5 to 10 degrees below freezing, under a slightly warmer air mass just above the surface. This resulted in a few hours of light freezing rain or drizzle, and ultimately light ice accretion, creating slick surfaces for a number of counties. The farther north, the airmass was cooler just above the surface, resulting in more snow mixing in with any freezing precipitation. This limited impacts for Polk, Barron, and Rusk counties.",The ASOS at KEAU reported two hours of light freezing precipitation during the afternoon. CoCoRaHS observers reported a glaze of ice in Chippewa Falls.,CSV
202601,4,1300,202601,4,1500,209884,1308918,WISCONSIN,55,2026,January,Winter Weather,Z,26,PEPIN,MPX,04-JAN-26 13:00:00,CST-6,04-JAN-26 15:00:00,0,0,0,0,0.00K,0.00K,CoCoRaHS,,,,,,,,,,,,,,,,,,,,,,"A weather system resulted in a light wintry mix of precipitation during the afternoon of January 4th. Surface temperatures were about 5 to 10 degrees below freezing, under a slightly warmer air mass just above the surface. This resulted in a few hours of light freezing rain or drizzle, and ultimately light ice accretion, creating slick surfaces for a number of counties. The farther north, the airmass was cooler just above the surface, resulting in more snow mixing in with any freezing precipitation. This limited impacts for Polk, Barron, and Rusk counties.","There were no reports within Pepin county of freezing precipitation, but given the proximity to nearby CoCoRaHS and AWOS reports it is likely that light icing occurred during the afternoon due to freezing rain or sleet.",CSV
202602,28,1400,202602,28,1830,211405,1320653,WISCONSIN,55,2026,February,Winter Weather,Z,65,WAUKESHA,MKX,28-FEB-26 14:00:00,CST-6,28-FEB-26 18:30:00,0,0,0,0,0.00K,0.00K,Trained Spotter,,,,,,,,,,,,,,,,,,,,,,An upper level low pressure area and frontal boundary brought a west to east swath of 2 to 5 inches of snow. Slick roads resulted in numerous vehicle slide-offs and accidents on highways and secondary roads.  There were major travel disruptions on the interstates and highway 18.,Snow accumulation of 1-3 inches.,CSV
202601,4,1300,202601,4,1500,209884,1308912,WISCONSIN,55,2026,January,Winter Weather,Z,23,ST. CROIX,MPX,04-JAN-26 13:00:00,CST-6,04-JAN-26 15:00:00,0,0,0,0,0.00K,0.00K,CoCoRaHS,,,,,,,,,,,,,,,,,,,,,,"A weather system resulted in a light wintry mix of precipitation during the afternoon of January 4th. Surface temperatures were about 5 to 10 degrees below freezing, under a slightly warmer air mass just above the surface. This resulted in a few hours of light freezing rain or drizzle, and ultimately light ice accretion, creating slick surfaces for a number of counties. The farther north, the airmass was cooler just above the surface, resulting in more snow mixing in with any freezing precipitation. This limited impacts for Polk, Barron, and Rusk counties.",The AWOS at KRNH reported two hours of a mixture of snow and light freezing precipitation during the afternoon. CoCoRaHS observers reported a glaze of ice near Knapp and Hudson.,CSV
